wall,sim,status,arm_joint1,arm_joint2,arm_joint3,arm_joint4,arm_joint5,r_joint,cube_z,tcp_z,cube_tcp,cube_right,cube_left
0.0017,179.1380,Opening gripper and moving camera/gripper to the visually aligned cube,-0.000090,-6.943056,-5.163269,1.700023,-0.000113,0.999999,0.020000,0.323543,0.346086,0.362254,0.359257
0.0252,179.1580,Opening gripper and moving camera/gripper to the visually aligned cube,-0.000090,-6.963056,-5.183269,1.700022,-0.000113,0.999999,0.020000,0.326302,0.349344,0.365362,0.362381
0.0492,179.1780,Opening gripper and moving camera/gripper to the visually aligned cube,-0.000090,-6.983056,-5.203269,1.700020,-0.000113,0.999999,0.020000,0.331739,0.355881,0.371589,0.368643
0.0615,179.1980,Opening gripper and moving camera/gripper to the visually aligned cube,-0.000090,-7.003056,-5.223268,1.700019,-0.000113,0.999999,0.020000,0.337063,0.362440,0.377823,0.374916
0.0819,179.2180,Opening gripper and moving camera/gripper to the visually aligned cube,-0.000090,-7.023056,-5.243268,1.700017,-0.000113,0.999999,0.020000,0.342261,0.369011,0.384055,0.381190
0.1147,179.2380,Opening gripper and moving camera/gripper to the visually aligned cube,-0.000090,-7.043056,-5.263268,1.700016,-0.000113,0.999999,0.020000,0.347325,0.375586,0.390277,0.387459
0.1334,179.2580,Opening gripper and moving camera/gripper to the visually aligned cube,-0.000090,-7.063056,-5.283267,1.700014,-0.000113,0.999999,0.020000,0.352243,0.382155,0.396482,0.393714
0.1532,179.2780,Opening gripper and moving camera/gripper to the visually aligned cube,-0.000090,-7.083056,-5.303266,1.700013,-0.000113,0.999999,0.020000,0.359325,0.391980,0.405742,0.403056
0.1720,179.2980,Opening gripper and moving camera/gripper to the visually aligned cube,-0.000090,-7.103056,-5.323266,1.700012,-0.000113,0.999999,0.020000,0.361603,0.395244,0.408813,0.406155
0.1919,179.3180,Opening gripper and moving camera/gripper to the visually aligned cube,-0.000090,-7.123056,-5.343265,1.700011,-0.000113,0.999999,0.020000,0.366025,0.401750,0.414925,0.412327
0.2146,179.3380,Opening gripper and moving camera/gripper to the visually aligned cube,-0.000090,-7.143057,-5.363265,1.700009,-0.000113,0.999999,0.020000,0.370264,0.408220,0.420993,0.418457
0.2323,179.3580,Opening gripper and moving camera/gripper to the visually aligned cube,-0.000090,-7.163057,-5.383264,1.700008,-0.000113,0.999999,0.020000,0.374309,0.414647,0.427011,0.424540
0.2539,179.3780,Opening gripper and moving camera/gripper to the visually aligned cube,-0.000090,-7.183057,-5.403263,1.700007,-0.000113,0.999999,0.020000,0.379996,0.424193,0.435931,0.433561
0.2736,179.3980,Opening gripper and moving camera/gripper to the visually aligned cube,-0.000090,-7.203057,-5.423263,1.700006,-0.000114,0.999999,0.020000,0.381786,0.427347,0.438874,0.436538
0.2948,179.4180,Opening gripper and moving camera/gripper to the visually aligned cube,-0.000090,-7.223057,-5.443262,1.699975,-0.000114,0.999999,0.020000,0.386839,0.436727,0.447609,0.445381
0.3141,179.4380,Opening gripper and moving camera/gripper to the visually aligned cube,-0.000090,-7.243057,-5.463261,1.699885,-0.000114,0.999999,0.020000,0.388414,0.439824,0.450487,0.448296
0.3354,179.4580,Opening gripper and moving camera/gripper to the visually aligned cube,-0.000090,-7.263057,-5.483260,1.699736,-0.000114,0.999999,0.020000,0.391393,0.445967,0.456190,0.454075
0.3567,179.4780,Opening gripper and moving camera/gripper to the visually aligned cube,-0.000090,-7.283057,-5.503260,1.699531,-0.000114,0.999999,0.020000,0.395422,0.455048,0.464602,0.462604
0.3768,179.4980,Opening gripper and moving camera/gripper to the visually aligned cube,-0.000090,-7.303058,-5.523259,1.699269,-0.000114,0.999999,0.020000,0.397804,0.461006,0.470109,0.468191
0.3957,179.5180,Opening gripper and moving camera/gripper to the visually aligned cube,-0.000090,-7.323058,-5.543258,1.698953,-0.000114,0.999999,0.020000,0.398902,0.463955,0.472830,0.470952
0.4232,179.5380,Opening gripper and moving camera/gripper to the visually aligned cube,-0.000090,-7.343058,-5.563258,1.698583,-0.000114,0.999999,0.020000,0.401809,0.472670,0.480858,0.479105
0.4365,179.5580,Opening gripper and moving camera/gripper to the visually aligned cube,-0.000090,-7.363058,-5.583257,1.698160,-0.000114,0.999999,0.020000,0.402647,0.475529,0.483488,0.481776
0.4567,179.5780,Opening gripper and moving camera/gripper to the visually aligned cube,-0.000090,-7.383058,-5.603256,1.697684,-0.000114,0.999999,0.020000,0.404123,0.481178,0.488673,0.487047
0.4760,179.5980,Opening gripper and moving camera/gripper to the visually aligned cube,-0.000090,-7.403059,-5.623256,1.697157,-0.000114,0.999999,0.020000,0.405326,0.486727,0.493757,0.492218
0.5032,179.6180,Opening gripper and moving camera/gripper to the visually aligned cube,-0.000090,-7.423059,-5.643255,1.696578,-0.000114,0.999999,0.020000,0.406610,0.494858,0.501186,0.499779
0.5241,179.6380,Opening gripper and moving camera/gripper to the visually aligned cube,-0.000090,-7.443059,-5.663255,1.695949,-0.000114,0.999999,0.020000,0.407110,0.500144,0.506001,0.504684
0.5480,179.6580,Opening gripper and moving camera/gripper to the visually aligned cube,-0.000090,-7.463060,-5.683254,1.695270,-0.000114,0.999999,0.020000,0.407321,0.505316,0.510702,0.509476
0.5698,179.6780,Opening gripper and moving camera/gripper to the visually aligned cube,0.000090,-7.483060,-5.703254,1.694541,-0.000114,0.999999,0.020000,0.407317,0.507859,0.513012,0.511826
0.5947,179.6980,Opening gripper and moving camera/gripper to the visually aligned cube,-0.000113,-7.503061,-5.723253,1.693762,-0.000114,0.999999,0.020000,0.407088,0.512855,0.517533,0.516443
0.6139,179.7180,Opening gripper and moving camera/gripper to the visually aligned cube,-0.000096,-7.523061,-5.743252,1.692936,-0.000114,0.999999,0.020000,0.406183,0.520119,0.524087,0.523137
0.6324,179.7380,Opening gripper and moving camera/gripper to the visually aligned cube,-0.000093,-7.543062,-5.763252,1.692061,-0.000114,0.999999,0.020000,0.405203,0.524803,0.528297,0.527441
0.6526,179.7580,Opening gripper and moving camera/gripper to the visually aligned cube,-0.000091,-7.563062,-5.783251,1.691139,-0.000113,0.999999,0.020000,0.404598,0.527096,0.530353,0.529545
0.6718,179.7780,Opening gripper and moving camera/gripper to the visually aligned cube,-0.000091,-7.583063,-5.803251,1.690170,-0.000113,1.000000,0.020000,0.403160,0.531582,0.534366,0.533653
0.6960,179.7980,Opening gripper and moving camera/gripper to the visually aligned cube,-0.000090,-7.603063,-5.823250,1.689154,-0.000113,1.000000,0.020000,0.400426,0.538055,0.540130,0.539561
0.7160,179.8180,Opening gripper and moving camera/gripper to the visually aligned cube,-0.000090,-7.623064,-5.843250,1.688093,-0.000113,1.000000,0.020000,0.398217,0.542195,0.543798,0.543326
0.7401,179.8380,Opening gripper and moving camera/gripper to the visually aligned cube,-0.000090,-7.643065,-5.863249,1.686987,-0.000113,1.000000,0.020000,0.395699,0.546191,0.547326,0.546947
0.7549,179.8580,Opening gripper and moving camera/gripper to the visually aligned cube,-0.000089,-7.663065,-5.883248,1.685836,-0.000112,1.000000,0.020000,0.392871,0.550039,0.550708,0.550422
0.7710,179.8780,Opening gripper and moving camera/gripper to the visually aligned cube,-0.000089,-7.683066,-5.903248,1.684640,-0.000112,1.000000,0.020000,0.391342,0.551907,0.552344,0.552105
0.7932,179.8980,Opening gripper and moving camera/gripper to the visually aligned cube,-0.000089,-7.703067,-5.923247,1.683402,-0.000112,1.000000,0.020000,0.388052,0.555530,0.555502,0.555358
0.8122,179.9180,Opening gripper and moving camera/gripper to the visually aligned cube,-0.000089,-7.723068,-5.943246,1.682120,-0.000112,1.000000,0.020000,0.384454,0.558998,0.558509,0.558459
0.8326,179.9380,Opening gripper and moving camera/gripper to the visually aligned cube,-0.000089,-7.743068,-5.963245,1.680796,-0.000112,1.000000,0.020000,0.378477,0.563912,0.562732,0.562824
0.8517,179.9580,Opening gripper and moving camera/gripper to the visually aligned cube,-0.000080,-7.763096,-5.983243,1.679430,-0.000111,1.000000,0.020000,0.374123,0.566988,0.565349,0.565535
0.8718,179.9780,Opening gripper and moving camera/gripper to the visually aligned cube,-0.000083,-7.783074,-6.003242,1.678024,-0.000111,1.000000,0.020000,0.371832,0.568462,0.566598,0.566830
0.8922,179.9980,Opening gripper and moving camera/gripper to the visually aligned cube,-0.000088,-7.803071,-6.023241,1.676576,-0.000111,1.000000,0.020000,0.364513,0.572636,0.570100,0.570474
0.9125,180.0180,Opening gripper and moving camera/gripper to the visually aligned cube,-0.000090,-7.823071,-6.043240,1.675087,-0.000111,1.000000,0.020000,0.361926,0.573943,0.571185,0.571606
0.9322,180.0380,Opening gripper and moving camera/gripper to the visually aligned cube,-0.000090,-7.843072,-6.063240,1.673559,-0.000111,1.000000,0.020000,0.356536,0.576429,0.573230,0.573747
0.9542,180.0580,Opening gripper and moving camera/gripper to the visually aligned cube,-0.000090,-7.863073,-6.083239,1.671992,-0.000110,1.000000,0.020000,0.347917,0.579836,0.575984,0.576642
0.9728,180.0780,Opening gripper and moving camera/gripper to the visually aligned cube,-0.000090,-7.883074,-6.103238,1.670387,-0.000110,1.000000,0.020000,0.341824,0.581890,0.577606,0.578359
0.9947,180.0980,Opening gripper and moving camera/gripper to the visually aligned cube,-0.000090,-7.903075,-6.123237,1.668744,-0.000110,1.000000,0.020000,0.335458,0.583766,0.579057,0.579903
1.0138,180.1180,Opening gripper and moving camera/gripper to the visually aligned cube,-0.000090,-7.923076,-6.143236,1.667063,-0.000109,1.000000,0.020000,0.328828,0.585463,0.580333,0.581273
1.0365,180.1380,Opening gripper and moving camera/gripper to the visually aligned cube,-0.000090,-7.943077,-6.163235,1.665345,-0.000109,1.000000,0.020000,0.325415,0.586244,0.580905,0.581893
1.0607,180.1580,Opening gripper and moving camera/gripper to the visually aligned cube,-0.000090,-7.963078,-6.183234,1.663591,-0.000109,1.000000,0.020000,0.314799,0.588315,0.582358,0.583484
1.0811,180.1780,Opening gripper and moving camera/gripper to the visually aligned cube,-0.000090,-7.983079,-6.203232,1.661802,-0.000108,1.000000,0.020000,0.311137,0.588913,0.582753,0.583926
1.0956,180.1980,Opening gripper and moving camera/gripper to the visually aligned cube,-0.000091,-8.003080,-6.223231,1.659977,-0.000108,1.000000,0.020000,0.303634,0.589971,0.583408,0.584673
1.1217,180.2180,Opening gripper and moving camera/gripper to the visually aligned cube,-0.000091,-8.023081,-6.243230,1.658118,-0.000107,1.000000,0.020000,0.291949,0.591208,0.584052,0.585455
1.1403,180.2380,Opening gripper and moving camera/gripper to the visually aligned cube,-0.000091,-8.043082,-6.263229,1.656224,-0.000107,1.000000,0.020000,0.283884,0.591798,0.584254,0.585748
1.1572,180.2580,Opening gripper and moving camera/gripper to the visually aligned cube,-0.000091,-8.063083,-6.283264,1.654298,-0.000107,1.000000,0.020000,0.279778,0.592020,0.584285,0.585823
1.1764,180.2780,Opening gripper and moving camera/gripper to the visually aligned cube,-0.000092,-8.083084,-6.303226,1.652338,-0.000106,1.000000,0.020000,0.271399,0.592326,0.584213,0.585841
1.1973,180.2980,Opening gripper and moving camera/gripper to the visually aligned cube,-0.000090,-8.103109,-6.323225,1.650346,-0.000106,1.000000,0.020000,0.262822,0.592448,0.583951,0.585669
1.2170,180.3180,Opening gripper and moving camera/gripper to the visually aligned cube,-0.000090,-8.123090,-6.343221,1.648323,-0.000106,1.000001,0.020000,0.254072,0.592371,0.583508,0.585314
1.2360,180.3380,Opening gripper and moving camera/gripper to the visually aligned cube,-0.000091,-8.143087,-6.363220,1.646268,-0.000105,1.000001,0.020000,0.245147,0.592097,0.582879,0.584770
1.2560,180.3580,Opening gripper and moving camera/gripper to the visually aligned cube,-0.000091,-8.163087,-6.383219,1.644181,-0.000105,1.000001,0.020000,0.236062,0.591628,0.582062,0.584039
1.2805,180.3780,Opening gripper and moving camera/gripper to the visually aligned cube,-0.000092,-8.183088,-6.403218,1.642065,-0.000104,1.000001,0.020000,0.222156,0.590558,0.580485,0.582587
1.2961,180.3980,Opening gripper and moving camera/gripper to the visually aligned cube,-0.000092,-8.203090,-6.423216,1.639919,-0.000104,1.000001,0.020000,0.217453,0.590103,0.579865,0.582008
1.3203,180.4180,Opening gripper and moving camera/gripper to the visually aligned cube,-0.000092,-8.223091,-6.443215,1.637744,-0.000103,1.000001,0.020000,0.207954,0.589047,0.578483,0.580708
1.3371,180.4380,Opening gripper and moving camera/gripper to the visually aligned cube,-0.000093,-8.243092,-6.463213,1.635541,-0.000103,1.000001,0.020000,0.198341,0.587793,0.576912,0.579218
1.3634,180.4580,Opening gripper and moving camera/gripper to the visually aligned cube,-0.000093,-8.263093,-6.483212,1.633310,-0.000102,1.000001,0.020000,0.183738,0.585541,0.574200,0.576625
1.3886,180.4780,Opening gripper and moving camera/gripper to the visually aligned cube,-0.000093,-8.283094,-6.503210,1.631051,-0.000102,1.000001,0.020000,0.173898,0.583792,0.572156,0.574658
1.4038,180.4980,Opening gripper and moving camera/gripper to the visually aligned cube,-0.000094,-8.303095,-6.523208,1.628766,-0.000101,1.000001,0.020000,0.163990,0.581845,0.569922,0.572500
1.4284,180.5180,Opening gripper and moving camera/gripper to the visually aligned cube,-0.000094,-8.323096,-6.543207,1.626454,-0.000101,1.000001,0.020000,0.159015,0.580797,0.568734,0.571350
1.4490,180.5380,Opening gripper and moving camera/gripper to the visually aligned cube,-0.000094,-8.343097,-6.563205,1.624117,-0.000100,1.000002,0.020000,0.144025,0.577356,0.564887,0.567612
1.4697,180.5580,Opening gripper and moving camera/gripper to the visually aligned cube,-0.000095,-8.363098,-6.583203,1.621754,-0.000100,1.000002,0.020000,0.139013,0.576110,0.563509,0.566271
1.4975,180.5780,Opening gripper and moving camera/gripper to the visually aligned cube,-0.000095,-8.383100,-6.603201,1.619367,-0.000099,1.000002,0.020000,0.128976,0.573469,0.560610,0.563442
1.5179,180.5980,Opening gripper and moving camera/gripper to the visually aligned cube,-0.000095,-8.403100,-6.623200,1.616956,-0.000099,1.000002,0.020000,0.118933,0.570630,0.557524,0.560424
1.5447,180.6180,Opening gripper and moving camera/gripper to the visually aligned cube,0.009493,-8.400968,-6.649313,1.625966,0.002053,0.999845,0.020000,0.099717,0.562971,0.556151,0.560036
1.5604,180.6380,Opening gripper and moving camera/gripper to the visually aligned cube,0.034483,-8.397393,-6.685322,1.628659,0.004261,1.000502,0.020000,0.085180,0.554370,0.557188,0.561565
1.5844,180.6580,Opening gripper and moving camera/gripper to the visually aligned cube,0.075413,-8.378941,-6.732675,1.641828,0.026293,0.993933,0.020000,0.071947,0.541620,0.549111,0.549879
1.6113,180.6780,Opening gripper and moving camera/gripper to the visually aligned cube,0.121718,-8.383867,-6.792386,1.646559,0.017262,1.001046,0.020000,0.064705,0.534200,0.520469,0.543909
1.6259,180.6980,Opening gripper and moving camera/gripper to the visually aligned cube,0.150717,-8.409448,-6.821719,1.638972,0.014977,1.000751,0.020000,0.061229,0.526859,0.526150,0.476454
1.6482,180.7180,Grasp descent wrist guard stopped collision rotation: joint5=-0.035 rad; limit=0.035 rad; backing off to the recent pre-contact approach pose,0.177370,-8.418211,-6.848842,1.658831,-0.035360,0.999402,0.020000,0.056735,0.506185,0.465532,0.513974
1.6719,180.7380,Grasp descent wrist guard stopped collision rotation: joint5=-0.035 rad; limit=0.035 rad; backing off to the recent pre-contact approach pose,0.196241,-8.428115,-6.873359,1.669243,-0.054135,0.998114,0.020000,0.051470,0.485126,0.497435,0.467920
1.6882,180.7580,Grasp descent wrist guard stopped collision rotation: joint5=-0.035 rad; limit=0.035 rad; backing off to the recent pre-contact approach pose,0.228676,-8.436360,-6.918777,1.650106,-0.055040,0.997992,0.020000,0.048540,0.474383,0.481849,0.485171
1.7088,180.7780,Grasp descent wrist guard stopped collision rotation: joint5=-0.035 rad; limit=0.035 rad; backing off to the recent pre-contact approach pose,0.255674,-8.431686,-6.974812,1.620082,-0.071086,1.011996,0.020000,0.050087,0.438414,0.385900,0.435106
1.7279,180.7980,Grasp descent wrist guard stopped collision rotation: joint5=-0.035 rad; limit=0.035 rad; backing off to the recent pre-contact approach pose,0.284166,-8.460901,-7.019469,1.605743,-0.084583,0.996751,0.020000,0.053859,0.426532,0.416514,0.362901
1.7500,180.8180,Grasp descent wrist guard stopped collision rotation: joint5=-0.035 rad; limit=0.035 rad; backing off to the recent pre-contact approach pose,0.288523,-8.503864,-7.040129,1.599352,-0.071449,0.998677,0.020000,0.051659,0.421461,0.416460,0.415973
1.7743,180.8380,Grasp descent wrist guard stopped collision rotation: joint5=-0.035 rad; limit=0.035 rad; backing off to the recent pre-contact approach pose,0.283912,-8.524735,-7.068816,1.597091,-0.064581,0.999512,0.020000,0.053295,0.422579,0.415467,0.416921
1.7935,180.8580,Grasp descent wrist guard stopped collision rotation: joint5=-0.035 rad; limit=0.035 rad; backing off to the recent pre-contact approach pose,0.277302,-8.564254,-6.964517,1.525000,-0.064236,1.000623,0.020000,0.052770,0.406247,0.403040,0.401252
1.8206,180.8780,Grasp descent wrist guard stopped collision rotation: joint5=-0.035 rad; limit=0.035 rad; backing off to the recent pre-contact approach pose,0.278841,-8.578286,-7.074462,1.588473,-0.043571,1.000250,0.020000,0.052510,0.410808,0.361029,0.409661
1.8497,180.8980,Grasp descent wrist guard stopped collision rotation: joint5=-0.035 rad; limit=0.035 rad; backing off to the recent pre-contact approach pose,0.258308,-8.634698,-7.110794,1.617056,-0.034697,1.002634,0.020000,0.039696,0.410133,0.385943,0.350023
1.8689,180.9180,Grasp descent wrist guard stopped collision rotation: joint5=-0.035 rad; limit=0.035 rad; backing off to the recent pre-contact approach pose,0.278230,-8.599854,-7.113522,1.586488,-0.042357,0.999033,0.020000,0.043475,0.400018,0.374811,0.371306
1.8957,180.9380,Grasp descent wrist guard stopped collision rotation: joint5=-0.035 rad; limit=0.035 rad; backing off to the recent pre-contact approach pose,0.281995,-8.628516,-7.134476,1.592559,-0.027860,1.000375,0.020000,0.041846,0.396171,0.376556,0.361397
1.9125,180.9580,Grasp descent wrist guard stopped collision rotation: joint5=-0.035 rad; limit=0.035 rad; backing off to the recent pre-contact approach pose,0.255741,-8.655669,-7.188130,1.616953,-0.024444,1.000501,0.020000,0.040720,0.407836,0.350229,0.381843
1.9405,180.9780,Grasp descent wrist guard stopped collision rotation: joint5=-0.035 rad; limit=0.035 rad; backing off to the recent pre-contact approach pose,0.261871,-8.662591,-7.175000,1.602175,-0.035822,1.001145,0.020000,0.037388,0.400213,0.378653,0.371433
1.9862,180.9980,Grasp descent wrist guard stopped collision rotation: joint5=-0.035 rad; limit=0.035 rad; backing off to the recent pre-contact approach pose,0.234962,-8.689790,-7.146343,1.631487,-0.033232,1.002238,0.020000,0.032193,0.417655,0.381175,0.414598
2.0129,181.0180,Grasp descent wrist guard stopped collision rotation: joint5=-0.035 rad; limit=0.035 rad; backing off to the recent pre-contact approach pose,0.254758,-8.599711,-7.141753,1.596556,-0.051012,1.000694,0.020000,0.046838,0.429667,0.425743,0.425849
2.0359,181.0380,Grasp descent wrist guard stopped collision rotation: joint5=-0.035 rad; limit=0.035 rad; backing off to the recent pre-contact approach pose,0.257475,-8.603337,-7.118126,1.606972,-0.028541,1.000935,0.020000,0.044989,0.423314,0.372357,0.415972
2.0620,181.0580,Grasp descent wrist guard stopped collision rotation: joint5=-0.035 rad; limit=0.035 rad; backing off to the recent pre-contact approach pose,0.251378,-8.577698,-7.097463,1.604804,-0.044949,1.000363,0.020000,0.049794,0.430738,0.427007,0.418993
2.0886,181.0780,Grasp descent wrist guard stopped collision rotation: joint5=-0.035 rad; limit=0.035 rad; backing off to the recent pre-contact approach pose,0.259780,-8.553828,-7.076818,1.597159,-0.041556,1.000426,0.020000,0.058944,0.446144,0.438030,0.431942
2.1082,181.0980,Grasp descent wrist guard stopped collision rotation: joint5=-0.035 rad; limit=0.035 rad; backing off to the recent pre-contact approach pose,0.248600,-8.562987,-6.963011,1.537593,-0.062507,1.000335,0.020000,0.062023,0.446426,0.431187,0.428980
2.1328,181.1180,Grasp descent wrist guard stopped collision rotation: joint5=-0.035 rad; limit=0.035 rad; backing off to the recent pre-contact approach pose,0.255198,-8.524496,-7.018477,1.595368,-0.059303,1.000234,0.020000,0.062445,0.441952,0.427481,0.421701
2.1619,181.1380,Grasp descent wrist guard stopped collision rotation: joint5=-0.035 rad; limit=0.035 rad; backing off to the recent pre-contact approach pose,0.254184,-8.493758,-7.002604,1.599125,-0.064576,1.000343,0.020000,0.070906,0.456756,0.433875,0.448724
2.1884,181.1580,Grasp descent wrist guard stopped collision rotation: joint5=-0.035 rad; limit=0.035 rad; backing off to the recent pre-contact approach pose,0.242277,-8.488474,-6.984710,1.597424,-0.072829,1.000200,0.020000,0.072334,0.453793,0.432183,0.435746
2.2202,181.1780,Grasp descent wrist guard stopped collision rotation: joint5=-0.035 rad; limit=0.035 rad; backing off to the recent pre-contact approach pose,0.224614,-8.442471,-6.986822,1.589071,-0.064022,1.000000,0.020000,0.079871,0.466615,0.437527,0.443497
2.2362,181.1980,Grasp descent wrist guard stopped collision rotation: joint5=-0.035 rad; limit=0.035 rad; backing off to the recent pre-contact approach pose,0.223432,-8.452055,-6.926173,1.595930,-0.070719,0.990384,0.020000,0.084362,0.470130,0.443239,0.442019
2.2692,181.2180,Grasp descent wrist guard stopped collision rotation: joint5=-0.035 rad; limit=0.035 rad; backing off to the recent pre-contact approach pose,0.227120,-8.435612,-6.903860,1.590407,-0.081892,0.970060,0.020000,0.086493,0.466808,0.447835,0.436865
2.2893,181.2380,Grasp descent wrist guard stopped collision rotation: joint5=-0.035 rad; limit=0.035 rad; backing off to the recent pre-contact approach pose,0.206969,-8.452422,-6.799116,1.559292,-0.103491,0.950430,0.020000,0.091219,0.469259,0.449686,0.446780
2.3095,181.2580,Grasp descent wrist guard stopped collision rotation: joint5=-0.035 rad; limit=0.035 rad; backing off to the recent pre-contact approach pose,0.201529,-8.431144,-6.839370,1.643888,-0.054297,0.930958,0.020000,0.092270,0.490748,0.472026,0.472783
2.3301,181.2780,Grasp descent wrist guard stopped collision rotation: joint5=-0.035 rad; limit=0.035 rad; backing off to the recent pre-contact approach pose,0.159757,-8.395742,-6.809526,1.626866,-0.033244,0.905915,0.020000,0.095251,0.506343,0.457943,0.485239
2.3509,181.2980,Grasp descent wrist guard stopped collision rotation: joint5=-0.035 rad; limit=0.035 rad; backing off to the recent pre-contact approach pose,0.133092,-8.439472,-6.717380,1.609093,-0.018499,0.890357,0.020000,0.102403,0.524004,0.505217,0.500209
2.3704,181.3180,Grasp descent wrist guard stopped collision rotation: joint5=-0.035 rad; limit=0.035 rad; backing off to the recent pre-contact approach pose,0.119564,-8.392762,-6.740716,1.641122,-0.012910,0.870945,0.020000,0.114163,0.542535,0.528215,0.524114
2.3903,181.3380,Grasp descent wrist guard stopped collision rotation: joint5=-0.035 rad; limit=0.035 rad; backing off to the recent pre-contact approach pose,0.089699,-8.385343,-6.706798,1.637666,-0.012469,0.850432,0.020000,0.123539,0.552740,0.538658,0.538544
2.4115,181.3580,Grasp descent wrist guard stopped collision rotation: joint5=-0.035 rad; limit=0.035 rad; backing off to the recent pre-contact approach pose,0.066116,-8.380073,-6.651773,1.613780,-0.012504,0.830568,0.020000,0.125007,0.554197,0.541823,0.542406
2.4307,181.3780,Grasp descent wrist guard stopped collision rotation: joint5=-0.035 rad; limit=0.035 rad; backing off to the recent pre-contact approach pose,0.048317,-8.381753,-6.630465,1.615038,-0.012375,0.810644,0.020000,0.128526,0.559240,0.548154,0.551772
2.4499,181.3980,Grasp descent wrist guard stopped collision rotation: joint5=-0.035 rad; limit=0.035 rad; backing off to the recent pre-contact approach pose,0.035150,-8.382759,-6.609115,1.615997,-0.012380,0.790681,0.020000,0.130634,0.563228,0.551311,0.564999
2.4713,181.4180,Grasp descent wrist guard stopped collision rotation: joint5=-0.035 rad; limit=0.035 rad; backing off to the recent pre-contact approach pose,0.025574,-8.383489,-6.607563,1.616737,-0.012208,0.770641,0.020000,0.131232,0.567896,0.552535,0.556501
2.4931,181.4380,Grasp descent wrist guard stopped collision rotation: joint5=-0.035 rad; limit=0.035 rad; backing off to the recent pre-contact approach pose,0.018753,-8.383833,-6.606431,1.617374,-0.011930,0.760594,0.020000,0.131455,0.568800,0.552109,0.562935
2.5123,181.4580,Grasp descent wrist guard stopped collision rotation: joint5=-0.035 rad; limit=0.035 rad; backing off to the recent pre-contact approach pose,0.014030,-8.383919,-6.605515,1.617866,-0.011685,0.760607,0.020000,0.132121,0.571524,0.553339,0.562325
2.5393,181.4780,Grasp descent wrist guard stopped collision rotation: joint5=-0.035 rad; limit=0.035 rad; backing off to the recent pre-contact approach pose,-0.005872,-8.383813,-6.604847,1.618209,-0.011411,0.760612,0.020000,0.132480,0.572924,0.554557,0.562595
2.5624,181.4980,Grasp descent wrist guard stopped collision rotation: joint5=-0.035 rad; limit=0.035 rad; backing off to the recent pre-contact approach pose,0.003466,-8.383804,-6.604293,1.618539,-0.011115,0.760590,0.020000,0.132773,0.573919,0.555790,0.563027
2.5826,181.5180,Grasp descent wrist guard stopped collision rotation: joint5=-0.035 rad; limit=0.035 rad; backing off to the recent pre-contact approach pose,0.002029,-8.383764,-6.603895,1.618785,-0.010763,0.760550,0.020000,0.133001,0.574681,0.557023,0.563386
2.6012,181.5380,Grasp descent wrist guard stopped collision rotation: joint5=-0.035 rad; limit=0.035 rad; backing off to the recent pre-contact approach pose,0.001944,-8.383649,-6.603601,1.618962,-0.010390,0.760544,0.020000,0.133168,0.575217,0.558221,0.563919
2.6237,181.5580,Grasp descent wrist guard stopped collision rotation: joint5=-0.035 rad; limit=0.035 rad; backing off to the recent pre-contact approach pose,0.002163,-8.383562,-6.603396,1.619095,-0.009995,0.760521,0.020000,0.133287,0.575585,0.559382,0.564556
2.6409,181.5780,Grasp descent wrist guard stopped collision rotation: joint5=-0.035 rad; limit=0.035 rad; backing off to the recent pre-contact approach pose,0.002096,-8.383483,-6.603255,1.619193,-0.009584,0.760497,0.020000,0.133321,0.575728,0.559844,0.565031
2.6720,181.5980,Grasp descent wrist guard stopped collision rotation: joint5=-0.035 rad; limit=0.035 rad; backing off to the recent pre-contact approach pose,0.001983,-8.383415,-6.603161,1.619263,-0.009163,0.760473,0.020000,0.133417,0.575985,0.561576,0.565880
2.6887,181.6180,Grasp descent wrist guard stopped collision rotation: joint5=-0.035 rad; limit=0.035 rad; backing off to the recent pre-contact approach pose,0.001864,-8.383358,-6.603100,1.619314,-0.008740,0.760450,0.020000,0.133426,0.576043,0.561996,0.566300
2.7071,181.6380,Grasp descent wrist guard stopped collision rotation: joint5=-0.035 rad; limit=0.035 rad; backing off to the recent pre-contact approach pose,0.001747,-8.383312,-6.603064,1.619349,-0.008320,0.760427,0.020000,0.133449,0.576106,0.562997,0.566827
2.7304,181.6580,Grasp descent wrist guard stopped collision rotation: joint5=-0.035 rad; limit=0.035 rad; backing off to the recent pre-contact approach pose,0.001636,-8.383275,-6.603045,1.619374,-0.007907,0.760405,0.020000,0.133467,0.576124,0.564484,0.567358
2.7529,181.6780,Grasp descent wrist guard stopped collision rotation: joint5=-0.035 rad; limit=0.035 rad; backing off to the recent pre-contact approach pose,0.001533,-8.383245,-6.603037,1.619390,-0.007505,0.760384,0.020000,0.133466,0.576109,0.565333,0.567697
2.7761,181.6980,Grasp descent wrist guard stopped collision rotation: joint5=-0.035 rad; limit=0.035 rad; backing off to the recent pre-contact approach pose,0.001437,-8.383221,-6.603038,1.619401,-0.007117,0.760364,0.020000,0.133461,0.576077,0.566116,0.567980
2.7910,181.7180,Grasp descent wrist guard stopped collision rotation: joint5=-0.035 rad; limit=0.035 rad; backing off to the recent pre-contact approach pose,0.001348,-8.383203,-6.603043,1.619407,-0.006745,0.760346,0.020000,0.133454,0.576061,0.566398,0.568190
2.8198,181.7380,Grasp descent wrist guard stopped collision rotation: joint5=-0.035 rad; limit=0.035 rad; backing off to the recent pre-contact approach pose,0.001264,-8.383189,-6.603052,1.619411,-0.006390,0.760329,0.020000,0.133449,0.575988,0.567459,0.568434
2.8330,181.7580,Grasp descent wrist guard stopped collision rotation: joint5=-0.035 rad; limit=0.035 rad; backing off to the recent pre-contact approach pose,0.001187,-8.383177,-6.603062,1.619413,-0.006053,0.760313,0.020000,0.133442,0.575966,0.567672,0.568605
2.8534,181.7780,Grasp descent wrist guard stopped collision rotation: joint5=-0.035 rad; limit=0.035 rad; backing off to the recent pre-contact approach pose,0.001080,-8.383123,-6.603080,1.619412,-0.005746,0.760300,0.020000,0.133430,0.575899,0.568184,0.568777
2.8741,181.7980,Grasp descent wrist guard stopped collision rotation: joint5=-0.035 rad; limit=0.035 rad; backing off to the recent pre-contact approach pose,0.001023,-8.383110,-6.603100,1.619406,-0.005444,0.760286,0.020000,0.133419,0.575830,0.568615,0.568935
2.8928,181.8180,Grasp descent wrist guard stopped collision rotation: joint5=-0.035 rad; limit=0.035 rad; backing off to the recent pre-contact approach pose,0.000971,-8.383105,-6.603118,1.619401,-0.005158,0.760273,0.020000,0.133410,0.575764,0.568963,0.569085
2.9130,181.8380,Grasp descent wrist guard stopped collision rotation: joint5=-0.035 rad; limit=0.035 rad; backing off to the recent pre-contact approach pose,0.000918,-8.383102,-6.603133,1.619397,-0.004888,0.760261,0.020000,0.133405,0.575704,0.569230,0.569231
2.9335,181.8580,Grasp descent wrist guard stopped collision rotation: joint5=-0.035 rad; limit=0.035 rad; backing off to the recent pre-contact approach pose,0.000867,-8.383100,-6.603146,1.619394,-0.004633,0.760250,0.020000,0.133402,0.575649,0.569421,0.569373
2.9541,181.8780,Grasp descent wrist guard stopped collision rotation: joint5=-0.035 rad; limit=0.035 rad; backing off to the recent pre-contact approach pose,0.000817,-8.383098,-6.603158,1.619391,-0.004392,0.760239,0.020000,0.133401,0.575598,0.569542,0.569512
2.9748,181.8980,Grasp descent wrist guard stopped collision rotation: joint5=-0.035 rad; limit=0.035 rad; backing off to the recent pre-contact approach pose,0.000769,-8.383097,-6.603168,1.619388,-0.004166,0.760229,0.020000,0.133404,0.575527,0.569660,0.569669
2.9938,181.9180,Grasp descent wrist guard stopped collision rotation: joint5=-0.035 rad; limit=0.035 rad; backing off to the recent pre-contact approach pose,0.000723,-8.383096,-6.603176,1.619385,-0.003952,0.760219,0.020000,0.133407,0.575486,0.569639,0.569800
3.0143,181.9380,Grasp descent wrist guard stopped collision rotation: joint5=-0.035 rad; limit=0.035 rad; backing off to the recent pre-contact approach pose,0.000679,-8.383094,-6.603184,1.619383,-0.003750,0.760209,0.020000,0.133411,0.575447,0.569579,0.569924
3.0386,181.9580,Grasp descent wrist guard stopped collision rotation: joint5=-0.035 rad; limit=0.035 rad; backing off to the recent pre-contact approach pose,0.000638,-8.383093,-6.603190,1.619381,-0.003558,0.760200,0.020000,0.133412,0.575430,0.569492,0.570023
3.0634,181.9780,Grasp descent wrist guard stopped collision rotation: joint5=-0.035 rad; limit=0.035 rad; backing off to the recent pre-contact approach pose,0.000599,-8.383093,-6.603195,1.619381,-0.003387,0.760191,0.020000,0.133417,0.575396,0.569423,0.570135
3.0932,181.9980,Grasp descent wrist guard stopped collision rotation: joint5=-0.035 rad; limit=0.035 rad; backing off to the recent pre-contact approach pose,0.000561,-8.383090,-6.603201,1.619378,-0.003207,0.760180,0.020000,0.133422,0.575363,0.569330,0.570234
3.1162,182.0180,Grasp descent wrist guard stopped collision rotation: joint5=-0.035 rad; limit=0.035 rad; backing off to the recent pre-contact approach pose,0.000526,-8.383089,-6.603206,1.619377,-0.003039,0.760172,0.020000,0.133428,0.575332,0.569222,0.570323
3.1400,182.0380,Grasp descent wrist guard stopped collision rotation: joint5=-0.035 rad; limit=0.035 rad; backing off to the recent pre-contact approach pose,0.000493,-8.383089,-6.603210,1.619375,-0.002880,0.760163,0.020000,0.133434,0.575303,0.569105,0.570401
3.1725,182.0580,Grasp descent wrist guard stopped collision rotation: joint5=-0.035 rad; limit=0.035 rad; backing off to the recent pre-contact approach pose,0.000462,-8.383088,-6.603214,1.619374,-0.002730,0.760155,0.020000,0.133445,0.575263,0.568962,0.570464
3.1899,182.0780,Grasp descent wrist guard stopped collision rotation: joint5=-0.035 rad; limit=0.035 rad; backing off to the recent pre-contact approach pose,0.000432,-8.383081,-6.603217,1.619372,-0.002582,0.760143,0.020000,0.133447,0.575250,0.568917,0.570518
3.2100,182.0980,Grasp descent wrist guard stopped collision rotation: joint5=-0.035 rad; limit=0.035 rad; backing off to the recent pre-contact approach pose,0.000405,-8.383086,-6.603221,1.619371,-0.002447,0.760139,0.020000,0.133453,0.575225,0.568842,0.570559
3.2356,182.1180,Grasp descent wrist guard stopped collision rotation: joint5=-0.035 rad; limit=0.035 rad; backing off to the recent pre-contact approach pose,0.000379,-8.383088,-6.603223,1.619371,-0.002319,0.760132,0.020000,0.133461,0.575204,0.568743,0.570589
3.2579,182.1380,Grasp descent wrist guard stopped collision rotation: joint5=-0.035 rad; limit=0.035 rad; backing off to the recent pre-contact approach pose,0.000353,-8.383087,-6.603225,1.619370,-0.002197,0.760124,0.020000,0.133474,0.575177,0.568626,0.570593
3.2797,182.1580,Grasp descent wrist guard stopped collision rotation: joint5=-0.035 rad; limit=0.035 rad; backing off to the recent pre-contact approach pose,0.000329,-8.383061,-6.603243,1.619343,-0.002080,0.760117,0.020000,0.133482,0.575181,0.568561,0.570634
3.3196,182.1880,Grasp descent wrist guard stopped collision rotation: joint5=-0.035 rad; limit=0.035 rad; backing off to the recent pre-contact approach pose,0.000286,-8.382458,-6.603647,1.618736,-0.001865,0.760105,0.020000,0.133526,0.575245,0.568531,0.570698
3.3241,182.1980,Grasp descent wrist guard stopped collision rotation: joint5=-0.035 rad; limit=0.035 rad; backing off to the recent pre-contact approach pose,0.000286,-8.382458,-6.603647,1.618736,-0.001865,0.760105,0.020000,0.133571,0.575333,0.568535,0.570789
3.3588,182.2180,Grasp descent wrist guard stopped collision rotation: joint5=-0.035 rad; limit=0.035 rad; backing off to the recent pre-contact approach pose,0.000249,-8.381074,-6.604572,1.617338,-0.001672,0.760093,0.020000,0.133659,0.575529,0.568583,0.570996
3.3690,182.2380,Grasp descent wrist guard stopped collision rotation: joint5=-0.035 rad; limit=0.035 rad; backing off to the recent pre-contact approach pose,0.000249,-8.381074,-6.604572,1.617338,-0.001672,0.760093,0.020000,0.133695,0.575611,0.568645,0.571052
3.3877,182.2580,Grasp descent wrist guard stopped collision rotation: joint5=-0.035 rad; limit=0.035 rad; backing off to the recent pre-contact approach pose,0.000232,-8.380096,-6.605225,1.616351,-0.001583,0.760088,0.020000,0.133774,0.575801,0.568749,0.571224
3.4077,182.2780,Grasp descent wrist guard stopped collision rotation: joint5=-0.035 rad; limit=0.035 rad; backing off to the recent pre-contact approach pose,0.000216,-8.378932,-6.606002,1.615176,-0.001500,0.760083,0.020000,0.133864,0.576023,0.568884,0.571424
3.4274,182.2980,Grasp descent wrist guard stopped collision rotation: joint5=-0.035 rad; limit=0.035 rad; backing off to the recent pre-contact approach pose,0.000202,-8.377585,-6.606901,1.613817,-0.001421,0.760078,0.020000,0.133966,0.576278,0.569052,0.571653
3.4531,182.3180,Grasp descent wrist guard stopped collision rotation: joint5=-0.035 rad; limit=0.035 rad; backing off to the recent pre-contact approach pose,0.000189,-8.376056,-6.607920,1.612274,-0.001346,0.760074,0.020000,0.134079,0.576565,0.569252,0.571911
3.4706,182.3380,Grasp descent wrist guard stopped collision rotation: joint5=-0.035 rad; limit=0.035 rad; backing off to the recent pre-contact approach pose,0.000177,-8.374347,-6.609061,1.610549,-0.001276,0.760070,0.020000,0.134139,0.576720,0.569347,0.572066
3.4906,182.3580,Grasp descent wrist guard stopped collision rotation: joint5=-0.035 rad; limit=0.035 rad; backing off to the recent pre-contact approach pose,0.000169,-8.372459,-6.610320,1.608643,-0.001211,0.760066,0.020000,0.134269,0.577054,0.569596,0.572366
3.5110,182.3780,Grasp descent wrist guard stopped collision rotation: joint5=-0.035 rad; limit=0.035 rad; backing off to the recent pre-contact approach pose,0.000167,-8.370393,-6.611698,1.606558,-0.001149,0.760062,0.020000,0.134484,0.577612,0.570041,0.572862
3.5327,182.3980,Grasp descent wrist guard stopped collision rotation: joint5=-0.035 rad; limit=0.035 rad; backing off to the recent pre-contact approach pose,0.000330,-8.368152,-6.613192,1.604296,-0.001090,0.760059,0.020000,0.134641,0.578022,0.570373,0.573234
3.5586,182.4180,Grasp descent wrist guard stopped collision rotation: joint5=-0.035 rad; limit=0.035 rad; backing off to the recent pre-contact approach pose,0.000182,-8.365736,-6.614803,1.601858,-0.001035,0.760056,0.020000,0.134808,0.578461,0.570731,0.573640
3.5800,182.4380,Grasp descent wrist guard stopped collision rotation: joint5=-0.035 rad; limit=0.035 rad; backing off to the recent pre-contact approach pose,0.000304,-8.363148,-6.616529,1.599246,-0.000984,0.760053,0.020000,0.134987,0.578930,0.571128,0.574070
3.5955,182.4580,Grasp descent wrist guard stopped collision rotation: joint5=-0.035 rad; limit=0.035 rad; backing off to the recent pre-contact approach pose,-0.000205,-8.360388,-6.618370,1.596460,-0.000935,0.760050,0.020000,0.135080,0.579175,0.571320,0.574311
3.6172,182.4780,Grasp descent wrist guard stopped collision rotation: joint5=-0.035 rad; limit=0.035 rad; backing off to the recent pre-contact approach pose,0.000204,-8.357460,-6.620323,1.593504,-0.000887,0.760046,0.020000,0.135376,0.579952,0.572006,0.575019
3.6363,182.4980,Grasp descent wrist guard stopped collision rotation: joint5=-0.035 rad; limit=0.035 rad; backing off to the recent pre-contact approach pose,0.000297,-8.354360,-6.622388,1.590377,-0.000845,0.760045,0.020000,0.135480,0.580225,0.572238,0.575281
3.6579,182.5180,Grasp descent wrist guard stopped collision rotation: joint5=-0.035 rad; limit=0.035 rad; backing off to the recent pre-contact approach pose,0.000351,-8.351096,-6.624565,1.587082,-0.000805,0.760043,0.020000,0.135807,0.581083,0.573012,0.576078
3.6800,182.5380,Grasp descent wrist guard stopped collision rotation: joint5=-0.035 rad; limit=0.035 rad; backing off to the recent pre-contact approach pose,0.000357,-8.347666,-6.626852,1.583621,-0.000767,0.760041,0.020000,0.135922,0.581383,0.573276,0.576365
3.7015,182.5580,Grasp descent wrist guard stopped collision rotation: joint5=-0.035 rad; limit=0.035 rad; backing off to the recent pre-contact approach pose,0.000352,-8.344072,-6.629248,1.579993,-0.000735,0.760039,0.020000,0.136280,0.582320,0.574139,0.577288
3.7203,182.5780,Grasp descent wrist guard stopped collision rotation: joint5=-0.035 rad; limit=0.035 rad; backing off to the recent pre-contact approach pose,0.000345,-8.340318,-6.631752,1.576203,-0.000700,0.760037,0.020000,0.136405,0.582646,0.574434,0.577603
3.7412,182.5980,Grasp descent wrist guard stopped collision rotation: joint5=-0.035 rad; limit=0.035 rad; backing off to the recent pre-contact approach pose,0.000339,-8.336402,-6.634363,1.572251,-0.000667,0.760035,0.020000,0.136663,0.583316,0.575056,0.578235
3.7668,182.6180,Grasp descent wrist guard stopped collision rotation: joint5=-0.035 rad; limit=0.035 rad; backing off to the recent pre-contact approach pose,0.000334,-8.332326,-6.637080,1.568138,-0.000637,0.760033,0.020000,0.137069,0.584365,0.576045,0.579222
3.7891,182.6380,Grasp descent wrist guard stopped collision rotation: joint5=-0.035 rad; limit=0.035 rad; backing off to the recent pre-contact approach pose,0.000330,-8.328093,-6.639902,1.563865,-0.000609,0.760032,0.020000,0.137352,0.585095,0.576735,0.579911
3.8055,182.6580,Grasp descent wrist guard stopped collision rotation: joint5=-0.035 rad; limit=0.035 rad; backing off to the recent pre-contact approach pose,0.000328,-8.323704,-6.642829,1.559436,-0.000582,0.760030,0.020000,0.137498,0.585468,0.577086,0.580268
3.8251,182.6780,Grasp descent wrist guard stopped collision rotation: joint5=-0.035 rad; limit=0.035 rad; backing off to the recent pre-contact approach pose,0.000326,-8.319160,-6.645858,1.554850,-0.000557,0.760029,0.020000,0.137796,0.586232,0.577814,0.580991
3.8512,182.6980,Grasp descent wrist guard stopped collision rotation: joint5=-0.035 rad; limit=0.035 rad; backing off to the recent pre-contact approach pose,0.000324,-8.314463,-6.648990,1.550109,-0.000533,0.760028,0.020000,0.138263,0.587417,0.578955,0.582113
3.8685,182.7180,Grasp descent wrist guard stopped collision rotation: joint5=-0.035 rad; limit=0.035 rad; backing off to the recent pre-contact approach pose,0.000323,-8.309615,-6.652222,1.545216,-0.000511,0.760026,0.020000,0.138586,0.588234,0.579742,0.582890
3.8860,182.7380,Grasp descent wrist guard stopped collision rotation: joint5=-0.035 rad; limit=0.035 rad; backing off to the recent pre-contact approach pose,0.000322,-8.304617,-6.655555,1.540171,-0.000490,0.760025,0.020000,0.138752,0.588651,0.580142,0.583288
3.9065,182.7580,Grasp descent wrist guard stopped collision rotation: joint5=-0.035 rad; limit=0.035 rad; backing off to the recent pre-contact approach pose,0.000322,-8.299470,-6.658986,1.534977,-0.000470,0.760024,0.020000,0.139091,0.589498,0.580962,0.584095
3.9267,182.7780,Grasp descent wrist guard stopped collision rotation: joint5=-0.035 rad; limit=0.035 rad; backing off to the recent pre-contact approach pose,0.000321,-8.294176,-6.662515,1.529634,-0.000451,0.760023,0.020000,0.139439,0.590365,0.581803,0.584920
3.9462,182.7980,Grasp descent wrist guard stopped collision rotation: joint5=-0.035 rad; limit=0.035 rad; backing off to the recent pre-contact approach pose,0.000321,-8.288737,-6.666142,1.524144,-0.000434,0.760022,0.020000,0.139798,0.591250,0.582664,0.585765
3.9737,182.8180,Grasp descent wrist guard stopped collision rotation: joint5=-0.035 rad; limit=0.035 rad; backing off to the recent pre-contact approach pose,0.000321,-8.283153,-6.669864,1.518509,-0.000417,0.760021,0.020000,0.140354,0.592612,0.583992,0.587064
3.9947,182.8380,Grasp descent wrist guard stopped collision rotation: joint5=-0.035 rad; limit=0.035 rad; backing off to the recent pre-contact approach pose,0.000322,-8.277428,-6.673682,1.512730,-0.000401,0.760021,0.020000,0.140544,0.593075,0.584442,0.587508
4.0152,182.8580,Grasp descent wrist guard stopped collision rotation: joint5=-0.035 rad; limit=0.035 rad; backing off to the recent pre-contact approach pose,0.000322,-8.271561,-6.677593,1.506808,-0.000386,0.760020,0.020000,0.140932,0.594012,0.585358,0.588405
4.0342,182.8780,Grasp descent wrist guard stopped collision rotation: joint5=-0.035 rad; limit=0.035 rad; backing off to the recent pre-contact approach pose,0.000322,-8.265555,-6.681597,1.500747,-0.000372,0.760019,0.020000,0.141329,0.594966,0.586289,0.589318
4.0562,182.8980,Grasp descent wrist guard stopped collision rotation: joint5=-0.035 rad; limit=0.035 rad; backing off to the recent pre-contact approach pose,0.000323,-8.259411,-6.685694,1.494545,-0.000359,0.760018,0.020000,0.141736,0.595934,0.587237,0.590247
4.0804,182.9180,Grasp descent wrist guard stopped collision rotation: joint5=-0.035 rad; limit=0.035 rad; backing off to the recent pre-contact approach pose,0.000324,-8.253130,-6.689881,1.488207,-0.000347,0.760018,0.020000,0.142364,0.597414,0.588684,0.591669
4.0957,182.9380,Grasp descent wrist guard stopped collision rotation: joint5=-0.035 rad; limit=0.035 rad; backing off to the recent pre-contact approach pose,0.000325,-8.246714,-6.694158,1.481732,-0.000335,0.760017,0.020000,0.142578,0.597915,0.589174,0.592150
4.1181,182.9580,Grasp descent wrist guard stopped collision rotation: joint5=-0.035 rad; limit=0.035 rad; backing off to the recent pre-contact approach pose,0.000326,-8.240166,-6.698524,1.475122,-0.000323,0.760017,0.020000,0.143234,0.599435,0.590661,0.593613
4.1378,182.9780,Grasp descent wrist guard stopped collision rotation: joint5=-0.035 rad; limit=0.035 rad; backing off to the recent pre-contact approach pose,0.000327,-8.233485,-6.702978,1.468380,-0.000313,0.760016,0.020000,0.143683,0.600463,0.591668,0.594604
4.1570,182.9980,Grasp descent wrist guard stopped collision rotation: joint5=-0.035 rad; limit=0.035 rad; backing off to the recent pre-contact approach pose,0.000328,-8.226674,-6.707519,1.461506,-0.000302,0.760016,0.020000,0.144141,0.601504,0.592686,0.595608
4.1794,183.0180,Grasp descent wrist guard stopped collision rotation: joint5=-0.035 rad; limit=0.035 rad; backing off to the recent pre-contact approach pose,0.000329,-8.219734,-6.712145,1.454501,-0.000293,0.760015,0.020000,0.144608,0.602554,0.593714,0.596622
4.2039,183.0380,Grasp descent wrist guard stopped collision rotation: joint5=-0.035 rad; limit=0.035 rad; backing off to the recent pre-contact approach pose,0.000330,-8.212667,-6.716857,1.447369,-0.000283,0.760015,0.020000,0.144845,0.603084,0.594233,0.597133
4.2234,183.0580,Grasp descent wrist guard stopped collision rotation: joint5=-0.035 rad; limit=0.035 rad; backing off to the recent pre-contact approach pose,0.000331,-8.205474,-6.721652,1.440109,-0.000275,0.760014,0.020000,0.145325,0.604150,0.595276,0.598163
4.2453,183.0780,Grasp descent wrist guard stopped collision rotation: joint5=-0.035 rad; limit=0.035 rad; backing off to the recent pre-contact approach pose,0.000332,-8.198157,-6.726531,1.432724,-0.000266,0.760014,0.020000,0.145814,0.605224,0.596327,0.599203
4.2680,183.0980,Grasp descent wrist guard stopped collision rotation: joint5=-0.035 rad; limit=0.035 rad; backing off to the recent pre-contact approach pose,0.000333,-8.190717,-6.731491,1.425216,-0.000258,0.760013,0.020000,0.146564,0.606850,0.597915,0.600779
4.2884,183.1180,Grasp descent wrist guard stopped collision rotation: joint5=-0.035 rad; limit=0.035 rad; backing off to the recent pre-contact approach pose,0.000335,-8.183156,-6.736532,1.417584,-0.000250,0.760013,0.020000,0.147075,0.607943,0.598983,0.601839
4.3082,183.1380,Grasp descent wrist guard stopped collision rotation: joint5=-0.035 rad; limit=0.035 rad; backing off to the recent pre-contact approach pose,0.000336,-8.175475,-6.741652,1.409832,-0.000243,0.760013,0.020000,0.147334,0.608493,0.599522,0.602371
4.3295,183.1580,Grasp descent wrist guard stopped collision rotation: joint5=-0.035 rad; limit=0.035 rad; backing off to the recent pre-contact approach pose,0.000337,-8.167676,-6.746852,1.401961,-0.000236,0.760012,0.020000,0.148122,0.610148,0.601137,0.603980
4.3489,183.1780,Grasp descent wrist guard stopped collision rotation: joint5=-0.035 rad; limit=0.035 rad; backing off to the recent pre-contact approach pose,0.000338,-8.159760,-6.752129,1.393972,-0.000229,0.760012,0.020000,0.148658,0.611258,0.602221,0.605058
4.3681,183.1980,Grasp descent wrist guard stopped collision rotation: joint5=-0.035 rad; limit=0.035 rad; backing off to the recent pre-contact approach pose,0.000339,-8.151729,-6.757483,1.385867,-0.000223,0.760012,0.020000,0.148929,0.611815,0.602767,0.605598
4.3927,183.2180,Grasp descent wrist guard stopped collision rotation: joint5=-0.035 rad; limit=0.035 rad; backing off to the recent pre-contact approach pose,0.000341,-8.143584,-6.762913,1.377647,-0.000216,0.760011,0.020000,0.149476,0.612931,0.603856,0.606683
4.4182,183.2380,Grasp descent wrist guard stopped collision rotation: joint5=-0.035 rad; limit=0.035 rad; backing off to the recent pre-contact approach pose,0.000342,-8.135328,-6.768418,1.369314,-0.000210,0.760011,0.020000,0.150032,0.614049,0.604948,0.607772
4.4344,183.2580,Grasp descent wrist guard stopped collision rotation: joint5=-0.035 rad; limit=0.035 rad; backing off to the recent pre-contact approach pose,0.000343,-8.126960,-6.773996,1.360869,-0.000204,0.760011,0.020000,0.150880,0.615730,0.606585,0.609412
4.4553,183.2780,Grasp descent wrist guard stopped collision rotation: joint5=-0.035 rad; limit=0.035 rad; backing off to the recent pre-contact approach pose,0.000344,-8.118484,-6.779647,1.352314,-0.000199,0.760010,0.020000,0.151167,0.616292,0.607136,0.609957
4.4762,183.2980,Grasp descent wrist guard stopped collision rotation: joint5=-0.035 rad; limit=0.035 rad; backing off to the recent pre-contact approach pose,0.000346,-8.109900,-6.785370,1.343650,-0.000193,0.760010,0.020000,0.152038,0.617976,0.608774,0.611601
4.5019,183.3180,Grasp descent wrist guard stopped collision rotation: joint5=-0.035 rad; limit=0.035 rad; backing off to the recent pre-contact approach pose,0.000347,-8.101210,-6.791164,1.334880,-0.000188,0.760010,0.020000,0.152332,0.618538,0.609325,0.612147
4.5212,183.3380,Grasp descent wrist guard stopped collision rotation: joint5=-0.035 rad; limit=0.035 rad; backing off to the recent pre-contact approach pose,0.000348,-8.092415,-6.797027,1.326004,-0.000183,0.760010,0.020000,0.152925,0.619660,0.610418,0.613242
4.5425,183.3580,Grasp descent wrist guard stopped collision rotation: joint5=-0.035 rad; limit=0.035 rad; backing off to the recent pre-contact approach pose,0.000349,-8.083517,-6.802959,1.317024,-0.000178,0.760009,0.020000,0.153828,0.621340,0.612051,0.614885
4.5668,183.3780,Grasp descent wrist guard stopped collision rotation: joint5=-0.035 rad; limit=0.035 rad; backing off to the recent pre-contact approach pose,0.000350,-8.074518,-6.808958,1.307941,-0.000173,0.760009,0.020000,0.154133,0.621899,0.612599,0.615428
4.5868,183.3980,Grasp descent wrist guard stopped collision rotation: joint5=-0.035 rad; limit=0.035 rad; backing off to the recent pre-contact approach pose,0.000351,-8.065419,-6.815025,1.298758,-0.000168,0.760009,0.020000,0.155057,0.623570,0.614223,0.617064
4.6069,183.4180,Grasp descent wrist guard stopped collision rotation: joint5=-0.035 rad; limit=0.035 rad; backing off to the recent pre-contact approach pose,0.000352,-8.056221,-6.821157,1.289475,-0.000163,0.760009,0.020000,0.155680,0.624680,0.615303,0.618149
4.6272,183.4380,Grasp descent wrist guard stopped collision rotation: joint5=-0.035 rad; limit=0.035 rad; backing off to the recent pre-contact approach pose,0.000353,-8.046926,-6.827353,1.280094,-0.000159,0.760009,0.020000,0.156311,0.625784,0.616378,0.619229
4.6463,183.4580,Grasp descent wrist guard stopped collision rotation: joint5=-0.035 rad; limit=0.035 rad; backing off to the recent pre-contact approach pose,0.000354,-8.037536,-6.833613,1.270617,-0.000154,0.760008,0.020000,0.156628,0.626335,0.616918,0.619765
4.6657,183.4780,Grasp descent wrist guard stopped collision rotation: joint5=-0.035 rad; limit=0.035 rad; backing off to the recent pre-contact approach pose,0.000355,-8.028052,-6.839936,1.261046,-0.000150,0.760008,0.020000,0.157268,0.627431,0.617985,0.620837
4.6884,183.4980,Grasp descent wrist guard stopped collision rotation: joint5=-0.035 rad; limit=0.035 rad; backing off to the recent pre-contact approach pose,0.000356,-8.018476,-6.846321,1.251381,-0.000146,0.760008,0.020000,0.158238,0.629062,0.619567,0.622436
4.7109,183.5180,Grasp descent wrist guard stopped collision rotation: joint5=-0.035 rad; limit=0.035 rad; backing off to the recent pre-contact approach pose,0.000357,-8.008808,-6.852766,1.241624,-0.000141,0.760008,0.020000,0.158892,0.630140,0.620616,0.623492
4.7307,183.5380,Grasp descent wrist guard stopped collision rotation: joint5=-0.035 rad; limit=0.035 rad; backing off to the recent pre-contact approach pose,0.000358,-7.999052,-6.859270,1.231777,-0.000137,0.760007,0.020000,0.159221,0.630677,0.621142,0.624014
4.7533,183.5580,Grasp descent wrist guard stopped collision rotation: joint5=-0.035 rad; limit=0.035 rad; backing off to the recent pre-contact approach pose,0.000359,-7.989207,-6.865834,1.221841,-0.000133,0.760007,0.020000,0.159883,0.631742,0.622177,0.625057
4.7764,183.5780,Grasp descent wrist guard stopped collision rotation: joint5=-0.035 rad; limit=0.035 rad; backing off to the recent pre-contact approach pose,0.000359,-7.979276,-6.872454,1.211818,-0.000129,0.760007,0.020000,0.160885,0.633321,0.623709,0.626607
4.7964,183.5980,Grasp descent wrist guard stopped collision rotation: joint5=-0.035 rad; limit=0.035 rad; backing off to the recent pre-contact approach pose,0.000360,-7.969260,-6.879132,1.201710,-0.000125,0.760007,0.020000,0.161221,0.633843,0.624221,0.627115
4.8189,183.6180,Grasp descent wrist guard stopped collision rotation: joint5=-0.035 rad; limit=0.035 rad; backing off to the recent pre-contact approach pose,0.000361,-7.959161,-6.885865,1.191517,-0.000121,0.760007,0.020000,0.161898,0.634878,0.625226,0.628129
4.8522,183.6380,Grasp descent wrist guard stopped collision rotation: joint5=-0.035 rad; limit=0.035 rad; backing off to the recent pre-contact approach pose,0.000362,-7.948980,-6.892652,1.181242,-0.000118,0.760006,0.020000,0.162921,0.636407,0.626709,0.629631
4.8892,183.6580,Grasp descent wrist guard stopped collision rotation: joint5=-0.035 rad; limit=0.035 rad; backing off to the recent pre-contact approach pose,0.000363,-7.938719,-6.899493,1.170886,-0.000114,0.760006,0.020000,0.163609,0.637411,0.627685,0.630616
4.9107,183.6780,Grasp descent wrist guard stopped collision rotation: joint5=-0.035 rad; limit=0.035 rad; backing off to the recent pre-contact approach pose,0.000363,-7.928379,-6.906387,1.160451,-0.000110,0.760006,0.020000,0.164300,0.638402,0.628648,0.631588
4.9331,183.6980,Grasp descent wrist guard stopped collision rotation: joint5=-0.035 rad; limit=0.035 rad; backing off to the recent pre-contact approach pose,0.000364,-7.917962,-6.913332,1.149937,-0.000106,0.760006,0.020000,0.164647,0.638894,0.629130,0.632066
4.9487,183.7180,Grasp descent wrist guard stopped collision rotation: joint5=-0.035 rad; limit=0.035 rad; backing off to the recent pre-contact approach pose,0.000365,-7.907469,-6.920327,1.139347,-0.000103,0.760006,0.020000,0.165344,0.639864,0.630073,0.633017
4.9697,183.7380,Grasp descent wrist guard stopped collision rotation: joint5=-0.035 rad; limit=0.035 rad; backing off to the recent pre-contact approach pose,0.000365,-7.896902,-6.927372,1.128682,-0.000099,0.760005,0.020000,0.166044,0.640819,0.631001,0.633954
4.9902,183.7580,Grasp descent wrist guard stopped collision rotation: joint5=-0.035 rad; limit=0.035 rad; backing off to the recent pre-contact approach pose,0.000366,-7.886262,-6.934465,1.117944,-0.000096,0.760005,0.020000,0.167100,0.642222,0.632360,0.635334
5.0164,183.7780,Grasp descent wrist guard stopped collision rotation: joint5=-0.035 rad; limit=0.035 rad; backing off to the recent pre-contact approach pose,0.000366,-7.875551,-6.941606,1.107134,-0.000092,0.760005,0.020000,0.167808,0.643137,0.633250,0.636232
5.0335,183.7980,Grasp descent wrist guard stopped collision rotation: joint5=-0.035 rad; limit=0.035 rad; backing off to the recent pre-contact approach pose,0.000367,-7.864770,-6.948794,1.096254,-0.000089,0.760005,0.020000,0.168163,0.643589,0.633693,0.636672
5.0542,183.8180,Grasp descent wrist guard stopped collision rotation: joint5=-0.035 rad; limit=0.035 rad; backing off to the recent pre-contact approach pose,0.000367,-7.853921,-6.956026,1.085304,-0.000085,0.760005,0.020000,0.168874,0.644479,0.634558,0.637544
5.0743,183.8380,Grasp descent wrist guard stopped collision rotation: joint5=-0.035 rad; limit=0.035 rad; backing off to the recent pre-contact approach pose,0.000367,-7.843006,-6.963304,1.074288,-0.000082,0.760005,0.020000,0.169587,0.645350,0.635405,0.638400
5.0942,183.8580,Grasp descent wrist guard stopped collision rotation: joint5=-0.035 rad; limit=0.035 rad; backing off to the recent pre-contact approach pose,0.000368,-7.832025,-6.970624,1.063206,-0.000079,0.760004,0.020000,0.170303,0.646203,0.636234,0.639237
5.1280,183.8780,Grasp descent wrist guard stopped collision rotation: joint5=-0.035 rad; limit=0.035 rad; backing off to the recent pre-contact approach pose,0.000368,-7.820981,-6.977987,1.052060,-0.000075,0.760004,0.020000,0.171379,0.647446,0.637436,0.640461
5.1420,183.8980,Grasp descent wrist guard stopped collision rotation: joint5=-0.035 rad; limit=0.035 rad; backing off to the recent pre-contact approach pose,0.000368,-7.809875,-6.985391,1.040851,-0.000072,0.760004,0.020000,0.171738,0.647851,0.637835,0.640855
5.1634,183.9180,Grasp descent wrist guard stopped collision rotation: joint5=-0.035 rad; limit=0.035 rad; backing off to the recent pre-contact approach pose,0.000369,-7.798708,-6.992836,1.029580,-0.000069,0.760004,0.020000,0.172818,0.649034,0.638979,0.642021
5.1934,183.9380,Grasp descent wrist guard stopped collision rotation: joint5=-0.035 rad; limit=0.035 rad; backing off to the recent pre-contact approach pose,0.000369,-7.787482,-7.000320,1.018251,-0.000066,0.760004,0.020000,0.173178,0.649419,0.639358,0.642394
5.2191,183.9580,Grasp descent wrist guard stopped collision rotation: joint5=-0.035 rad; limit=0.035 rad; backing off to the recent pre-contact approach pose,0.000369,-7.776199,-7.007843,1.006863,-0.000062,0.760003,0.020000,0.173899,0.650170,0.640089,0.643133
5.2393,183.9780,Grasp descent wrist guard stopped collision rotation: joint5=-0.035 rad; limit=0.035 rad; backing off to the recent pre-contact approach pose,0.000369,-7.764859,-7.015403,0.995419,-0.000059,0.760003,0.020000,0.174981,0.651256,0.641139,0.644204
5.2578,183.9980,Grasp descent wrist guard stopped collision rotation: joint5=-0.035 rad; limit=0.035 rad; backing off to the recent pre-contact approach pose,0.000369,-7.753466,-7.022999,0.983919,-0.000056,0.760003,0.020000,0.175342,0.651608,0.641486,0.644546
5.2846,184.0180,Grasp descent wrist guard stopped collision rotation: joint5=-0.035 rad; limit=0.035 rad; backing off to the recent pre-contact approach pose,0.000369,-7.742019,-7.030630,0.972367,-0.000053,0.760003,0.020000,0.176063,0.652293,0.642152,0.645219
5.2993,184.0380,Grasp descent wrist guard stopped collision rotation: joint5=-0.035 rad; limit=0.035 rad; backing off to the recent pre-contact approach pose,0.000369,-7.730520,-7.038296,0.960762,-0.000051,0.760003,0.020000,0.176784,0.652955,0.642795,0.645869
5.3242,184.0580,Grasp descent wrist guard stopped collision rotation: joint5=-0.035 rad; limit=0.035 rad; backing off to the recent pre-contact approach pose,0.000369,-7.718972,-7.045995,0.949107,-0.000048,0.760003,0.020000,0.177863,0.653902,0.643711,0.646805
5.3463,184.0780,Grasp descent wrist guard stopped collision rotation: joint5=-0.035 rad; limit=0.035 rad; backing off to the recent pre-contact approach pose,0.000369,-7.707375,-7.053726,0.937403,-0.000045,0.760002,0.020000,0.178582,0.654504,0.644296,0.647397
5.3676,184.0980,Grasp descent wrist guard stopped collision rotation: joint5=-0.035 rad; limit=0.035 rad; backing off to the recent pre-contact approach pose,0.000369,-7.695732,-7.061489,0.925651,-0.000042,0.760002,0.020000,0.178940,0.654796,0.644585,0.647680
5.3961,184.1180,Grasp descent wrist guard stopped collision rotation: joint5=-0.035 rad; limit=0.035 rad; backing off to the recent pre-contact approach pose,0.000368,-7.684043,-7.069282,0.913854,-0.000040,0.760002,0.020000,0.180014,0.655632,0.645392,0.648507
5.4101,184.1380,Grasp descent wrist guard stopped collision rotation: joint5=-0.035 rad; limit=0.035 rad; backing off to the recent pre-contact approach pose,0.000368,-7.672310,-7.077104,0.902013,-0.000037,0.760002,0.020000,0.180371,0.655899,0.645657,0.648765
5.4364,184.1580,Grasp descent wrist guard stopped collision rotation: joint5=-0.035 rad; limit=0.035 rad; backing off to the recent pre-contact approach pose,0.000368,-7.660535,-7.084955,0.890128,-0.000035,0.760002,0.020000,0.181083,0.656412,0.646156,0.649270
5.4539,184.1780,Grasp descent wrist guard stopped collision rotation: joint5=-0.035 rad; limit=0.035 rad; backing off to the recent pre-contact approach pose,0.000368,-7.648719,-7.092832,0.878203,-0.000033,0.760001,0.020000,0.181793,0.656898,0.646629,0.649750
5.4736,184.1980,Grasp descent wrist guard stopped collision rotation: joint5=-0.035 rad; limit=0.035 rad; backing off to the recent pre-contact approach pose,0.000367,-7.636863,-7.100736,0.866238,-0.000031,0.760001,0.020000,0.182500,0.657358,0.647077,0.650203
5.4940,184.2180,Grasp descent wrist guard stopped collision rotation: joint5=-0.035 rad; limit=0.035 rad; backing off to the recent pre-contact approach pose,0.000367,-7.624970,-7.108665,0.854234,-0.000029,0.760001,0.020000,0.183204,0.657792,0.647498,0.650631
5.5158,184.2380,Grasp descent wrist guard stopped collision rotation: joint5=-0.035 rad; limit=0.035 rad; backing off to the recent pre-contact approach pose,0.000367,-7.613041,-7.116618,0.842194,-0.000027,0.760001,0.020000,0.184254,0.658389,0.648075,0.651225
5.5363,184.2580,Grasp descent wrist guard stopped collision rotation: joint5=-0.035 rad; limit=0.035 rad; backing off to the recent pre-contact approach pose,0.000366,-7.601076,-7.124595,0.830119,-0.000025,0.760001,0.020000,0.184949,0.658754,0.648430,0.651585
5.5587,184.2780,Grasp descent wrist guard stopped collision rotation: joint5=-0.035 rad; limit=0.035 rad; backing off to the recent pre-contact approach pose,0.000366,-7.589079,-7.132593,0.818011,-0.000024,0.760001,0.020000,0.185641,0.659091,0.648758,0.651918
5.5771,184.2980,Grasp descent wrist guard stopped collision rotation: joint5=-0.035 rad; limit=0.035 rad; backing off to the recent pre-contact approach pose,0.000365,-7.577050,-7.140613,0.805870,-0.000023,0.760001,0.020000,0.185985,0.659249,0.648918,0.652071
5.6006,184.3180,Grasp descent wrist guard stopped collision rotation: joint5=-0.035 rad; limit=0.035 rad; backing off to the recent pre-contact approach pose,0.000365,-7.564990,-7.148653,0.793699,-0.000022,0.760000,0.020000,0.187012,0.659679,0.649332,0.652501
5.6208,184.3380,Grasp descent wrist guard stopped collision rotation: joint5=-0.035 rad; limit=0.035 rad; backing off to the recent pre-contact approach pose,0.000364,-7.552902,-7.156712,0.781499,-0.000021,0.760000,0.020000,0.187351,0.659809,0.649464,0.652626
5.6368,184.3580,Grasp descent wrist guard stopped collision rotation: joint5=-0.035 rad; limit=0.035 rad; backing off to the recent pre-contact approach pose,0.000364,-7.540787,-7.164789,0.769271,-0.000021,0.760000,0.020000,0.188027,0.660046,0.649695,0.652861
5.6578,184.3780,Grasp descent wrist guard stopped collision rotation: joint5=-0.035 rad; limit=0.035 rad; backing off to the recent pre-contact approach pose,0.000363,-7.528646,-7.172883,0.757017,-0.000020,0.760000,0.020000,0.188698,0.660254,0.649898,0.653068
5.6776,184.3980,Grasp descent wrist guard stopped collision rotation: joint5=-0.035 rad; limit=0.035 rad; backing off to the recent pre-contact approach pose,0.000362,-7.516481,-7.180994,0.744740,-0.000020,0.760000,0.020000,0.189363,0.660432,0.650073,0.653247
5.6999,184.4180,Grasp descent wrist guard stopped collision rotation: joint5=-0.035 rad; limit=0.035 rad; backing off to the recent pre-contact approach pose,0.000362,-7.504293,-7.189119,0.732439,-0.000021,0.760000,0.020000,0.190023,0.660582,0.650219,0.653397
5.7237,184.4380,Grasp descent wrist guard stopped collision rotation: joint5=-0.035 rad; limit=0.035 rad; backing off to the recent pre-contact approach pose,0.000361,-7.492084,-7.197259,0.720117,-0.000021,0.760000,0.020000,0.190677,0.660701,0.650337,0.653518
5.7457,184.4580,Grasp descent wrist guard stopped collision rotation: joint5=-0.035 rad; limit=0.035 rad; backing off to the recent pre-contact approach pose,0.000361,-7.479855,-7.205411,0.707775,-0.000022,0.759999,0.020000,0.191646,0.660825,0.650454,0.653649
5.7688,184.4780,Grasp descent wrist guard stopped collision rotation: joint5=-0.035 rad; limit=0.035 rad; backing off to the recent pre-contact approach pose,0.000360,-7.467609,-7.213576,0.695415,-0.000023,0.759999,0.020000,0.192282,0.660869,0.650499,0.653697
5.7872,184.4980,Grasp descent wrist guard stopped collision rotation: joint5=-0.035 rad; limit=0.035 rad; backing off to the recent pre-contact approach pose,0.000365,-7.455336,-7.221754,0.683036,-0.000024,0.759999,0.020000,0.192909,0.660882,0.650513,0.653714
5.8086,184.5180,Grasp descent wrist guard stopped collision rotation: joint5=-0.035 rad; limit=0.035 rad; backing off to the recent pre-contact approach pose,0.000371,-7.443058,-7.229941,0.670642,-0.000026,0.759999,0.020000,0.193530,0.660866,0.650500,0.653703
5.8322,184.5380,Grasp descent wrist guard stopped collision rotation: joint5=-0.035 rad; limit=0.035 rad; backing off to the recent pre-contact approach pose,0.000374,-7.430767,-7.238136,0.658236,-0.000028,0.759999,0.020000,0.194144,0.660821,0.650457,0.653663
5.8473,184.5580,Grasp descent wrist guard stopped collision rotation: joint5=-0.035 rad; limit=0.035 rad; backing off to the recent pre-contact approach pose,0.000376,-7.418463,-7.246340,0.645818,-0.000029,0.759999,0.020000,0.194751,0.660746,0.650387,0.653594
5.8708,184.5780,Grasp descent wrist guard stopped collision rotation: joint5=-0.035 rad; limit=0.035 rad; backing off to the recent pre-contact approach pose,0.000378,-7.406149,-7.254550,0.633389,-0.000031,0.759998,0.020000,0.195052,0.660698,0.650347,0.653545
5.8915,184.5980,Grasp descent wrist guard stopped collision rotation: joint5=-0.035 rad; limit=0.035 rad; backing off to the recent pre-contact approach pose,0.000379,-7.393826,-7.262766,0.620951,-0.000032,0.759998,0.020000,0.195944,0.660506,0.650159,0.653369
5.9131,184.6180,Grasp descent wrist guard stopped collision rotation: joint5=-0.035 rad; limit=0.035 rad; backing off to the recent pre-contact approach pose,0.000379,-7.381496,-7.270986,0.608506,-0.000034,0.759998,0.020000,0.196528,0.660342,0.650001,0.653213
5.9354,184.6380,Grasp descent wrist guard stopped collision rotation: joint5=-0.035 rad; limit=0.035 rad; backing off to the recent pre-contact approach pose,0.000380,-7.369159,-7.279211,0.596055,-0.000035,0.759998,0.020000,0.196817,0.660250,0.649918,0.653120
5.9613,184.6580,Grasp descent wrist guard stopped collision rotation: joint5=-0.035 rad; limit=0.035 rad; backing off to the recent pre-contact approach pose,0.000380,-7.356818,-7.287439,0.583599,-0.000036,0.759998,0.020000,0.197672,0.659923,0.649600,0.652813
5.9811,184.6780,Grasp descent wrist guard stopped collision rotation: joint5=-0.035 rad; limit=0.035 rad; backing off to the recent pre-contact approach pose,0.000379,-7.344474,-7.295669,0.571140,-0.000037,0.759998,0.020000,0.198231,0.659669,0.649356,0.652569
6.0003,184.6980,Grasp descent wrist guard stopped collision rotation: joint5=-0.035 rad; limit=0.035 rad; backing off to the recent pre-contact approach pose,0.000379,-7.332129,-7.303899,0.558680,-0.000038,0.759998,0.020000,0.198782,0.659385,0.649083,0.652297
6.0212,184.7180,Grasp descent wrist guard stopped collision rotation: joint5=-0.035 rad; limit=0.035 rad; backing off to the recent pre-contact approach pose,0.000379,-7.319784,-7.312129,0.546221,-0.000039,0.759998,0.020000,0.199053,0.659233,0.648943,0.652146
6.0407,184.7380,Grasp descent wrist guard stopped collision rotation: joint5=-0.035 rad; limit=0.035 rad; backing off to the recent pre-contact approach pose,0.000378,-7.307440,-7.320359,0.533762,-0.000039,0.759998,0.020000,0.199590,0.658905,0.648627,0.651830
6.0611,184.7580,Grasp descent wrist guard stopped collision rotation: joint5=-0.035 rad; limit=0.035 rad; backing off to the recent pre-contact approach pose,0.000378,-7.295100,-7.328586,0.521308,-0.000040,0.759998,0.020000,0.200377,0.658356,0.648094,0.651306
6.0827,184.7780,Grasp descent wrist guard stopped collision rotation: joint5=-0.035 rad; limit=0.035 rad; backing off to the recent pre-contact approach pose,0.000378,-7.282764,-7.336810,0.508857,-0.000041,0.759998,0.020000,0.200634,0.658160,0.647910,0.651112
6.1009,184.7980,Grasp descent wrist guard stopped collision rotation: joint5=-0.035 rad; limit=0.035 rad; backing off to the recent pre-contact approach pose,0.000377,-7.270435,-7.345030,0.496413,-0.000041,0.759998,0.020000,0.201142,0.657744,0.647510,0.650710
6.1283,184.8180,Grasp descent wrist guard stopped collision rotation: joint5=-0.035 rad; limit=0.035 rad; backing off to the recent pre-contact approach pose,0.000376,-7.258113,-7.353245,0.483977,-0.000042,0.759998,0.020000,0.201640,0.657299,0.647081,0.650280
6.1415,184.8380,Grasp descent wrist guard stopped collision rotation: joint5=-0.035 rad; limit=0.035 rad; backing off to the recent pre-contact approach pose,0.000376,-7.245800,-7.361454,0.471550,-0.000042,0.759998,0.020000,0.202127,0.656825,0.646625,0.649822
6.1727,184.8580,Grasp descent wrist guard stopped collision rotation: joint5=-0.035 rad; limit=0.035 rad; backing off to the recent pre-contact approach pose,0.000375,-7.233498,-7.369655,0.459134,-0.000042,0.759998,0.020000,0.202605,0.656322,0.646141,0.649337
6.1926,184.8780,Grasp descent wrist guard stopped collision rotation: joint5=-0.035 rad; limit=0.035 rad; backing off to the recent pre-contact approach pose,0.000375,-7.221209,-7.377848,0.446731,-0.000043,0.759998,0.020000,0.203072,0.655791,0.645629,0.648823
6.2161,184.8980,Grasp descent wrist guard stopped collision rotation: joint5=-0.035 rad; limit=0.035 rad; backing off to the recent pre-contact approach pose,0.000374,-7.208933,-7.386032,0.434341,-0.000043,0.759998,0.020000,0.203753,0.654942,0.644805,0.648007
6.2323,184.9180,Grasp descent wrist guard stopped collision rotation: joint5=-0.035 rad; limit=0.035 rad; backing off to the recent pre-contact approach pose,0.000373,-7.196672,-7.394206,0.421966,-0.000043,0.759998,0.020000,0.203975,0.654646,0.644525,0.647715
6.2532,184.9380,Grasp descent wrist guard stopped collision rotation: joint5=-0.035 rad; limit=0.035 rad; backing off to the recent pre-contact approach pose,0.000372,-7.184428,-7.402369,0.409609,-0.000043,0.759998,0.020000,0.204410,0.654032,0.643933,0.647121
6.2730,184.9580,Grasp descent wrist guard stopped collision rotation: joint5=-0.035 rad; limit=0.035 rad; backing off to the recent pre-contact approach pose,0.000372,-7.172203,-7.410520,0.397270,-0.000044,0.759998,0.020000,0.204834,0.653391,0.643315,0.646500
6.2980,184.9780,Grasp descent wrist guard stopped collision rotation: joint5=-0.035 rad; limit=0.035 rad; backing off to the recent pre-contact approach pose,0.000371,-7.159998,-7.418657,0.384952,-0.000044,0.759998,0.020000,0.205450,0.652378,0.642333,0.645524
6.3177,184.9980,Grasp descent wrist guard stopped collision rotation: joint5=-0.035 rad; limit=0.035 rad; backing off to the recent pre-contact approach pose,0.000370,-7.147813,-7.426780,0.372654,-0.000044,0.759998,0.020000,0.205650,0.652028,0.642002,0.645180
6.3357,185.0180,Grasp descent wrist guard stopped collision rotation: joint5=-0.035 rad; limit=0.035 rad; backing off to the recent pre-contact approach pose,0.000369,-7.135652,-7.434888,0.360380,-0.000044,0.759998,0.020000,0.206232,0.650936,0.640943,0.644127
6.3570,185.0380,Grasp descent wrist guard stopped collision rotation: joint5=-0.035 rad; limit=0.035 rad; backing off to the recent pre-contact approach pose,0.000369,-7.123515,-7.442979,0.348131,-0.000044,0.759998,0.020000,0.206421,0.650561,0.640587,0.643758
6.3757,185.0580,Grasp descent wrist guard stopped collision rotation: joint5=-0.035 rad; limit=0.035 rad; backing off to the recent pre-contact approach pose,0.000368,-7.111404,-7.451053,0.335907,-0.000044,0.759998,0.020000,0.206790,0.649789,0.639842,0.643010
6.3962,185.0780,Grasp descent wrist guard stopped collision rotation: joint5=-0.035 rad; limit=0.035 rad; backing off to the recent pre-contact approach pose,0.000367,-7.099321,-7.459109,0.323712,-0.000044,0.759998,0.020000,0.207321,0.648583,0.638674,0.641846
6.4155,185.0980,Grasp descent wrist guard stopped collision rotation: joint5=-0.035 rad; limit=0.035 rad; backing off to the recent pre-contact approach pose,0.000366,-7.087266,-7.467146,0.311545,-0.000044,0.759998,0.020000,0.207493,0.648170,0.638282,0.641441
6.4362,185.1180,Grasp descent wrist guard stopped collision rotation: joint5=-0.035 rad; limit=0.035 rad; backing off to the recent pre-contact approach pose,0.000366,-7.075242,-7.475162,0.299410,-0.000044,0.759998,0.020000,0.207827,0.647325,0.637466,0.640621
6.4578,185.1380,Grasp descent wrist guard stopped collision rotation: joint5=-0.035 rad; limit=0.035 rad; backing off to the recent pre-contact approach pose,0.000365,-7.063250,-7.483157,0.287307,-0.000044,0.759998,0.020000,0.208150,0.646455,0.636628,0.639778
6.4801,185.1580,Grasp descent wrist guard stopped collision rotation: joint5=-0.035 rad; limit=0.035 rad; backing off to the recent pre-contact approach pose,0.000364,-7.051291,-7.491130,0.275237,-0.000043,0.759998,0.020000,0.208461,0.645562,0.635766,0.638912
6.4978,185.1780,Grasp descent wrist guard stopped collision rotation: joint5=-0.035 rad; limit=0.035 rad; backing off to the recent pre-contact approach pose,0.000363,-7.039368,-7.499079,0.263203,-0.000043,0.759998,0.020000,0.208760,0.644647,0.634883,0.638024
6.5224,185.1980,Grasp descent wrist guard stopped collision rotation: joint5=-0.035 rad; limit=0.035 rad; backing off to the recent pre-contact approach pose,0.000362,-7.027480,-7.507004,0.251205,-0.000043,0.759998,0.020000,0.209188,0.643231,0.633512,0.636655
6.5390,185.2180,Grasp descent wrist guard stopped collision rotation: joint5=-0.035 rad; limit=0.035 rad; backing off to the recent pre-contact approach pose,0.000362,-7.015631,-7.514904,0.239247,-0.000043,0.759998,0.020000,0.209324,0.642749,0.633053,0.636182
6.5588,185.2380,Grasp descent wrist guard stopped collision rotation: joint5=-0.035 rad; limit=0.035 rad; backing off to the recent pre-contact approach pose,0.000361,-7.003822,-7.522777,0.227328,-0.000043,0.759998,0.020000,0.209589,0.641768,0.632107,0.635230
6.5848,185.2580,Grasp descent wrist guard stopped collision rotation: joint5=-0.035 rad; limit=0.035 rad; backing off to the recent pre-contact approach pose,0.000360,-6.992054,-7.530623,0.215450,-0.000043,0.759998,0.020000,0.209964,0.640257,0.630643,0.633769
6.5968,185.2780,Grasp descent wrist guard stopped collision rotation: joint5=-0.035 rad; limit=0.035 rad; backing off to the recent pre-contact approach pose,0.000359,-6.980328,-7.538440,0.203616,-0.000043,0.759998,0.020000,0.210084,0.639744,0.630154,0.633266
6.6202,185.2980,Grasp descent wrist guard stopped collision rotation: joint5=-0.035 rad; limit=0.035 rad; backing off to the recent pre-contact approach pose,0.000359,-6.968646,-7.546228,0.191826,-0.000042,0.759998,0.020000,0.210313,0.638702,0.629149,0.632254
6.6373,185.3180,Grasp descent wrist guard stopped collision rotation: joint5=-0.035 rad; limit=0.035 rad; backing off to the recent pre-contact approach pose,0.000358,-6.957010,-7.553985,0.180082,-0.000042,0.759998,0.020000,0.210532,0.637641,0.628125,0.631224
6.6581,185.3380,Grasp descent wrist guard stopped collision rotation: joint5=-0.035 rad; limit=0.035 rad; backing off to the recent pre-contact approach pose,0.000357,-6.945421,-7.561711,0.168385,-0.000042,0.759999,0.020000,0.210739,0.636561,0.627083,0.630176
6.6775,185.3580,Grasp descent wrist guard stopped collision rotation: joint5=-0.035 rad; limit=0.035 rad; backing off to the recent pre-contact approach pose,0.000356,-6.933881,-7.569405,0.156738,-0.000042,0.759999,0.020000,0.211027,0.634907,0.625481,0.628575
6.6967,185.3780,Grasp descent wrist guard stopped collision rotation: joint5=-0.035 rad; limit=0.035 rad; backing off to the recent pre-contact approach pose,0.000356,-6.922391,-7.577065,0.145141,-0.000042,0.759999,0.020000,0.211118,0.634348,0.624948,0.628026
6.7170,185.3980,Grasp descent wrist guard stopped collision rotation: joint5=-0.035 rad; limit=0.035 rad; backing off to the recent pre-contact approach pose,0.000355,-6.910952,-7.584691,0.133597,-0.000042,0.759999,0.020000,0.211290,0.633215,0.623855,0.626927
6.7369,185.4180,Grasp descent wrist guard stopped collision rotation: joint5=-0.035 rad; limit=0.035 rad; backing off to the recent pre-contact approach pose,0.000354,-6.899567,-7.592281,0.122106,-0.000042,0.759999,0.020000,0.211451,0.632066,0.622747,0.625811
6.7566,185.4380,Grasp descent wrist guard stopped collision rotation: joint5=-0.035 rad; limit=0.035 rad; backing off to the recent pre-contact approach pose,0.000354,-6.888237,-7.599835,0.110671,-0.000042,0.759999,0.020000,0.211601,0.630902,0.621623,0.624680
6.7774,185.4580,Grasp descent wrist guard stopped collision rotation: joint5=-0.035 rad; limit=0.035 rad; backing off to the recent pre-contact approach pose,0.000353,-6.876963,-7.607351,0.099292,-0.000042,0.759999,0.020000,0.211740,0.629722,0.620485,0.623534
6.7967,185.4780,Grasp descent wrist guard stopped collision rotation: joint5=-0.035 rad; limit=0.035 rad; backing off to the recent pre-contact approach pose,0.000353,-6.865746,-7.614829,0.087972,-0.000042,0.759999,0.020000,0.211868,0.628528,0.619332,0.622374
6.8178,185.4980,Grasp descent wrist guard stopped collision rotation: joint5=-0.035 rad; limit=0.035 rad; backing off to the recent pre-contact approach pose,0.000352,-6.854589,-7.622267,0.076711,-0.000042,0.759999,0.020000,0.212039,0.626709,0.617572,0.620613
6.8384,185.5180,Grasp descent wrist guard stopped collision rotation: joint5=-0.035 rad; limit=0.035 rad; backing off to the recent pre-contact approach pose,0.000352,-6.843493,-7.629665,0.065512,-0.000042,0.759999,0.020000,0.212140,0.625482,0.616387,0.619420
6.8584,185.5380,Grasp descent wrist guard stopped collision rotation: joint5=-0.035 rad; limit=0.035 rad; backing off to the recent pre-contact approach pose,0.000351,-6.832459,-7.637021,0.054376,-0.000042,0.759999,0.020000,0.212187,0.624864,0.615797,0.618815
6.8796,185.5580,Grasp descent wrist guard stopped collision rotation: joint5=-0.035 rad; limit=0.035 rad; backing off to the recent pre-contact approach pose,0.000350,-6.821489,-7.644334,0.043304,-0.000042,0.759999,0.020000,0.213828,0.623323,0.614260,0.617294
6.8976,185.5780,Grasp descent wrist guard stopped collision rotation: joint5=-0.035 rad; limit=0.035 rad; backing off to the recent pre-contact approach pose,0.001767,-6.809871,-7.651605,0.032215,-0.000520,0.760017,0.020000,0.213615,0.622445,0.613510,0.616469
6.9220,185.5980,Grasp descent wrist guard stopped collision rotation: joint5=-0.035 rad; limit=0.035 rad; backing off to the recent pre-contact approach pose,0.000715,-6.799707,-7.658731,0.021463,-0.000319,0.760001,0.020000,0.213395,0.620968,0.612091,0.615052
6.9417,185.6180,Grasp descent wrist guard stopped collision rotation: joint5=-0.035 rad; limit=0.035 rad; backing off to the recent pre-contact approach pose,0.000392,-6.789008,-7.665934,0.010606,-0.000250,0.760003,0.020000,0.213325,0.619598,0.610770,0.613730
6.9670,185.6380,Grasp descent wrist guard stopped collision rotation: joint5=-0.035 rad; limit=0.035 rad; backing off to the recent pre-contact approach pose,0.000228,-6.778325,-7.673078,-0.000260,-0.000204,0.760003,0.020000,0.213273,0.617584,0.608819,0.611785
6.9839,185.6580,Grasp descent wrist guard stopped collision rotation: joint5=-0.035 rad; limit=0.035 rad; backing off to the recent pre-contact approach pose,-0.000143,-6.767705,-7.680171,-0.010945,-0.000171,0.760004,0.020000,0.213263,0.616917,0.608177,0.611136
7.0048,185.6780,Grasp descent wrist guard stopped collision rotation: joint5=-0.035 rad; limit=0.035 rad; backing off to the recent pre-contact approach pose,-0.000196,-6.757155,-7.687212,-0.021606,-0.000149,0.760004,0.020000,0.213240,0.614922,0.606248,0.609198
7.0293,185.6980,Grasp descent wrist guard stopped collision rotation: joint5=-0.035 rad; limit=0.035 rad; backing off to the recent pre-contact approach pose,-0.000079,-6.746678,-7.694202,-0.032188,-0.000134,0.760004,0.020000,0.213226,0.613592,0.604962,0.607902
7.0434,185.7180,Grasp descent wrist guard stopped collision rotation: joint5=-0.035 rad; limit=0.035 rad; backing off to the recent pre-contact approach pose,-0.000081,-6.736276,-7.701140,-0.042692,-0.000124,0.760005,0.020000,0.213218,0.612926,0.604320,0.607252
7.0633,185.7380,Grasp descent wrist guard stopped collision rotation: joint5=-0.035 rad; limit=0.035 rad; backing off to the recent pre-contact approach pose,-0.000084,-6.725950,-7.708027,-0.053117,-0.000119,0.760005,0.020000,0.213188,0.610925,0.602382,0.605303
7.0879,185.7580,Grasp descent wrist guard stopped collision rotation: joint5=-0.035 rad; limit=0.035 rad; backing off to the recent pre-contact approach pose,-0.000085,-6.715703,-7.714860,-0.063461,-0.000116,0.760005,0.020000,0.213161,0.609587,0.601087,0.603998
7.1079,185.7780,Grasp descent wrist guard stopped collision rotation: joint5=-0.035 rad; limit=0.035 rad; backing off to the recent pre-contact approach pose,-0.000085,-6.705535,-7.721639,-0.073724,-0.000114,0.760005,0.020000,0.213128,0.608245,0.599790,0.602689
7.1233,185.7980,Grasp descent wrist guard stopped collision rotation: joint5=-0.035 rad; limit=0.035 rad; backing off to the recent pre-contact approach pose,-0.000085,-6.695450,-7.728364,-0.083903,-0.000113,0.760005,0.020000,0.213108,0.607574,0.599141,0.602032
7.1484,185.8180,Grasp descent wrist guard stopped collision rotation: joint5=-0.035 rad; limit=0.035 rad; backing off to the recent pre-contact approach pose,-0.000086,-6.685448,-7.735033,-0.093999,-0.000113,0.760005,0.020000,0.213039,0.605554,0.597186,0.600063
7.1724,185.8380,Grasp descent wrist guard stopped collision rotation: joint5=-0.035 rad; limit=0.035 rad; backing off to the recent pre-contact approach pose,-0.000086,-6.675531,-7.741644,-0.104008,-0.000113,0.760005,0.020000,0.212984,0.604206,0.595881,0.598746
7.1889,185.8580,Grasp descent wrist guard stopped collision rotation: joint5=-0.035 rad; limit=0.035 rad; backing off to the recent pre-contact approach pose,-0.000086,-6.665701,-7.748199,-0.113930,-0.000112,0.760005,0.020000,0.212954,0.603531,0.595230,0.598085
7.2085,185.8780,Grasp descent wrist guard stopped collision rotation: joint5=-0.035 rad; limit=0.035 rad; backing off to the recent pre-contact approach pose,-0.000086,-6.655958,-7.754694,-0.123762,-0.000112,0.760005,0.020000,0.212852,0.601505,0.593267,0.596109
7.2280,185.8980,Grasp descent wrist guard stopped collision rotation: joint5=-0.035 rad; limit=0.035 rad; backing off to the recent pre-contact approach pose,-0.000087,-6.646305,-7.761130,-0.133505,-0.000112,0.760005,0.020000,0.212814,0.600829,0.592615,0.595447
7.2497,185.9180,Grasp descent wrist guard stopped collision rotation: joint5=-0.035 rad; limit=0.035 rad; backing off to the recent pre-contact approach pose,-0.000087,-6.636744,-7.767504,-0.143155,-0.000111,0.760005,0.020000,0.212734,0.599478,0.591308,0.594128
7.2681,185.9380,Grasp descent wrist guard stopped collision rotation: joint5=-0.035 rad; limit=0.035 rad; backing off to the recent pre-contact approach pose,-0.000087,-6.627274,-7.773817,-0.152712,-0.000110,0.760005,0.020000,0.212646,0.598128,0.590002,0.592810
7.2935,185.9580,Grasp descent wrist guard stopped collision rotation: joint5=-0.035 rad; limit=0.035 rad; backing off to the recent pre-contact approach pose,-0.000088,-6.617899,-7.780068,-0.162174,-0.000110,0.760005,0.020000,0.212552,0.596780,0.588697,0.591493
7.3092,185.9780,Grasp descent wrist guard stopped collision rotation: joint5=-0.035 rad; limit=0.035 rad; backing off to the recent pre-contact approach pose,-0.000088,-6.608620,-7.786254,-0.171539,-0.000109,0.760005,0.020000,0.212452,0.595433,0.587395,0.590178
7.3330,185.9980,Grasp descent wrist guard stopped collision rotation: joint5=-0.035 rad; limit=0.035 rad; backing off to the recent pre-contact approach pose,-0.000088,-6.599438,-7.792376,-0.180806,-0.000108,0.760005,0.020000,0.212345,0.594090,0.586095,0.588867
7.3539,186.0180,Grasp descent wrist guard stopped collision rotation: joint5=-0.035 rad; limit=0.035 rad; backing off to the recent pre-contact approach pose,-0.000089,-6.590355,-7.798432,-0.189974,-0.000107,0.760005,0.020000,0.212174,0.592082,0.584150,0.586908
7.3826,186.0380,Grasp descent wrist guard stopped collision rotation: joint5=-0.035 rad; limit=0.035 rad; backing off to the recent pre-contact approach pose,-0.000089,-6.581372,-7.804421,-0.199040,-0.000106,0.760005,0.020000,0.212114,0.591415,0.583507,0.586255
7.4073,186.0580,Grasp descent wrist guard stopped collision rotation: joint5=-0.035 rad; limit=0.035 rad; backing off to the recent pre-contact approach pose,-0.000089,-6.572490,-7.810342,-0.208004,-0.000105,0.760005,0.020000,0.211990,0.590084,0.582220,0.584956
7.4288,186.0780,Grasp descent wrist guard stopped collision rotation: joint5=-0.035 rad; limit=0.035 rad; backing off to the recent pre-contact approach pose,-0.000089,-6.563712,-7.816194,-0.216864,-0.000104,0.760004,0.020000,0.211861,0.588759,0.580938,0.583663
7.4603,186.0980,Grasp descent wrist guard stopped collision rotation: joint5=-0.035 rad; limit=0.035 rad; backing off to the recent pre-contact approach pose,-0.000090,-6.555039,-7.821976,-0.225618,-0.000103,0.760004,0.020000,0.211658,0.586783,0.579025,0.581736
7.4746,186.1180,Grasp descent wrist guard stopped collision rotation: joint5=-0.035 rad; limit=0.035 rad; backing off to the recent pre-contact approach pose,-0.000090,-6.546472,-7.827688,-0.234264,-0.000102,0.760004,0.020000,0.211517,0.585475,0.577760,0.580460
7.5049,186.1380,Grasp descent wrist guard stopped collision rotation: joint5=-0.035 rad; limit=0.035 rad; backing off to the recent pre-contact approach pose,-0.000090,-6.538013,-7.833328,-0.242802,-0.000101,0.760004,0.020000,0.211445,0.584824,0.577132,0.579823
7.5259,186.1580,Grasp descent wrist guard stopped collision rotation: joint5=-0.035 rad; limit=0.035 rad; backing off to the recent pre-contact approach pose,-0.000090,-6.529663,-7.838894,-0.251229,-0.000100,0.760004,0.020000,0.211298,0.583528,0.575879,0.578559
7.5458,186.1780,Grasp descent wrist guard stopped collision rotation: joint5=-0.035 rad; limit=0.035 rad; backing off to the recent pre-contact approach pose,-0.000091,-6.521424,-7.844387,-0.259544,-0.000099,0.760004,0.020000,0.211147,0.582241,0.574635,0.577304
7.5644,186.1980,Grasp descent wrist guard stopped collision rotation: joint5=-0.035 rad; limit=0.035 rad; backing off to the recent pre-contact approach pose,-0.000091,-6.513297,-7.849805,-0.267746,-0.000098,0.760004,0.020000,0.210992,0.580963,0.573400,0.576058
7.5881,186.2180,Grasp descent wrist guard stopped collision rotation: joint5=-0.035 rad; limit=0.035 rad; backing off to the recent pre-contact approach pose,-0.000091,-6.505285,-7.855147,-0.275834,-0.000097,0.760004,0.020000,0.210754,0.579067,0.571564,0.574210
7.6058,186.2380,Grasp descent wrist guard stopped collision rotation: joint5=-0.035 rad; limit=0.035 rad; backing off to the recent pre-contact approach pose,-0.000091,-6.497387,-7.860412,-0.283804,-0.000096,0.760004,0.020000,0.210673,0.578440,0.570960,0.573598
7.6308,186.2580,Grasp descent wrist guard stopped collision rotation: joint5=-0.035 rad; limit=0.035 rad; backing off to the recent pre-contact approach pose,-0.000091,-6.489607,-7.865599,-0.291657,-0.000095,0.760004,0.020000,0.210426,0.576577,0.569158,0.571784
7.6504,186.2780,Grasp descent wrist guard stopped collision rotation: joint5=-0.035 rad; limit=0.035 rad; backing off to the recent pre-contact approach pose,-0.000092,-6.481945,-7.870707,-0.299390,-0.000094,0.760004,0.020000,0.210343,0.575962,0.568566,0.571183
7.6714,186.2980,Grasp descent wrist guard stopped collision rotation: joint5=-0.035 rad; limit=0.035 rad; backing off to the recent pre-contact approach pose,-0.000092,-6.474403,-7.875735,-0.307002,-0.000093,0.760004,0.020000,0.210174,0.574742,0.567387,0.569994
7.6993,186.3180,Grasp descent wrist guard stopped collision rotation: joint5=-0.035 rad; limit=0.035 rad; backing off to the recent pre-contact approach pose,-0.000092,-6.466982,-7.880682,-0.314491,-0.000092,0.760004,0.020000,0.209917,0.572938,0.565642,0.568238
7.7195,186.3380,Grasp descent wrist guard stopped collision rotation: joint5=-0.035 rad; limit=0.035 rad; backing off to the recent pre-contact approach pose,-0.000092,-6.459685,-7.885548,-0.321857,-0.000091,0.760003,0.020000,0.209744,0.571753,0.564497,0.567084
7.7378,186.3580,Grasp descent wrist guard stopped collision rotation: joint5=-0.035 rad; limit=0.035 rad; backing off to the recent pre-contact approach pose,-0.000092,-6.452512,-7.890330,-0.329096,-0.000090,0.760003,0.020000,0.209657,0.571166,0.563931,0.566510
7.7585,186.3780,Grasp descent wrist guard stopped collision rotation: joint5=-0.035 rad; limit=0.035 rad; backing off to the recent pre-contact approach pose,-0.000093,-6.445465,-7.895028,-0.336209,-0.000089,0.760003,0.020000,0.209482,0.570004,0.562808,0.565378
7.7847,186.3980,Grasp descent wrist guard stopped collision rotation: joint5=-0.035 rad; limit=0.035 rad; backing off to the recent pre-contact approach pose,-0.000093,-6.438546,-7.899641,-0.343192,-0.000089,0.760003,0.020000,0.209307,0.568857,0.561701,0.564262
7.8042,186.4180,Grasp descent wrist guard stopped collision rotation: joint5=-0.035 rad; limit=0.035 rad; backing off to the recent pre-contact approach pose,-0.000093,-6.431755,-7.904168,-0.350046,-0.000088,0.760003,0.020000,0.209130,0.567727,0.560609,0.563162
7.8284,186.4380,Grasp descent wrist guard stopped collision rotation: joint5=-0.035 rad; limit=0.035 rad; backing off to the recent pre-contact approach pose,-0.000093,-6.425095,-7.908608,-0.356768,-0.000087,0.760003,0.020000,0.208954,0.566614,0.559534,0.562078
7.8442,186.4580,Grasp descent wrist guard stopped collision rotation: joint5=-0.035 rad; limit=0.035 rad; backing off to the recent pre-contact approach pose,-0.000093,-6.418568,-7.912960,-0.363356,-0.000087,0.760003,0.020000,0.208777,0.565519,0.558476,0.561012
7.8731,186.4780,Grasp descent wrist guard stopped collision rotation: joint5=-0.035 rad; limit=0.035 rad; backing off to the recent pre-contact approach pose,-0.000093,-6.412174,-7.917222,-0.369809,-0.000086,0.760003,0.020000,0.208600,0.564442,0.557436,0.559964
7.8949,186.4980,Grasp descent wrist guard stopped collision rotation: joint5=-0.035 rad; limit=0.035 rad; backing off to the recent pre-contact approach pose,-0.000093,-6.405915,-7.921395,-0.376127,-0.000085,0.760003,0.020000,0.208424,0.563384,0.556414,0.558934
7.9173,186.5180,Grasp descent wrist guard stopped collision rotation: joint5=-0.035 rad; limit=0.035 rad; backing off to the recent pre-contact approach pose,-0.000094,-6.399792,-7.925477,-0.382306,-0.000085,0.760003,0.020000,0.208249,0.562345,0.555411,0.557923
7.9474,186.5380,Grasp descent wrist guard stopped collision rotation: joint5=-0.035 rad; limit=0.035 rad; backing off to the recent pre-contact approach pose,-0.000094,-6.393808,-7.929466,-0.388345,-0.000084,0.760003,0.020000,0.208075,0.561326,0.554427,0.556931
7.9627,186.5580,Grasp descent wrist guard stopped collision rotation: joint5=-0.035 rad; limit=0.035 rad; backing off to the recent pre-contact approach pose,-0.000094,-6.387964,-7.933363,-0.394244,-0.000083,0.760003,0.020000,0.207902,0.560328,0.553463,0.555960
7.9839,186.5780,Grasp descent wrist guard stopped collision rotation: joint5=-0.035 rad; limit=0.035 rad; backing off to the recent pre-contact approach pose,-0.000094,-6.382261,-7.937165,-0.400001,-0.000083,0.760003,0.020000,0.207731,0.559351,0.552520,0.555009
8.0025,186.5980,Grasp descent wrist guard stopped collision rotation: joint5=-0.035 rad; limit=0.035 rad; backing off to the recent pre-contact approach pose,-0.000094,-6.376700,-7.940872,-0.405613,-0.000082,0.760003,0.020000,0.207561,0.558396,0.551597,0.554080
8.0287,186.6180,Grasp descent wrist guard stopped collision rotation: joint5=-0.035 rad; limit=0.035 rad; backing off to the recent pre-contact approach pose,-0.000094,-6.371284,-7.944483,-0.411079,-0.000082,0.760003,0.020000,0.207394,0.557463,0.550696,0.553172
8.0484,186.6380,Grasp descent wrist guard stopped collision rotation: joint5=-0.035 rad; limit=0.035 rad; backing off to the recent pre-contact approach pose,-0.000094,-6.366013,-7.947997,-0.416399,-0.000081,0.760003,0.020000,0.207228,0.556552,0.549817,0.552286
8.0697,186.6580,Grasp descent wrist guard stopped collision rotation: joint5=-0.035 rad; limit=0.035 rad; backing off to the recent pre-contact approach pose,-0.000094,-6.360890,-7.951412,-0.421570,-0.000081,0.760003,0.020000,0.207066,0.555665,0.548960,0.551422
8.0935,186.6780,Grasp descent wrist guard stopped collision rotation: joint5=-0.035 rad; limit=0.035 rad; backing off to the recent pre-contact approach pose,-0.000094,-6.355915,-7.954728,-0.426591,-0.000080,0.760003,0.020000,0.206827,0.554378,0.547717,0.550173
8.1133,186.6980,Grasp descent wrist guard stopped collision rotation: joint5=-0.035 rad; limit=0.035 rad; backing off to the recent pre-contact approach pose,-0.000095,-6.351091,-7.957945,-0.431460,-0.000080,0.760003,0.020000,0.206672,0.553551,0.546918,0.549368
8.1280,186.7180,Grasp descent wrist guard stopped collision rotation: joint5=-0.035 rad; limit=0.035 rad; backing off to the recent pre-contact approach pose,-0.000095,-6.346419,-7.961060,-0.436176,-0.000079,0.760003,0.020000,0.206596,0.553147,0.546530,0.548974
8.1500,186.7380,Grasp descent wrist guard stopped collision rotation: joint5=-0.035 rad; limit=0.035 rad; backing off to the recent pre-contact approach pose,-0.000095,-6.341900,-7.964072,-0.440737,-0.000079,0.760002,0.020000,0.206445,0.552358,0.545768,0.548206
8.1716,186.7580,Grasp descent wrist guard stopped collision rotation: joint5=-0.035 rad; limit=0.035 rad; backing off to the recent pre-contact approach pose,-0.000095,-6.337536,-7.966982,-0.445142,-0.000078,0.760002,0.020000,0.206227,0.551223,0.544670,0.547103
8.1904,186.7780,Grasp descent wrist guard stopped collision rotation: joint5=-0.035 rad; limit=0.035 rad; backing off to the recent pre-contact approach pose,-0.000095,-6.333328,-7.969787,-0.449389,-0.000078,0.760002,0.020000,0.206157,0.550857,0.544319,0.546746
8.2138,186.7980,Grasp descent wrist guard stopped collision rotation: joint5=-0.035 rad; limit=0.035 rad; backing off to the recent pre-contact approach pose,-0.000095,-6.329278,-7.972487,-0.453476,-0.000078,0.760002,0.020000,0.206018,0.550147,0.543633,0.546055
8.2384,186.8180,Grasp descent wrist guard stopped collision rotation: joint5=-0.035 rad; limit=0.035 rad; backing off to the recent pre-contact approach pose,-0.000095,-6.325387,-7.975081,-0.457403,-0.000077,0.760002,0.020000,0.205885,0.549463,0.542973,0.545390
8.2583,186.8380,Grasp descent wrist guard stopped collision rotation: joint5=-0.035 rad; limit=0.035 rad; backing off to the recent pre-contact approach pose,-0.000095,-6.321658,-7.977567,-0.461167,-0.000077,0.760002,0.020000,0.205755,0.548808,0.542340,0.544752
8.2879,186.8580,Grasp descent wrist guard stopped collision rotation: joint5=-0.035 rad; limit=0.035 rad; backing off to the recent pre-contact approach pose,-0.000095,-6.318090,-7.979945,-0.464768,-0.000077,0.760002,0.020000,0.205571,0.547877,0.541440,0.543849
8.3006,186.8780,Grasp descent wrist guard stopped collision rotation: joint5=-0.035 rad; limit=0.035 rad; backing off to the recent pre-contact approach pose,-0.000095,-6.314687,-7.982214,-0.468203,-0.000076,0.760002,0.020000,0.205512,0.547581,0.541156,0.543559
8.3228,186.8980,Grasp descent wrist guard stopped collision rotation: joint5=-0.035 rad; limit=0.035 rad; backing off to the recent pre-contact approach pose,-0.000095,-6.311449,-7.984373,-0.471471,-0.000076,0.760002,0.020000,0.205397,0.547011,0.540606,0.543005
8.3423,186.9180,Grasp descent wrist guard stopped collision rotation: joint5=-0.035 rad; limit=0.035 rad; backing off to the recent pre-contact approach pose,-0.000095,-6.308379,-7.986420,-0.474570,-0.000076,0.760002,0.020000,0.205288,0.546470,0.540084,0.542479
8.3629,186.9380,Grasp descent wrist guard stopped collision rotation: joint5=-0.035 rad; limit=0.035 rad; backing off to the recent pre-contact approach pose,-0.000095,-6.305476,-7.988355,-0.477499,-0.000075,0.760002,0.020000,0.205185,0.545959,0.539591,0.541982
8.3871,186.9580,Grasp descent wrist guard stopped collision rotation: joint5=-0.035 rad; limit=0.035 rad; backing off to the recent pre-contact approach pose,-0.000095,-6.302744,-7.990176,-0.480257,-0.000075,0.760002,0.020000,0.205041,0.545250,0.538904,0.541294
8.4057,186.9780,Grasp descent wrist guard stopped collision rotation: joint5=-0.035 rad; limit=0.035 rad; backing off to the recent pre-contact approach pose,-0.000096,-6.300183,-7.991883,-0.482842,-0.000075,0.760002,0.020000,0.204996,0.545029,0.538693,0.541077
8.4273,186.9980,Grasp descent wrist guard stopped collision rotation: joint5=-0.035 rad; limit=0.035 rad; backing off to the recent pre-contact approach pose,-0.000096,-6.297796,-7.993475,-0.485251,-0.000075,0.760002,0.020000,0.204910,0.544610,0.538288,0.540670
8.4460,187.0180,Grasp descent wrist guard stopped collision rotation: joint5=-0.035 rad; limit=0.035 rad; backing off to the recent pre-contact approach pose,-0.000096,-6.295582,-7.994951,-0.487485,-0.000075,0.760002,0.020000,0.204831,0.544223,0.537914,0.540293
8.4699,187.0380,Grasp descent wrist guard stopped collision rotation: joint5=-0.035 rad; limit=0.035 rad; backing off to the recent pre-contact approach pose,-0.000096,-6.293545,-7.996309,-0.489541,-0.000074,0.760002,0.020000,0.204758,0.543867,0.537571,0.539948
8.4932,187.0580,Grasp descent wrist guard stopped collision rotation: joint5=-0.035 rad; limit=0.035 rad; backing off to the recent pre-contact approach pose,-0.000096,-6.291686,-7.997548,-0.491418,-0.000074,0.760002,0.020000,0.204661,0.543394,0.537113,0.539489
8.5091,187.0780,Grasp descent wrist guard stopped collision rotation: joint5=-0.035 rad; limit=0.035 rad; backing off to the recent pre-contact approach pose,-0.000096,-6.290006,-7.998668,-0.493114,-0.000074,0.760002,0.020000,0.204632,0.543253,0.536978,0.539350
8.5321,187.0980,Grasp descent wrist guard stopped collision rotation: joint5=-0.035 rad; limit=0.035 rad; backing off to the recent pre-contact approach pose,-0.000096,-6.288506,-7.999668,-0.494627,-0.000074,0.760002,0.020000,0.204555,0.542879,0.536615,0.538988
8.5568,187.1180,Grasp descent wrist guard stopped collision rotation: joint5=-0.035 rad; limit=0.035 rad; backing off to the recent pre-contact approach pose,-0.000096,-6.287189,-8.000547,-0.495957,-0.000074,0.760002,0.020000,0.204513,0.542671,0.536415,0.538786
8.5784,187.1380,Grasp descent wrist guard stopped collision rotation: joint5=-0.035 rad; limit=0.035 rad; backing off to the recent pre-contact approach pose,-0.000096,-6.286055,-8.001302,-0.497102,-0.000074,0.760002,0.020000,0.204494,0.542580,0.536328,0.538696
8.6020,187.1580,Grasp descent wrist guard stopped collision rotation: joint5=-0.035 rad; limit=0.035 rad; backing off to the recent pre-contact approach pose,-0.000096,-6.285106,-8.001935,-0.498059,-0.000073,0.760002,0.020000,0.204449,0.542357,0.536112,0.538481
8.6276,187.1780,Grasp descent wrist guard stopped collision rotation: joint5=-0.035 rad; limit=0.035 rad; backing off to the recent pre-contact approach pose,-0.000096,-6.284345,-8.002443,-0.498828,-0.000073,0.760002,0.020000,0.204429,0.542252,0.536010,0.538379
8.6618,187.2080,Grasp descent wrist guard stopped collision rotation: joint5=-0.035 rad; limit=0.035 rad; backing off to the recent pre-contact approach pose,-0.000096,-6.283390,-8.003081,-0.499795,-0.000073,0.760002,0.020000,0.204413,0.542160,0.535922,0.538288
8.6682,187.2180,Grasp descent wrist guard stopped collision rotation: joint5=-0.035 rad; limit=0.035 rad; backing off to the recent pre-contact approach pose,-0.000096,-6.283390,-8.003081,-0.499795,-0.000073,0.760002,0.020000,0.204414,0.542147,0.535908,0.538277
8.7353,187.2480,Grasp descent wrist guard stopped collision rotation: joint5=-0.035 rad; limit=0.035 rad; backing off to the recent pre-contact approach pose,-0.000096,-6.283109,-8.003226,-0.500014,-0.000073,0.760002,0.020000,0.204414,0.542147,0.535908,0.538277
8.7559,187.2580,Grasp descent wrist guard stopped collision rotation: joint5=-0.035 rad; limit=0.035 rad; backing off to the recent pre-contact approach pose,-0.000096,-6.283109,-8.003226,-0.500014,-0.000073,0.760002,0.020000,0.204403,0.542139,0.535902,0.538268
8.7953,187.2980,Grasp descent wrist guard stopped collision rotation: joint5=-0.035 rad; limit=0.035 rad; backing off to the recent pre-contact approach pose,-0.000096,-6.283109,-8.003226,-0.500014,-0.000073,0.760002,0.020000,0.204408,0.542139,0.535902,0.538268
8.7955,187.2980,Grasp descent wrist guard stopped collision rotation: joint5=-0.035 rad; limit=0.035 rad; backing off to the recent pre-contact approach pose,-0.000096,-6.283109,-8.003226,-0.500014,-0.000073,0.760002,0.020000,0.204408,0.542139,0.535902,0.538268
8.8285,187.3280,Normal physics grasp was not retained: cube did not remain inside the lifted gripper,-0.000096,-6.283097,-8.003226,-0.500014,-0.000073,0.760002,0.020000,0.204411,0.542138,0.535902,0.538268
8.8366,187.3380,Closed gripper reached the carry pose without retaining the cube,-0.000096,-6.283097,-8.003226,-0.500014,-0.000073,0.760002,0.020000,0.204429,0.542143,0.535904,0.538274
8.8582,187.3580,Velocity control source=visual (previous=navigation; stopping base for failed-pick recovery),-0.000096,-6.283097,-8.003226,-0.500014,-0.000073,0.760002,0.020000,0.204412,0.542138,0.535901,0.538268
8.8785,187.3780,Velocity control source=visual (previous=navigation; stopping base for failed-pick recovery),-0.000096,-6.283097,-8.003226,-0.500014,-0.000073,0.760002,0.020000,0.204414,0.542138,0.535901,0.538268
8.8985,187.3980,Velocity control source=visual (previous=navigation; stopping base for failed-pick recovery),-0.000096,-6.283097,-8.003226,-0.500014,-0.000073,0.760002,0.020000,0.204415,0.542137,0.535901,0.538268
8.9181,187.4180,Navigation mode=main_legacy; global laser obstacle layer=enabled (failed pickup: return to recognition navigation),-0.000096,-6.283098,-8.003226,-0.500014,-0.000073,0.760002,0.020000,0.204417,0.542137,0.535900,0.538267
8.9381,187.4380,Navigation mode=main_legacy; global laser obstacle layer=enabled (failed pickup: return to recognition navigation),-0.000096,-6.283098,-8.003226,-0.500014,-0.000073,0.770002,0.020000,0.204437,0.542142,0.535549,0.537988
8.9576,187.4580,Navigation mode=main_legacy; global laser obstacle layer=enabled (failed pickup: return to recognition navigation),-0.000096,-6.283098,-8.003226,-0.500014,-0.000073,0.790002,0.020000,0.204420,0.542137,0.535426,0.537884
8.9836,187.4780,Navigation mode=main_legacy; global laser obstacle layer=enabled (failed pickup: return to recognition navigation),-0.000096,-6.283098,-8.003226,-0.500014,-0.000072,0.810002,0.020000,0.204440,0.542141,0.535064,0.537592
8.9974,187.4980,Navigation mode=main_legacy; global laser obstacle layer=enabled (failed pickup: return to recognition navigation),-0.000096,-6.283098,-8.003226,-0.500014,-0.000072,0.830002,0.020000,0.204423,0.542136,0.534938,0.537484
9.0181,187.5180,Navigation mode=main_legacy; global laser obstacle layer=enabled (failed pickup: return to recognition navigation),-0.000096,-6.283098,-8.003226,-0.500014,-0.000072,0.850002,0.020000,0.204424,0.542136,0.534688,0.537278
9.0394,187.5380,Navigation mode=main_legacy; global laser obstacle layer=enabled (failed pickup: return to recognition navigation),-0.000096,-6.283098,-8.003226,-0.500014,-0.000072,0.870002,0.020000,0.204444,0.542140,0.534310,0.536968
9.0563,187.5580,Navigation mode=main_legacy; global laser obstacle layer=enabled (failed pickup: return to recognition navigation),-0.000096,-6.283098,-8.003226,-0.500014,-0.000071,0.890002,0.020000,0.204427,0.542135,0.534179,0.536854
9.0775,187.5780,Navigation mode=main_legacy; global laser obstacle layer=enabled (failed pickup: return to recognition navigation),-0.000096,-6.283098,-8.003226,-0.500014,-0.000071,0.910002,0.020000,0.204445,0.542140,0.534053,0.536752
9.1043,187.5980,Navigation mode=main_legacy; global laser obstacle layer=enabled (failed pickup: return to recognition navigation),-0.000096,-6.283099,-8.003226,-0.500014,-0.000071,0.930002,0.020000,0.204448,0.542139,0.533528,0.536308
9.1183,187.6180,Navigation mode=main_legacy; global laser obstacle layer=enabled (failed pickup: return to recognition navigation),-0.000096,-6.283099,-8.003226,-0.500014,-0.000071,0.950002,0.020000,0.204432,0.542134,0.533392,0.536188
9.1430,187.6380,Navigation mode=main_legacy; global laser obstacle layer=enabled (failed pickup: return to recognition navigation),-0.000096,-6.283099,-8.003226,-0.500014,-0.000071,0.970002,0.020000,0.204451,0.542139,0.532991,0.535848
9.1757,187.6580,Navigation mode=main_legacy; global laser obstacle layer=enabled (failed pickup: return to recognition navigation),-0.000096,-6.283099,-8.003226,-0.500014,-0.000071,0.990002,0.020000,0.204435,0.542134,0.532853,0.535725
9.1961,187.6780,Navigation mode=main_legacy; global laser obstacle layer=enabled (failed pickup: return to recognition navigation),-0.000096,-6.283099,-8.003226,-0.500014,-0.000070,1.000002,0.020000,0.204478,0.542172,0.532890,0.535764
9.2209,187.6980,Navigation mode=main_legacy; global laser obstacle layer=enabled (failed pickup: return to recognition navigation),-0.000096,-6.283257,-8.002653,-0.499594,-0.000070,1.000002,0.020000,0.205112,0.542746,0.533427,0.536314
9.2430,187.7180,Navigation mode=main_legacy; global laser obstacle layer=enabled (failed pickup: return to recognition navigation),-0.000096,-6.283545,-8.000946,-0.498342,-0.000070,1.000002,0.020000,0.205483,0.543085,0.533747,0.536636
9.2591,187.7380,Navigation mode=main_legacy; global laser obstacle layer=enabled (failed pickup: return to recognition navigation),-0.000096,-6.284016,-7.998143,-0.496287,-0.000070,1.000002,0.020000,0.207070,0.544527,0.535099,0.538010
9.2789,187.7580,Navigation mode=main_legacy; global laser obstacle layer=enabled (failed pickup: return to recognition navigation),-0.000096,-6.284660,-7.994278,-0.493453,-0.000070,1.000002,0.020000,0.208516,0.545831,0.536324,0.539250
9.3026,187.7780,Navigation mode=main_legacy; global laser obstacle layer=enabled (failed pickup: return to recognition navigation),-0.000096,-6.285477,-7.989376,-0.489858,-0.000070,1.000003,0.020000,0.209351,0.546579,0.537029,0.539961
9.3259,187.7980,Navigation mode=main_legacy; global laser obstacle layer=enabled (failed pickup: return to recognition navigation),-0.000096,-6.286459,-7.983485,-0.485538,-0.000070,1.000003,0.020000,0.212301,0.549198,0.539488,0.542454
9.3410,187.8180,Navigation mode=main_legacy; global laser obstacle layer=enabled (failed pickup: return to recognition navigation),-0.000096,-6.287601,-7.976629,-0.480511,-0.000070,1.000003,0.020000,0.214636,0.551244,0.541412,0.544400
9.3614,187.8380,Navigation mode=main_legacy; global laser obstacle layer=enabled (failed pickup: return to recognition navigation),-0.000096,-6.288902,-7.968823,-0.474787,-0.000069,1.000003,0.020000,0.217266,0.553520,0.543551,0.546565
9.3864,187.8580,Navigation mode=main_legacy; global laser obstacle layer=enabled (failed pickup: return to recognition navigation),-0.000096,-6.290358,-7.960085,-0.468379,-0.000069,1.000003,0.020000,0.218691,0.554742,0.544701,0.547725
9.4131,187.8780,Navigation mode=main_legacy; global laser obstacle layer=enabled (failed pickup: return to recognition navigation),-0.000096,-6.291966,-7.950430,-0.461299,-0.000069,1.000003,0.020000,0.221761,0.557345,0.547149,0.550201
9.4351,187.8980,Navigation mode=main_legacy; global laser obstacle layer=enabled (failed pickup: return to recognition navigation),-0.000096,-6.293725,-7.939874,-0.453559,-0.000068,1.000003,0.020000,0.225126,0.560153,0.549791,0.552873
9.4620,187.9180,Navigation mode=main_legacy; global laser obstacle layer=enabled (failed pickup: return to recognition navigation),-0.000096,-6.295631,-7.928436,-0.445171,-0.000068,1.000003,0.020000,0.230725,0.564727,0.554094,0.557227
9.4782,187.9380,Navigation mode=main_legacy; global laser obstacle layer=enabled (failed pickup: return to recognition navigation),-0.000096,-6.297681,-7.916130,-0.436148,-0.000067,1.000003,0.020000,0.232738,0.566343,0.555616,0.558763
9.5049,187.9580,Navigation mode=main_legacy; global laser obstacle layer=enabled (failed pickup: return to recognition navigation),-0.000096,-6.299871,-7.902973,-0.426501,-0.000066,1.000003,0.020000,0.236983,0.569702,0.558778,0.561960
9.5193,187.9780,Navigation mode=main_legacy; global laser obstacle layer=enabled (failed pickup: return to recognition navigation),-0.000096,-6.302202,-7.888983,-0.416243,-0.000065,1.000003,0.020000,0.241521,0.573221,0.562093,0.565310
9.5390,187.9980,Navigation mode=main_legacy; global laser obstacle layer=enabled (failed pickup: return to recognition navigation),-0.000096,-6.304669,-7.874176,-0.405384,-0.000064,1.000003,0.020000,0.248875,0.578773,0.567322,0.570597
9.5600,188.0180,Navigation mode=main_legacy; global laser obstacle layer=enabled (failed pickup: return to recognition navigation),-0.000096,-6.307270,-7.858567,-0.393938,-0.000063,1.000003,0.020000,0.251471,0.580690,0.569131,0.572422
9.5778,188.0380,Navigation mode=main_legacy; global laser obstacle layer=enabled (failed pickup: return to recognition navigation),-0.000096,-6.310002,-7.842174,-0.381917,-0.000063,1.000003,0.020000,0.256879,0.584613,0.572830,0.576159
9.6014,188.0580,Navigation mode=main_legacy; global laser obstacle layer=enabled (failed pickup: return to recognition navigation),-0.000095,-6.312861,-7.825012,-0.369333,-0.000062,1.000003,0.020000,0.265527,0.590697,0.578569,0.581958
9.6205,188.0780,Navigation mode=main_legacy; global laser obstacle layer=enabled (failed pickup: return to recognition navigation),-0.000095,-6.315846,-7.807099,-0.356197,-0.000061,1.000003,0.020000,0.271642,0.594865,0.582503,0.585930
9.6379,188.0980,Navigation mode=main_legacy; global laser obstacle layer=enabled (failed pickup: return to recognition navigation),-0.000095,-6.318953,-7.788451,-0.342522,-0.000060,1.000003,0.020000,0.274803,0.596977,0.584498,0.587942
9.6621,188.1180,Navigation mode=main_legacy; global laser obstacle layer=enabled (failed pickup: return to recognition navigation),-0.000095,-6.322180,-7.769084,-0.328320,-0.000060,1.000003,0.020000,0.284659,0.603385,0.590551,0.594054
9.6780,188.1380,Navigation mode=main_legacy; global laser obstacle layer=enabled (failed pickup: return to recognition navigation),-0.000095,-6.325524,-7.749136,-0.313603,-0.000059,1.000003,0.020000,0.288008,0.605509,0.592559,0.596078
9.7003,188.1580,Navigation mode=main_legacy; global laser obstacle layer=enabled (failed pickup: return to recognition navigation),-0.000095,-6.328982,-7.729136,-0.298383,-0.000059,1.000003,0.020000,0.294759,0.609712,0.596533,0.600088
9.7244,188.1780,Navigation mode=main_legacy; global laser obstacle layer=enabled (failed pickup: return to recognition navigation),-0.000095,-6.332552,-7.709136,-0.282673,-0.000058,1.000003,0.020000,0.305010,0.615897,0.602381,0.605989
9.7424,188.1980,Navigation mode=main_legacy; global laser obstacle layer=enabled (failed pickup: return to recognition navigation),-0.000095,-6.336230,-7.689137,-0.266484,-0.000058,1.000003,0.020000,0.311919,0.619933,0.606199,0.609839
9.7641,188.2180,Navigation mode=main_legacy; global laser obstacle layer=enabled (failed pickup: return to recognition navigation),-0.000095,-6.340015,-7.669137,-0.249827,-0.000057,1.000003,0.020000,0.318880,0.623891,0.609946,0.613617
9.7816,188.2380,Navigation mode=main_legacy; global laser obstacle layer=enabled (failed pickup: return to recognition navigation),-0.000094,-6.343902,-7.649137,-0.232717,-0.000057,1.000003,0.020000,0.325887,0.627768,0.613617,0.617317
9.8032,188.2580,Navigation mode=main_legacy; global laser obstacle layer=enabled (failed pickup: return to recognition navigation),-0.000094,-6.347891,-7.629137,-0.215164,-0.000057,1.000003,0.020000,0.329406,0.629673,0.615423,0.619136
9.8263,188.2780,Navigation mode=main_legacy; global laser obstacle layer=enabled (failed pickup: return to recognition navigation),-0.000094,-6.351977,-7.609137,-0.197180,-0.000057,1.000003,0.020000,0.336469,0.633415,0.618971,0.622710
9.8450,188.2980,Navigation mode=main_legacy; global laser obstacle layer=enabled (failed pickup: return to recognition navigation),-0.000094,-6.356158,-7.589138,-0.178778,-0.000057,1.000003,0.020000,0.343560,0.637062,0.622430,0.626193
9.8655,188.3180,Navigation mode=main_legacy; global laser obstacle layer=enabled (failed pickup: return to recognition navigation),-0.000094,-6.360432,-7.569138,-0.159970,-0.000056,1.000003,0.020000,0.354232,0.642339,0.627440,0.631239
9.8849,188.3380,Navigation mode=main_legacy; global laser obstacle layer=enabled (failed pickup: return to recognition navigation),-0.000094,-6.364795,-7.549138,-0.140768,-0.000056,1.000003,0.020000,0.361358,0.645721,0.630656,0.634474
9.9083,188.3580,Navigation mode=main_legacy; global laser obstacle layer=enabled (failed pickup: return to recognition navigation),-0.000094,-6.369245,-7.529138,-0.121184,-0.000057,1.000003,0.020000,0.364922,0.647370,0.632226,0.636051
9.9268,188.3780,Navigation mode=main_legacy; global laser obstacle layer=enabled (failed pickup: return to recognition navigation),-0.000094,-6.373779,-7.509139,-0.101253,-0.000057,1.000003,0.020000,0.372024,0.650570,0.635274,0.639115
9.9479,188.3980,Navigation mode=main_legacy; global laser obstacle layer=enabled (failed pickup: return to recognition navigation),-0.000094,-6.378394,-7.489139,-0.081253,-0.000057,1.000003,0.020000,0.379061,0.653629,0.638192,0.642047
9.9762,188.4180,Navigation mode=main_legacy; global laser obstacle layer=enabled (failed pickup: return to recognition navigation),-0.000093,-6.383088,-7.469139,-0.061253,-0.000057,1.000003,0.020000,0.389481,0.657952,0.642325,0.646197
9.9930,188.4380,Navigation mode=main_legacy; global laser obstacle layer=enabled (failed pickup: return to recognition navigation),-0.000093,-6.387858,-7.449140,-0.041253,-0.000057,1.000003,0.020000,0.392916,0.659323,0.643638,0.647513
10.0133,188.4580,Navigation mode=main_legacy; global laser obstacle layer=enabled (failed pickup: return to recognition navigation),-0.000093,-6.392701,-7.429140,-0.021254,-0.000057,1.000003,0.020000,0.399721,0.661956,0.646164,0.650046
10.0378,188.4780,Navigation mode=main_legacy; global laser obstacle layer=enabled (failed pickup: return to recognition navigation),-0.000093,-6.397614,-7.409140,-0.001254,-0.000058,1.000003,0.020000,0.406439,0.664446,0.648558,0.652444
10.0574,188.4980,Navigation mode=main_legacy; global laser obstacle layer=enabled (failed pickup: return to recognition navigation),0.001648,-6.398388,-7.387295,0.019010,-0.000109,0.999944,0.020000,0.411577,0.666987,0.650978,0.654829
10.0784,188.5180,Navigation mode=main_legacy; global laser obstacle layer=enabled (failed pickup: return to recognition navigation),0.001005,-6.407746,-7.369227,0.038632,-0.000033,1.000003,0.020000,0.421604,0.670396,0.654280,0.658173
10.0985,188.5380,Navigation mode=main_legacy; global laser obstacle layer=enabled (failed pickup: return to recognition navigation),0.000634,-6.412794,-7.349165,0.058706,-0.000056,1.000003,0.020000,0.428058,0.672431,0.656277,0.660158
10.1196,188.5580,Navigation mode=main_legacy; global laser obstacle layer=enabled (failed pickup: return to recognition navigation),0.000397,-6.417936,-7.329154,0.078723,-0.000060,1.000004,0.020000,0.431232,0.673389,0.657225,0.661088
10.1444,188.5780,Navigation mode=main_legacy; global laser obstacle layer=enabled (failed pickup: return to recognition navigation),0.000255,-6.423151,-7.309149,0.098731,-0.000062,1.000004,0.020000,0.440554,0.676028,0.659822,0.663677
10.1655,188.5980,Navigation mode=main_legacy; global laser obstacle layer=enabled (failed pickup: return to recognition navigation),-0.000175,-6.428424,-7.289147,0.118736,-0.000064,1.000004,0.020000,0.443595,0.676832,0.660616,0.664467
10.1911,188.6180,Navigation mode=main_legacy; global laser obstacle layer=enabled (failed pickup: return to recognition navigation),-0.000224,-6.433750,-7.269146,0.138739,-0.000067,1.000004,0.020000,0.449578,0.678328,0.662101,0.665937
10.2161,188.6380,Navigation mode=main_legacy; global laser obstacle layer=enabled (failed pickup: return to recognition navigation),-0.000094,-6.439126,-7.249145,0.158741,-0.000069,1.000004,0.020000,0.455426,0.679675,0.663445,0.667267
10.2351,188.6580,Navigation mode=main_legacy; global laser obstacle layer=enabled (failed pickup: return to recognition navigation),-0.000077,-6.444547,-7.229145,0.178742,-0.000071,1.000004,0.020000,0.461138,0.680874,0.664651,0.668457
10.2649,188.6780,Navigation mode=main_legacy; global laser obstacle layer=enabled (failed pickup: return to recognition navigation),-0.000082,-6.450012,-7.209145,0.198743,-0.000073,1.000004,0.020000,0.469445,0.682398,0.666203,0.669981
10.2849,188.6980,Navigation mode=main_legacy; global laser obstacle layer=enabled (failed pickup: return to recognition navigation),-0.000088,-6.455517,-7.189145,0.218743,-0.000074,1.000004,0.020000,0.472143,0.682832,0.666651,0.670420
10.3089,188.7180,Navigation mode=main_legacy; global laser obstacle layer=enabled (failed pickup: return to recognition navigation),-0.000090,-6.461060,-7.169145,0.238743,-0.000074,1.000004,0.020000,0.480015,0.683916,0.667794,0.671530
10.3286,188.7380,Navigation mode=main_legacy; global laser obstacle layer=enabled (failed pickup: return to recognition navigation),-0.000090,-6.466638,-7.149146,0.258743,-0.000075,1.000004,0.020000,0.485077,0.684457,0.668386,0.672097
10.3473,188.7580,Navigation mode=main_legacy; global laser obstacle layer=enabled (failed pickup: return to recognition navigation),-0.000091,-6.472248,-7.129146,0.278744,-0.000074,1.000004,0.020000,0.489984,0.684851,0.668842,0.672526
10.3774,188.7780,Navigation mode=main_legacy; global laser obstacle layer=enabled (failed pickup: return to recognition navigation),-0.000091,-6.477886,-7.109146,0.298743,-0.000074,1.000004,0.020000,0.492379,0.684994,0.669019,0.672690
10.3964,188.7980,Navigation mode=main_legacy; global laser obstacle layer=enabled (failed pickup: return to recognition navigation),-0.000092,-6.483551,-7.089147,0.318743,-0.000073,1.000004,0.020000,0.499324,0.685203,0.669351,0.672974
10.4243,188.8180,Navigation mode=main_legacy; global laser obstacle layer=enabled (failed pickup: return to recognition navigation),-0.000092,-6.489240,-7.069147,0.338743,-0.000073,1.000004,0.020000,0.503750,0.685161,0.669404,0.672993
10.4445,188.8380,Navigation mode=main_legacy; global laser obstacle layer=enabled (failed pickup: return to recognition navigation),-0.000092,-6.494950,-7.049148,0.358743,-0.000073,1.000004,0.020000,0.505901,0.685085,0.669380,0.672952
10.4738,188.8580,Navigation mode=main_legacy; global laser obstacle layer=enabled (failed pickup: return to recognition navigation),-0.000092,-6.500678,-7.029148,0.378743,-0.000072,1.000004,0.020000,0.510076,0.684825,0.669231,0.672766
10.4989,188.8780,Navigation mode=main_legacy; global laser obstacle layer=enabled (failed pickup: return to recognition navigation),-0.000092,-6.506421,-7.009149,0.398743,-0.000072,1.000004,0.020000,0.514081,0.684420,0.668948,0.672445
10.5312,188.8980,Navigation mode=main_legacy; global laser obstacle layer=enabled (failed pickup: return to recognition navigation),-0.000092,-6.512177,-6.989149,0.418742,-0.000071,1.000004,0.020000,0.519762,0.683542,0.668274,0.671706
10.5597,188.9180,Navigation mode=main_legacy; global laser obstacle layer=enabled (failed pickup: return to recognition navigation),-0.000092,-6.517943,-6.969150,0.438742,-0.000071,1.000003,0.020000,0.521568,0.683178,0.667982,0.671393
10.5807,188.9380,Navigation mode=main_legacy; global laser obstacle layer=enabled (failed pickup: return to recognition navigation),-0.000093,-6.523716,-6.949150,0.458742,-0.000070,1.000003,0.020000,0.525045,0.682341,0.667299,0.670664
10.5993,188.9580,Navigation mode=main_legacy; global laser obstacle layer=enabled (failed pickup: return to recognition navigation),-0.000093,-6.529494,-6.929151,0.478742,-0.000070,1.000003,0.020000,0.528341,0.681360,0.666484,0.669801
10.6196,188.9780,Navigation mode=main_legacy; global laser obstacle layer=enabled (failed pickup: return to recognition navigation),-0.000093,-6.535273,-6.909151,0.498742,-0.000069,1.000003,0.020000,0.531454,0.680236,0.665536,0.668802
10.6411,188.9980,Navigation mode=main_legacy; global laser obstacle layer=enabled (failed pickup: return to recognition navigation),-0.000093,-6.541052,-6.889152,0.518742,-0.000069,1.000003,0.020000,0.534383,0.678970,0.664456,0.667670
10.6599,189.0180,Navigation mode=main_legacy; global laser obstacle layer=enabled (failed pickup: return to recognition navigation),-0.000093,-6.546826,-6.869152,0.538742,-0.000068,1.000003,0.020000,0.538425,0.676805,0.662591,0.665721
10.6814,189.0380,Navigation mode=main_legacy; global laser obstacle layer=enabled (failed pickup: return to recognition navigation),-0.000093,-6.552594,-6.849153,0.558742,-0.000068,1.000003,0.020000,0.540884,0.675185,0.661184,0.664256
10.7002,189.0580,Navigation mode=main_legacy; global laser obstacle layer=enabled (failed pickup: return to recognition navigation),-0.000093,-6.558353,-6.829153,0.578741,-0.000068,1.000003,0.020000,0.543152,0.673425,0.659648,0.662659
10.7199,189.0780,Navigation mode=main_legacy; global laser obstacle layer=enabled (failed pickup: return to recognition navigation),-0.000093,-6.564099,-6.809154,0.598741,-0.000067,1.000003,0.020000,0.544214,0.672492,0.658830,0.661812
10.7409,189.0980,Navigation mode=main_legacy; global laser obstacle layer=enabled (failed pickup: return to recognition navigation),-0.000093,-6.569831,-6.789154,0.618741,-0.000067,1.000003,0.020000,0.546194,0.670523,0.657100,0.660018
10.7596,189.1180,Navigation mode=main_legacy; global laser obstacle layer=enabled (failed pickup: return to recognition navigation),-0.000094,-6.575546,-6.769155,0.638741,-0.000067,1.000003,0.020000,0.547979,0.668414,0.655241,0.658095
10.7794,189.1380,Navigation mode=main_legacy; global laser obstacle layer=enabled (failed pickup: return to recognition navigation),-0.000094,-6.581240,-6.749155,0.658741,-0.000066,1.000003,0.020000,0.549570,0.666168,0.653255,0.656041
10.8018,189.1580,Navigation mode=main_legacy; global laser obstacle layer=enabled (failed pickup: return to recognition navigation),-0.000094,-6.586911,-6.729156,0.678741,-0.000066,1.000003,0.020000,0.551588,0.662543,0.650041,0.652719
10.8240,189.1780,Navigation mode=main_legacy; global laser obstacle layer=enabled (failed pickup: return to recognition navigation),-0.000094,-6.592556,-6.709156,0.698741,-0.000066,1.000003,0.020000,0.552162,0.661267,0.648905,0.651550
10.8446,189.1980,Navigation mode=main_legacy; global laser obstacle layer=enabled (failed pickup: return to recognition navigation),-0.000094,-6.598173,-6.689157,0.718741,-0.000066,1.000003,0.020000,0.553589,0.657236,0.645316,0.647847
10.8664,189.2180,Navigation mode=main_legacy; global laser obstacle layer=enabled (failed pickup: return to recognition navigation),-0.000094,-6.603759,-6.669157,0.738741,-0.000065,1.000003,0.020000,0.554293,0.654381,0.642768,0.645222
10.8927,189.2380,Navigation mode=main_legacy; global laser obstacle layer=enabled (failed pickup: return to recognition navigation),-0.000094,-6.609310,-6.649158,0.758741,-0.000065,1.000003,0.020000,0.554798,0.651394,0.640098,0.642474
10.9082,189.2580,Navigation mode=main_legacy; global laser obstacle layer=enabled (failed pickup: return to recognition navigation),-0.000094,-6.614825,-6.629158,0.778741,-0.000065,1.000003,0.020000,0.554977,0.649852,0.638716,0.641055
10.9295,189.2780,Navigation mode=main_legacy; global laser obstacle layer=enabled (failed pickup: return to recognition navigation),-0.000094,-6.620300,-6.609159,0.798741,-0.000065,1.000003,0.020000,0.555214,0.645029,0.634396,0.636610
10.9527,189.2980,Navigation mode=main_legacy; global laser obstacle layer=enabled (failed pickup: return to recognition navigation),-0.000094,-6.625733,-6.589159,0.818741,-0.000065,1.000003,0.020000,0.555125,0.641653,0.631367,0.633497
10.9703,189.3180,Navigation mode=main_legacy; global laser obstacle layer=enabled (failed pickup: return to recognition navigation),-0.000094,-6.631122,-6.569160,0.838741,-0.000065,1.000003,0.020000,0.555006,0.639917,0.629807,0.631897
10.9923,189.3380,Navigation mode=main_legacy; global laser obstacle layer=enabled (failed pickup: return to recognition navigation),-0.000095,-6.636462,-6.549160,0.858741,-0.000065,1.000003,0.020000,0.554354,0.634520,0.624959,0.626915
11.0115,189.3580,Navigation mode=main_legacy; global laser obstacle layer=enabled (failed pickup: return to recognition navigation),-0.000095,-6.641752,-6.529161,0.878741,-0.000064,1.000003,0.020000,0.553674,0.630767,0.621583,0.623449
11.0343,189.3780,Navigation mode=main_legacy; global laser obstacle layer=enabled (failed pickup: return to recognition navigation),-0.000095,-6.646989,-6.509161,0.898741,-0.000064,1.000003,0.020000,0.553260,0.628845,0.619851,0.621675
11.0563,189.3980,Navigation mode=main_legacy; global laser obstacle layer=enabled (failed pickup: return to recognition navigation),-0.000095,-6.652169,-6.489162,0.918741,-0.000064,1.000003,0.020000,0.552286,0.624909,0.616307,0.618039
11.0803,189.4180,Navigation mode=main_legacy; global laser obstacle layer=enabled (failed pickup: return to recognition navigation),-0.000095,-6.657291,-6.469162,0.938742,-0.000064,1.000003,0.020000,0.550462,0.618781,0.610786,0.612374
11.0998,189.4380,Navigation mode=main_legacy; global laser obstacle layer=enabled (failed pickup: return to recognition navigation),-0.000095,-6.662352,-6.449163,0.958742,-0.000064,1.000003,0.020000,0.549005,0.614549,0.606969,0.608462
11.1183,189.4580,Navigation mode=main_legacy; global laser obstacle layer=enabled (failed pickup: return to recognition navigation),-0.000095,-6.667348,-6.429163,0.978742,-0.000064,1.000003,0.020000,0.548205,0.612390,0.605020,0.606467
11.1384,189.4780,Navigation mode=main_legacy; global laser obstacle layer=enabled (failed pickup: return to recognition navigation),-0.000095,-6.672278,-6.409164,0.998742,-0.000064,1.000003,0.020000,0.546462,0.607987,0.601046,0.602395
11.1600,189.4980,Navigation mode=main_legacy; global laser obstacle layer=enabled (failed pickup: return to recognition navigation),-0.000095,-6.677138,-6.389165,1.018742,-0.000064,1.000002,0.020000,0.544532,0.603472,0.596970,0.598219
11.1830,189.5180,Navigation mode=main_legacy; global laser obstacle layer=enabled (failed pickup: return to recognition navigation),-0.000095,-6.681925,-6.369165,1.038742,-0.000064,1.000002,0.020000,0.542415,0.598847,0.592793,0.593941
11.2115,189.5380,Navigation mode=main_legacy; global laser obstacle layer=enabled (failed pickup: return to recognition navigation),-0.000095,-6.686637,-6.349166,1.058742,-0.000064,1.000002,0.020000,0.540113,0.594115,0.588519,0.589564
11.2339,189.5580,Navigation mode=main_legacy; global laser obstacle layer=enabled (failed pickup: return to recognition navigation),-0.000095,-6.691271,-6.329166,1.078743,-0.000064,1.000002,0.020000,0.536321,0.586821,0.581929,0.582815
11.2530,189.5780,Navigation mode=main_legacy; global laser obstacle layer=enabled (failed pickup: return to recognition navigation),-0.000095,-6.695825,-6.309167,1.098743,-0.000064,1.000002,0.020000,0.534967,0.584339,0.579684,0.580521
11.2786,189.5980,Navigation mode=main_legacy; global laser obstacle layer=enabled (failed pickup: return to recognition navigation),-0.000095,-6.700295,-6.289171,1.118743,-0.000064,1.000002,0.020000,0.532127,0.579301,0.575129,0.575859
11.2983,189.6180,Navigation mode=main_legacy; global laser obstacle layer=enabled (failed pickup: return to recognition navigation),-0.000095,-6.704679,-6.269174,1.138743,-0.000064,1.000002,0.020000,0.529113,0.574168,0.570488,0.571111
11.3234,189.6380,Navigation mode=main_legacy; global laser obstacle layer=enabled (failed pickup: return to recognition navigation),-0.000095,-6.708974,-6.249168,1.158743,-0.000065,1.000002,0.020000,0.524272,0.566291,0.563367,0.563822
11.3549,189.6580,Navigation mode=main_legacy; global laser obstacle layer=enabled (failed pickup: return to recognition navigation),-0.000095,-6.708974,-6.249168,1.158743,-0.000065,1.000002,0.020000,0.524272,0.566291,0.563367,0.563822
11.3788,189.6780,Navigation mode=main_legacy; global laser obstacle layer=enabled (failed pickup: return to recognition navigation),-0.000095,-6.717287,-6.209170,1.198744,-0.000065,1.000002,0.020000,0.519058,0.558216,0.556058,0.556356
11.4018,189.6980,Navigation mode=main_legacy; global laser obstacle layer=enabled (failed pickup: return to recognition navigation),-0.000095,-6.721299,-6.189170,1.218744,-0.000066,1.000002,0.020000,0.515379,0.552727,0.551090,0.551280
11.4199,189.7180,Navigation mode=main_legacy; global laser obstacle layer=enabled (failed pickup: return to recognition navigation),-0.000095,-6.725211,-6.169170,1.238744,-0.000067,1.000002,0.020000,0.511543,0.547158,0.546050,0.546131
11.4416,189.7380,Navigation mode=main_legacy; global laser obstacle layer=enabled (failed pickup: return to recognition navigation),-0.000095,-6.729020,-6.149171,1.258744,-0.000067,1.000002,0.020000,0.507554,0.541512,0.540941,0.540912
11.4641,189.7580,Navigation mode=main_legacy; global laser obstacle layer=enabled (failed pickup: return to recognition navigation),-0.000095,-6.732724,-6.129171,1.278745,-0.000068,1.000002,0.020000,0.503415,0.535795,0.535767,0.535627
11.4850,189.7780,Navigation mode=main_legacy; global laser obstacle layer=enabled (failed pickup: return to recognition navigation),-0.000095,-6.736320,-6.109172,1.298745,-0.000069,1.000001,0.020000,0.499131,0.530009,0.530530,0.530279
11.5055,189.7980,Navigation mode=main_legacy; global laser obstacle layer=enabled (failed pickup: return to recognition navigation),-0.000095,-6.739805,-6.089172,1.318746,-0.000070,1.000001,0.020000,0.492443,0.521212,0.522571,0.522148
11.5246,189.8180,Navigation mode=main_legacy; global laser obstacle layer=enabled (failed pickup: return to recognition navigation),-0.000095,-6.743176,-6.069173,1.338746,-0.000071,1.000001,0.020000,0.490146,0.518250,0.519889,0.519413
11.5443,189.8380,Navigation mode=main_legacy; global laser obstacle layer=enabled (failed pickup: return to recognition navigation),-0.000095,-6.746431,-6.049173,1.358746,-0.000072,1.000001,0.020000,0.485455,0.512286,0.514492,0.513903
11.5648,189.8580,Navigation mode=main_legacy; global laser obstacle layer=enabled (failed pickup: return to recognition navigation),-0.000095,-6.749567,-6.029174,1.378747,-0.000073,1.000001,0.020000,0.480637,0.506272,0.509051,0.508348
11.5856,189.8780,Navigation mode=main_legacy; global laser obstacle layer=enabled (failed pickup: return to recognition navigation),-0.000095,-6.752581,-6.009174,1.398747,-0.000075,1.000001,0.020000,0.475699,0.500214,0.503569,0.502753
11.6120,189.8980,Navigation mode=main_legacy; global laser obstacle layer=enabled (failed pickup: return to recognition navigation),-0.000095,-6.755470,-5.989174,1.418748,-0.000076,1.000001,0.020000,0.470645,0.494116,0.498052,0.497122
11.6323,189.9180,Navigation mode=main_legacy; global laser obstacle layer=enabled (failed pickup: return to recognition navigation),-0.000095,-6.758232,-5.969175,1.438748,-0.000077,1.000001,0.020000,0.465482,0.487984,0.492506,0.491461
11.6527,189.9380,Navigation mode=main_legacy; global laser obstacle layer=enabled (failed pickup: return to recognition navigation),-0.000095,-6.760864,-5.949175,1.458749,-0.000079,1.000001,0.020000,0.457545,0.478737,0.484143,0.482924
11.6729,189.9580,Navigation mode=main_legacy; global laser obstacle layer=enabled (failed pickup: return to recognition navigation),-0.000095,-6.763363,-5.929176,1.478749,-0.000081,1.000001,0.020000,0.454851,0.475644,0.481343,0.480072
11.6968,189.9780,Navigation mode=main_legacy; global laser obstacle layer=enabled (failed pickup: return to recognition navigation),-0.000095,-6.765727,-5.909176,1.498750,-0.000082,1.000001,0.020000,0.449394,0.469448,0.475738,0.474356
11.7171,189.9980,Navigation mode=main_legacy; global laser obstacle layer=enabled (failed pickup: return to recognition navigation),-0.000095,-6.767952,-5.889176,1.518750,-0.000084,1.000001,0.020000,0.443853,0.463244,0.470126,0.468632
11.7366,190.0180,Navigation mode=main_legacy; global laser obstacle layer=enabled (failed pickup: return to recognition navigation),-0.000095,-6.770036,-5.869177,1.538751,-0.000086,1.000001,0.020000,0.435396,0.453937,0.461710,0.460046
11.7608,190.0380,Navigation mode=main_legacy; global laser obstacle layer=enabled (failed pickup: return to recognition navigation),-0.000095,-6.771976,-5.849177,1.558751,-0.000087,1.000001,0.020000,0.429671,0.447742,0.456106,0.454334
11.7774,190.0580,Navigation mode=main_legacy; global laser obstacle layer=enabled (failed pickup: return to recognition navigation),-0.000095,-6.773769,-5.829177,1.578752,-0.000089,1.000001,0.020000,0.426785,0.444651,0.453307,0.451486
11.7979,190.0780,Navigation mode=main_legacy; global laser obstacle layer=enabled (failed pickup: return to recognition navigation),-0.000095,-6.775414,-5.809178,1.598753,-0.000091,1.000001,0.020000,0.418044,0.435415,0.444952,0.442968
11.8187,190.0980,Navigation mode=main_legacy; global laser obstacle layer=enabled (failed pickup: return to recognition navigation),-0.000095,-6.776906,-5.789178,1.618753,-0.000093,1.000000,0.020000,0.415106,0.432352,0.442177,0.440147
11.8400,190.1180,Navigation mode=main_legacy; global laser obstacle layer=enabled (failed pickup: return to recognition navigation),-0.000095,-6.778243,-5.769178,1.638754,-0.000095,1.000000,0.020000,0.409199,0.426256,0.436658,0.434527
11.8624,190.1380,Navigation mode=main_legacy; global laser obstacle layer=enabled (failed pickup: return to recognition navigation),-0.000095,-6.779423,-5.749179,1.658755,-0.000097,1.000000,0.020000,0.400274,0.417206,0.428461,0.426179
11.8797,190.1580,Navigation mode=main_legacy; global laser obstacle layer=enabled (failed pickup: return to recognition navigation),-0.000095,-6.780442,-5.729179,1.678755,-0.000099,1.000000,0.020000,0.397286,0.414218,0.425751,0.423426
11.8983,190.1780,Navigation mode=main_legacy; global laser obstacle layer=enabled (failed pickup: return to recognition navigation),-0.000095,-6.781299,-5.709179,1.692224,-0.000100,1.000000,0.020000,0.393492,0.410093,0.421947,0.419569
11.9201,190.1980,Navigation mode=main_legacy; global laser obstacle layer=enabled (failed pickup: return to recognition navigation),-0.000095,-6.781989,-5.689180,1.695264,-0.000102,1.000000,0.020000,0.390007,0.406238,0.418374,0.415951
11.9390,190.2180,Navigation mode=main_legacy; global laser obstacle layer=enabled (failed pickup: return to recognition navigation),-0.000095,-6.782511,-5.669180,1.697562,-0.000103,1.000000,0.020000,0.384895,0.400572,0.413109,0.410617
11.9585,190.2380,Navigation mode=main_legacy; global laser obstacle layer=enabled (failed pickup: return to recognition navigation),-0.000095,-6.782862,-5.649180,1.699106,-0.000104,1.000000,0.020000,0.383222,0.398713,0.411374,0.408868
11.9813,190.2580,Navigation mode=main_legacy; global laser obstacle layer=enabled (failed pickup: return to recognition navigation),-0.000095,-6.783039,-5.629181,1.699885,-0.000106,1.000000,0.020000,0.378285,0.393215,0.406240,0.403674
11.9990,190.2780,Navigation mode=main_legacy; global laser obstacle layer=enabled (failed pickup: return to recognition navigation),-0.000095,-6.783061,-5.609181,1.699983,-0.000106,1.000000,0.020000,0.376640,0.391391,0.404531,0.401952
12.0242,190.2980,Velocity control source=navigation (previous=visual; initial arm pose restored for recognition retry),-0.000095,-6.783061,-5.589181,1.699984,-0.000107,1.000000,0.020000,0.371656,0.385919,0.399410,0.396774
12.0468,190.3180,Initial arm pose restored; restarting visual recognition,-0.000095,-6.783061,-5.569181,1.699985,-0.000108,1.000000,0.020000,0.368297,0.382272,0.395992,0.393322
12.0685,190.3380,Initial arm pose restored; restarting visual recognition,-0.000095,-6.783060,-5.549182,1.699986,-0.000109,1.000000,0.020000,0.366607,0.380449,0.394280,0.391598
12.0954,190.3580,Initial arm pose restored; restarting visual recognition,-0.000095,-6.783060,-5.529182,1.699987,-0.000110,1.000000,0.020000,0.363207,0.376806,0.390861,0.388147
12.1383,190.3780,Initial arm pose restored; restarting visual recognition,-0.000095,-6.783060,-5.509182,1.699988,-0.000110,1.000000,0.020000,0.358060,0.371351,0.385739,0.382975
12.1535,190.3980,Initial arm pose restored; restarting visual recognition,-0.000095,-6.783060,-5.489182,1.699989,-0.000111,1.000000,0.020000,0.356331,0.369536,0.384030,0.381255
12.1762,190.4180,Initial arm pose restored; restarting visual recognition,-0.000095,-6.783060,-5.469182,1.699991,-0.000112,1.000000,0.020000,0.352858,0.365913,0.380621,0.377817
12.2000,190.4380,Initial arm pose restored; restarting visual recognition,-0.000095,-6.783060,-5.449183,1.699992,-0.000112,1.000000,0.020000,0.349364,0.362300,0.377217,0.374385
12.2239,190.4580,Initial arm pose restored; restarting visual recognition,-0.000095,-6.783060,-5.429183,1.699993,-0.000113,1.000000,0.020000,0.344084,0.356902,0.372128,0.369253
12.2403,190.4780,Initial arm pose restored; restarting visual recognition,-0.000095,-6.783060,-5.409183,1.699994,-0.000114,1.000000,0.020000,0.342315,0.355110,0.370434,0.367550
12.2639,190.4980,Initial arm pose restored; restarting visual recognition,-0.000095,-6.783060,-5.389183,1.699995,-0.000114,1.000000,0.020000,0.336982,0.349757,0.365376,0.362453
12.2751,190.5180,Initial arm pose restored; restarting visual recognition,-0.000095,-6.783060,-5.369183,1.699996,-0.000115,1.000000,0.020000,0.335197,0.347981,0.363694,0.360763
12.2963,190.5380,Initial arm pose restored; restarting visual recognition,-0.000095,-6.783060,-5.349183,1.699997,-0.000115,1.000000,0.020000,0.329819,0.342685,0.358677,0.355711
12.3168,190.5580,Initial arm pose restored; restarting visual recognition,-0.000096,-6.783060,-5.329183,1.699998,-0.000116,1.000000,0.020000,0.326218,0.339181,0.355351,0.352366
12.3356,190.5780,Initial arm pose restored; restarting visual recognition,-0.000096,-6.783060,-5.309183,1.699999,-0.000116,1.000000,0.020000,0.324414,0.337438,0.353693,0.350703
12.3595,190.5980,Initial arm pose restored; restarting visual recognition,-0.000096,-6.783059,-5.289183,1.700001,-0.000117,1.000000,0.020000,0.318986,0.332250,0.348757,0.345739
12.3760,190.6180,Initial arm pose restored; restarting visual recognition,-0.000096,-6.783059,-5.269183,1.700002,-0.000117,1.000000,0.020000,0.317172,0.330534,0.347121,0.344098
12.3959,190.6380,Initial arm pose restored; restarting visual recognition,-0.000096,-6.783059,-5.249183,1.700003,-0.000117,1.000000,0.020000,0.311721,0.325434,0.342253,0.339208
12.4177,190.6580,Initial arm pose restored; restarting visual recognition,-0.000096,-6.783059,-5.229183,1.700004,-0.000118,1.000000,0.020000,0.309901,0.323750,0.340641,0.337593
12.4402,190.6780,Initial arm pose restored; restarting visual recognition,-0.000096,-6.783059,-5.209183,1.700005,-0.000118,1.000000,0.020000,0.304435,0.318752,0.335853,0.332789
12.4554,190.6980,Initial arm pose restored; restarting visual recognition,-0.000096,-6.783059,-5.189183,1.700006,-0.000118,1.000000,0.020000,0.302612,0.317105,0.334270,0.331205
12.4760,190.7180,Initial arm pose restored; restarting visual recognition,-0.000096,-6.783059,-5.169183,1.700008,-0.000119,1.000000,0.020000,0.298964,0.313841,0.331131,0.328059
12.4980,190.7380,Initial arm pose restored; restarting visual recognition,-0.000096,-6.783059,-5.149183,1.700009,-0.000119,1.000000,0.020000,0.295317,0.310619,0.328026,0.324950
12.5174,190.7580,Initial arm pose restored; restarting visual recognition,-0.000096,-6.783059,-5.129182,1.700010,-0.000119,1.000000,0.020000,0.291672,0.307442,0.324958,0.321876
12.5383,190.7780,Navigating to 左侧 visual observation pose: (-1.5107; -0.4458; 3.1412),-0.000096,-6.783059,-5.109183,1.700011,-0.000120,1.000000,0.020000,0.286208,0.302767,0.320432,0.317342
12.5608,190.7980,Navigating to 左侧 visual observation pose: (-1.5107; -0.4458; 3.1412),-0.000096,-6.783059,-5.089183,1.700012,-0.000121,1.000000,0.020000,0.284390,0.301234,0.318942,0.315854
12.5778,190.8180,Navigating to 左侧 visual observation pose: (-1.5107; -0.4458; 3.1412),-0.000096,-6.783059,-5.069183,1.700014,-0.000121,1.000000,0.020000,0.280757,0.298208,0.315995,0.312910
12.5980,190.8380,Navigating to 左侧 visual observation pose: (-1.5107; -0.4458; 3.1412),-0.000096,-6.783059,-5.049183,1.700015,-0.000122,1.000000,0.020000,0.277131,0.295238,0.313092,0.310014
12.6221,190.8580,Navigating to 左侧 visual observation pose: (-1.5107; -0.4458; 3.1412),0.014068,-6.781971,-5.022500,1.698897,-0.034320,0.992932,0.020000,0.273593,0.301857,0.316241,0.299343
12.6470,190.8780,Navigating to 左侧 visual observation pose: (-1.5107; -0.4458; 3.1412),-0.021990,-6.786160,-5.002084,1.696925,-0.054890,0.992506,0.020000,0.269511,0.320498,0.328426,0.381138
12.6693,190.8980,Navigating to 左侧 visual observation pose: (-1.5107; -0.4458; 3.1412),-0.032209,-6.792634,-4.997242,1.694701,-0.069836,0.992904,0.020000,0.266693,0.336026,0.338762,0.343045
12.6960,190.9180,Navigating to 左侧 visual observation pose: (-1.5107; -0.4458; 3.1412),-0.044354,-6.800388,-5.000463,1.691749,-0.082635,0.992349,0.020000,0.261268,0.383041,0.381994,0.418976
12.7271,190.9380,Navigating to 左侧 visual observation pose: (-1.5107; -0.4458; 3.1412),-0.056691,-6.804984,-5.002806,1.689509,-0.091690,0.993454,0.020000,0.259021,0.406150,0.392749,0.409207
12.7428,190.9580,Navigating to 左侧 visual observation pose: (-1.5107; -0.4458; 3.1412),-0.062798,-6.805665,-5.007464,1.689008,-0.095330,0.993500,0.020000,-1.188073,1.401680,22.183908,0.473894
12.7636,190.9780,Navigating to 左侧 visual observation pose: (-1.5107; -0.4458; 3.1412),0.612531,-7.843734,-5.359709,1.836995,-0.501380,1.516194,0.020000,0.477407,1.130117,21.397624,1.620994
12.7844,190.9980,Navigating to 左侧 visual observation pose: (-1.5107; -0.4458; 3.1412),0.643086,-7.157040,-5.143413,1.811614,-1.433629,2.366148,0.020000,0.628538,1.057539,5.935321,1.010425
12.8063,191.0180,Navigating to 左侧 visual observation pose: (-1.5107; -0.4458; 3.1412),0.521141,-7.283403,-4.932289,1.640016,-0.637703,1.056022,0.020000,0.555397,0.856384,6.525305,0.865373
12.8273,191.0380,Navigating to 左侧 visual observation pose: (-1.5107; -0.4458; 3.1412),0.330582,-6.882202,-4.955649,1.487506,-0.429369,0.856340,0.020000,0.508661,0.748311,2.718748,0.991676
12.8528,191.0580,Navigating to 左侧 visual observation pose: (-1.5107; -0.4458; 3.1412),0.212235,-6.762461,-4.885401,1.634360,-0.177454,0.872087,0.020000,0.413438,0.712648,2.581658,0.800676
12.8727,191.0780,Navigating to 左侧 visual observation pose: (-1.5107; -0.4458; 3.1412),0.126713,-6.772605,-4.971889,1.665518,-0.108799,0.996325,0.020000,0.372818,0.733309,2.896617,0.886515
12.8884,191.0980,Navigating to 左侧 visual observation pose: (-1.5107; -0.4458; 3.1412),0.095730,-6.784317,-4.984856,1.685506,-0.235816,1.107732,0.020000,0.364649,0.760055,2.761244,0.844952
12.9088,191.1180,Navigating to 左侧 visual observation pose: (-1.5107; -0.4458; 3.1412),0.079210,-6.787628,-4.990486,1.690763,-0.156810,1.012782,0.020000,0.328968,0.765441,2.268231,0.820671
12.9287,191.1380,Navigating to 左侧 visual observation pose: (-1.5107; -0.4458; 3.1412),0.067748,-6.790698,-4.991774,1.693216,-0.142425,1.013528,0.020000,0.320591,0.774543,2.047935,0.833650
12.9602,191.1580,Navigating to 左侧 visual observation pose: (-1.5107; -0.4458; 3.1412),0.068241,-6.798510,-4.998869,1.691904,-0.126828,1.007042,0.020000,0.299041,0.788831,0.762671,0.835714
12.9729,191.1780,Navigating to 左侧 visual observation pose: (-1.5107; -0.4458; 3.1412),0.073203,-6.795737,-5.000549,1.693180,-0.093142,1.000838,0.020000,0.294645,0.790074,1.042676,0.839802
12.9964,191.1980,Navigating to 左侧 visual observation pose: (-1.5107; -0.4458; 3.1412),0.076642,-6.793926,-5.003263,1.693847,-0.077524,1.000476,0.020000,0.287019,0.809736,0.975641,0.850280
13.0207,191.2180,Navigating to 左侧 visual observation pose: (-1.5107; -0.4458; 3.1412),0.072649,-6.790192,-5.005558,1.694492,-0.067368,1.005841,0.020000,0.281445,0.824108,0.834983,0.861828
13.0585,191.2380,Navigating to 左侧 visual observation pose: (-1.5107; -0.4458; 3.1412),0.067634,-6.789027,-5.007164,1.695479,-0.059556,1.001451,0.020000,0.278827,0.828095,0.960970,0.864625
13.0818,191.2680,Navigating to 左侧 visual observation pose: (-1.5107; -0.4458; 3.1412),0.054204,-6.784380,-5.005522,1.697069,-0.034672,1.001226,0.020000,0.275902,0.852614,0.826207,0.878347
13.0852,191.2780,Navigating to 左侧 visual observation pose: (-1.5107; -0.4458; 3.1412),0.054204,-6.784380,-5.005522,1.697069,-0.034672,1.001226,0.020000,0.275902,0.852614,0.826207,0.878347
13.1123,191.2980,Navigating to 左侧 visual observation pose: (-1.5107; -0.4458; 3.1412),0.047903,-6.782880,-5.004371,1.697758,-0.026092,1.000389,0.020000,0.275265,0.862410,0.923396,0.884163
13.1377,191.3180,Navigating to 左侧 visual observation pose: (-1.5107; -0.4458; 3.1412),0.040649,-6.781349,-5.004000,1.698538,-0.019290,1.000381,0.020000,0.274896,0.876866,0.922873,0.893368
13.1573,191.3380,Navigating to 左侧 visual observation pose: (-1.5107; -0.4458; 3.1412),0.034457,-6.780859,-5.003269,1.698971,-0.014855,1.000388,0.020000,0.274745,0.878979,0.914267,0.895883
13.1901,191.3580,Navigating to 左侧 visual observation pose: (-1.5107; -0.4458; 3.1412),0.028361,-6.782023,-5.003600,1.698969,0.005618,0.997733,0.020000,0.274674,0.894695,0.928521,0.896280
13.2051,191.3780,Navigating to 左侧 visual observation pose: (-1.5107; -0.4458; 3.1412),0.018333,-6.782857,-5.002153,1.698681,0.018452,0.997482,0.020000,0.274183,0.899445,0.923457,0.897337
13.2305,191.3980,Navigating to 左侧 visual observation pose: (-1.5107; -0.4458; 3.1412),-0.003792,-6.784378,-5.001528,1.698512,0.029443,0.996937,0.020000,0.272161,0.913098,0.919166,0.938359
13.2522,191.4180,Navigating to 左侧 visual observation pose: (-1.5107; -0.4458; 3.1412),0.009614,-6.786018,-5.001334,1.698185,0.037859,0.996536,0.020000,0.270764,0.918886,0.919821,0.930604
13.2682,191.4380,Navigating to 左侧 visual observation pose: (-1.5107; -0.4458; 3.1412),0.021597,-6.787884,-5.001282,1.697489,0.046170,0.996735,0.020000,0.269376,0.920176,0.919522,0.906609
13.2939,191.4580,Navigating to 左侧 visual observation pose: (-1.5107; -0.4458; 3.1412),0.026449,-6.787026,-5.003067,1.698374,0.044524,0.998648,0.020000,0.268296,0.919128,0.918331,0.941803
13.3086,191.4780,Navigating to 左侧 visual observation pose: (-1.5107; -0.4458; 3.1412),0.027830,-6.784784,-5.002481,1.698819,0.039314,0.997291,0.020000,0.268069,0.918161,0.917422,0.938416
13.3299,191.4980,Navigating to 左侧 visual observation pose: (-1.5107; -0.4458; 3.1412),0.027213,-6.784975,-5.003269,1.699181,0.033218,0.999324,0.020000,0.267358,0.916795,0.914413,0.914766
13.3624,191.5180,Navigating to 左侧 visual observation pose: (-1.5107; -0.4458; 3.1412),0.025491,-6.783760,-5.003587,1.699396,0.025320,0.999138,0.020000,0.266895,0.916152,0.910784,0.937626
13.3835,191.5380,Navigating to 左侧 visual observation pose: (-1.5107; -0.4458; 3.1412),0.023625,-6.783496,-5.003607,1.699507,0.020090,0.999553,0.020000,0.266793,0.915738,0.906278,0.929209
13.4052,191.5580,Navigating to 左侧 visual observation pose: (-1.5107; -0.4458; 3.1412),0.021653,-6.783249,-5.003826,1.699638,0.015944,0.999564,0.020000,0.266777,0.915378,0.901622,0.919820
13.4280,191.5780,Observation pose reached within 0.12 m and 0.12 rad; fine cube alignment is delegated to visual servo,0.019564,-6.782947,-5.003835,1.699789,0.013720,0.999036,0.020000,0.266953,0.914692,0.920968,0.935858
13.4514,191.5980,Observation pose reached within 0.12 m and 0.12 rad; fine cube alignment is delegated to visual servo,0.017437,-6.782915,-5.004179,1.699893,0.011847,0.999273,0.020000,0.267090,0.914503,0.902811,0.935945
13.4734,191.6180,Observation pose reached within 0.12 m and 0.12 rad; fine cube alignment is delegated to visual servo,0.015472,-6.783038,-5.003710,1.699842,0.009819,0.999525,0.020000,0.267299,0.914724,0.897344,0.934789
13.4876,191.6380,Observation pose reached within 0.12 m and 0.12 rad; fine cube alignment is delegated to visual servo,0.013644,-6.782902,-5.003640,1.699972,0.008267,0.999803,0.020000,0.267628,0.914569,0.928097,0.907052
13.5125,191.6580,Observation pose reached within 0.12 m and 0.12 rad; fine cube alignment is delegated to visual servo,0.012027,-6.782951,-5.003650,1.699960,0.006456,0.999880,0.020000,0.267916,0.914433,0.908842,0.935596
13.5345,191.6780,Observation pose reached within 0.12 m and 0.12 rad; fine cube alignment is delegated to visual servo,0.010544,-6.783045,-5.003508,1.699929,0.005988,0.999472,0.020000,0.268261,0.914361,0.934728,0.931386
13.5538,191.6980,Observation pose reached within 0.12 m and 0.12 rad; fine cube alignment is delegated to visual servo,0.009212,-6.782995,-5.003514,1.699997,0.004960,0.999836,0.020000,0.268517,0.914292,0.920220,0.926807
13.5762,191.7180,Observation pose reached within 0.12 m and 0.12 rad; fine cube alignment is delegated to visual servo,0.008029,-6.783004,-5.003516,1.700015,0.004198,0.999781,0.020000,0.268718,0.914180,0.906624,0.924649
13.6035,191.7380,Observation pose reached within 0.12 m and 0.12 rad; fine cube alignment is delegated to visual servo,0.006987,-6.782905,-5.003394,1.700060,0.003669,0.999875,0.020000,0.268942,0.914094,0.931424,0.922125
13.6206,191.7580,Observation pose reached within 0.12 m and 0.12 rad; fine cube alignment is delegated to visual servo,0.006059,-6.782930,-5.003363,1.700043,0.002977,0.999824,0.020000,0.269137,0.914027,0.915201,0.919865
13.6561,191.7780,Scanning 左侧 region for electronics with YOLOv5,0.005249,-6.782946,-5.003378,1.700044,0.002679,0.999795,0.020000,0.269357,0.913792,0.931894,0.916573
13.6730,191.7980,Scanning 左侧 region for electronics with YOLOv5,0.004542,-6.782934,-5.003346,1.700068,0.002310,0.999967,0.020000,0.269426,0.913880,0.931143,0.915745
13.6932,191.8180,Scanning 左侧 region for electronics with YOLOv5,0.003914,-6.782960,-5.003314,1.700046,0.001829,0.999924,0.020000,0.269561,0.913842,0.919181,0.913901
13.7099,191.8380,Scanning 左侧 region for electronics with YOLOv5,0.003378,-6.782982,-5.003338,1.700042,0.001560,0.999930,0.020000,0.269655,0.913782,0.915709,0.913214
13.7360,191.8580,Camera acquired a cube in 左侧 region (YOLO raw=food; confidence=0.931); starting observation classification,0.002908,-6.783006,-5.003331,1.700035,0.001327,0.999945,0.020000,0.269738,0.913733,0.916354,0.912967
13.7572,191.8780,Camera acquired a cube in 左侧 region (YOLO raw=food; confidence=0.931); starting observation classification,0.002500,-6.783020,-5.003322,1.700032,0.001109,0.999963,0.020000,0.269847,0.913621,0.919579,0.912584
13.7767,191.8980,Camera acquired a cube in 左侧 region (YOLO raw=food; confidence=0.931); starting observation classification,0.002147,-6.783030,-5.003314,1.700029,0.000909,0.999980,0.020000,0.269878,0.913664,0.920578,0.912510
13.7984,191.9180,Camera acquired a cube in 左侧 region (YOLO raw=food; confidence=0.931); starting observation classification,0.001841,-6.783036,-5.003306,1.700027,0.000731,0.999994,0.020000,0.269937,0.913640,0.922026,0.912089
13.8192,191.9380,Camera acquired a cube in 左侧 region (YOLO raw=food; confidence=0.931); starting observation classification,0.001578,-6.783041,-5.003298,1.700026,0.000574,1.000006,0.020000,0.269989,0.913621,0.922999,0.911542
13.8399,191.9580,Camera acquired a cube in 左侧 region (YOLO raw=food; confidence=0.931); starting observation classification,0.001350,-6.783044,-5.003292,1.700025,0.000437,1.000018,0.020000,0.270056,0.913568,0.923886,0.910511
13.8597,191.9780,Camera acquired a cube in 左侧 region (YOLO raw=food; confidence=0.931); starting observation classification,0.001154,-6.783047,-5.003285,1.700024,0.000318,1.000029,0.020000,0.270075,0.913595,0.924064,0.910205
13.8845,191.9980,Camera acquired a cube in 左侧 region (YOLO raw=food; confidence=0.931); starting observation classification,0.000985,-6.783048,-5.003279,1.700024,0.000220,1.000039,0.020000,0.270111,0.913587,0.924161,0.909470
13.9015,192.0180,Camera acquired a cube in 左侧 region (YOLO raw=food; confidence=0.931); starting observation classification,0.000841,-6.783049,-5.003274,1.700024,0.000147,1.000046,0.020000,0.270143,0.913580,0.923934,0.908716
13.9218,192.0380,Camera acquired a cube in 左侧 region (YOLO raw=food; confidence=0.931); starting observation classification,0.000717,-6.783048,-5.003269,1.700024,0.000109,1.000049,0.020000,0.270171,0.913575,0.923397,0.907957
13.9464,192.0580,Camera acquired a cube in 左侧 region (YOLO raw=food; confidence=0.931); starting observation classification,0.000612,-6.783040,-5.003265,1.700026,0.000092,1.000040,0.020000,0.270204,0.913549,0.922141,0.906806
13.9664,192.0780,Camera acquired a cube in 左侧 region (YOLO raw=food; confidence=0.931); starting observation classification,0.000523,-6.783042,-5.003264,1.700025,0.000077,1.000037,0.020000,0.270221,0.913543,0.921338,0.906080
13.9867,192.0980,Camera acquired a cube in 左侧 region (YOLO raw=food; confidence=0.931); starting observation classification,0.000447,-6.783043,-5.003264,1.700025,0.000064,1.000031,0.020000,0.270234,0.913538,0.920605,0.905381
14.0097,192.1180,Camera acquired a cube in 左侧 region (YOLO raw=food; confidence=0.931); starting observation classification,0.000383,-6.783043,-5.003265,1.700025,0.000051,1.000023,0.020000,0.270245,0.913532,0.919956,0.904717
