wall,sim,status,arm_joint1,arm_joint2,arm_joint3,arm_joint4,arm_joint5,r_joint,cube_z,tcp_z,cube_tcp,cube_right,cube_left
0.0023,161.1080,Opening gripper and moving camera/gripper to the visually aligned cube,0.000259,5.943231,1.279851,1.700009,0.000192,-5.433187,0.020000,0.249159,0.265740,0.279653,0.277486
0.0223,161.1280,Opening gripper and moving camera/gripper to the visually aligned cube,0.000259,5.963232,1.279849,1.700010,0.000192,-5.413187,0.020000,0.246526,0.262874,0.277283,0.275113
0.0426,161.1480,Opening gripper and moving camera/gripper to the visually aligned cube,0.000259,5.983233,1.279848,1.700011,0.000192,-5.393187,0.020000,0.245201,0.261443,0.276100,0.273931
0.0632,161.1680,Opening gripper and moving camera/gripper to the visually aligned cube,0.000259,6.003234,1.279846,1.700012,0.000192,-5.373187,0.020000,0.241192,0.257164,0.272562,0.270398
0.0817,161.1880,Opening gripper and moving camera/gripper to the visually aligned cube,0.000259,6.003234,1.279846,1.700012,0.000192,-5.373187,0.020000,0.238492,0.254324,0.270212,0.268056
0.1012,161.2080,Opening gripper and moving camera/gripper to the visually aligned cube,0.000259,6.023235,1.279844,1.700012,0.000192,-5.353186,0.020000,0.237135,0.252909,0.269039,0.266889
0.1215,161.2280,Opening gripper and moving camera/gripper to the visually aligned cube,0.000259,6.043236,1.279842,1.700013,0.000192,-5.333186,0.020000,0.234407,0.250087,0.266700,0.264564
0.1416,161.2480,Opening gripper and moving camera/gripper to the visually aligned cube,0.000259,6.063237,1.279840,1.700014,0.000192,-5.313186,0.020000,0.230280,0.245882,0.263207,0.261099
0.1615,161.2680,Opening gripper and moving camera/gripper to the visually aligned cube,0.000259,6.103239,1.279836,1.700016,0.000193,-5.283186,0.020000,0.228896,0.244488,0.261770,0.259685
0.1820,161.2880,Opening gripper and moving camera/gripper to the visually aligned cube,0.000259,6.123241,1.279834,1.700017,0.000193,-5.283186,0.020000,0.224721,0.240334,0.257474,0.255460
0.2018,161.3080,Opening gripper and moving camera/gripper to the visually aligned cube,0.000259,6.143242,1.279832,1.700018,0.000193,-5.283186,0.020000,0.223322,0.238959,0.256047,0.254058
0.2211,161.3280,Opening gripper and moving camera/gripper to the visually aligned cube,0.000259,6.143242,1.279832,1.700018,0.000193,-5.283186,0.020000,0.220513,0.236225,0.253203,0.251264
0.2417,161.3480,Opening gripper and moving camera/gripper to the visually aligned cube,0.000259,6.163243,1.279830,1.700019,0.000193,-5.283186,0.020000,0.217692,0.233514,0.250371,0.248486
0.2625,161.3680,Opening gripper and moving camera/gripper to the visually aligned cube,0.000259,6.203245,1.279826,1.700021,0.000192,-5.283186,0.020000,0.213452,0.229499,0.246157,0.244357
0.2823,161.3880,Opening gripper and moving camera/gripper to the visually aligned cube,0.000259,6.203245,1.279826,1.700021,0.000192,-5.283186,0.020000,0.210700,0.226882,0.243403,0.241660
0.3007,161.4080,Opening gripper and moving camera/gripper to the visually aligned cube,0.000259,6.223246,1.279526,1.699902,0.000192,-5.283186,0.020000,0.209355,0.225592,0.242044,0.240330
0.3210,161.4280,Opening gripper and moving camera/gripper to the visually aligned cube,0.000259,6.243247,1.278637,1.699549,0.000192,-5.283185,0.020000,0.205430,0.221785,0.238031,0.236401
0.3416,161.4480,Opening gripper and moving camera/gripper to the visually aligned cube,0.000258,6.263248,1.277177,1.698967,0.000192,-5.283185,0.020000,0.202901,0.219295,0.235405,0.233831
0.3611,161.4680,Opening gripper and moving camera/gripper to the visually aligned cube,0.000258,6.283299,1.275178,1.698169,0.000192,-5.283185,0.020000,0.200416,0.216820,0.232795,0.231276
0.3816,161.4880,Opening gripper and moving camera/gripper to the visually aligned cube,0.000256,6.323252,1.269635,1.695954,0.000190,-5.283185,0.020000,0.197988,0.214370,0.230215,0.228749
0.4012,161.5080,Opening gripper and moving camera/gripper to the visually aligned cube,0.000254,6.343253,1.266139,1.694557,0.000190,-5.283185,0.020000,0.195605,0.211936,0.227652,0.226239
0.4226,161.5280,Opening gripper and moving camera/gripper to the visually aligned cube,0.000253,6.363254,1.262180,1.692975,0.000189,-5.283185,0.020000,0.193261,0.209513,0.225103,0.223743
0.4479,161.5480,Opening gripper and moving camera/gripper to the visually aligned cube,0.000252,6.383255,1.257767,1.691210,0.000188,-5.283185,0.020000,0.190953,0.207095,0.222564,0.221255
0.4623,161.5680,Opening gripper and moving camera/gripper to the visually aligned cube,0.000252,6.383255,1.257767,1.691210,0.000188,-5.283185,0.020000,0.189812,0.205888,0.221298,0.220014
0.4863,161.5880,Opening gripper and moving camera/gripper to the visually aligned cube,0.000248,6.423258,1.247621,1.687154,0.000186,-5.283185,0.020000,0.187550,0.203472,0.218768,0.217534
0.5028,161.6080,Opening gripper and moving camera/gripper to the visually aligned cube,0.000246,6.443259,1.241909,1.684869,0.000185,-5.283185,0.020000,0.184205,0.199843,0.214976,0.213816
0.5259,161.6280,Opening gripper and moving camera/gripper to the visually aligned cube,0.000246,6.443259,1.241909,1.684869,0.000185,-5.283185,0.020000,0.182001,0.197414,0.212447,0.211334
0.5454,161.6480,Opening gripper and moving camera/gripper to the visually aligned cube,0.000244,6.463261,1.235783,1.682420,0.000184,-5.283185,0.020000,0.180906,0.196196,0.211180,0.210091
0.5699,161.6680,Opening gripper and moving camera/gripper to the visually aligned cube,0.000242,6.483262,1.229256,1.679809,0.000183,-5.283185,0.020000,0.178726,0.193752,0.208643,0.207599
0.5907,161.6880,Opening gripper and moving camera/gripper to the visually aligned cube,0.000237,6.523264,1.215034,1.674120,0.000180,-5.283184,0.020000,0.175480,0.190059,0.204823,0.203846
0.6072,161.7080,Opening gripper and moving camera/gripper to the visually aligned cube,0.000237,6.523264,1.215034,1.674120,0.000180,-5.283184,0.020000,0.174402,0.188820,0.203545,0.202590
0.6270,161.7280,Opening gripper and moving camera/gripper to the visually aligned cube,0.000231,6.563267,1.199326,1.667837,0.000177,-5.283184,0.020000,0.171178,0.185077,0.199693,0.198802
0.6471,161.7480,Opening gripper and moving camera/gripper to the visually aligned cube,0.000229,6.583268,1.190940,1.664482,0.000175,-5.283184,0.020000,0.169033,0.182557,0.197110,0.196260
0.6670,161.7680,Opening gripper and moving camera/gripper to the visually aligned cube,0.000229,6.583268,1.190940,1.664482,0.000175,-5.283184,0.020000,0.166888,0.180017,0.194512,0.193702
0.6873,161.7880,Opening gripper and moving camera/gripper to the visually aligned cube,0.000223,6.623270,1.173155,1.657366,0.000172,-5.283184,0.020000,0.164742,0.177456,0.191898,0.191129
0.7066,161.8080,Opening gripper and moving camera/gripper to the visually aligned cube,0.000223,6.623270,1.173155,1.657366,0.000172,-5.283184,0.020000,0.163668,0.176167,0.190586,0.189837
0.7268,161.8280,Opening gripper and moving camera/gripper to the visually aligned cube,0.000216,6.663273,1.154089,1.649738,0.000168,-5.283184,0.020000,0.160436,0.172266,0.186624,0.185933
0.7465,161.8480,Opening gripper and moving camera/gripper to the visually aligned cube,0.000216,6.663273,1.154089,1.649738,0.000168,-5.283184,0.020000,0.158272,0.169636,0.183961,0.183308
0.7686,161.8680,Opening gripper and moving camera/gripper to the visually aligned cube,0.000209,6.703275,1.133822,1.641629,0.000165,-5.283184,0.020000,0.156100,0.166983,0.181281,0.180666
0.7904,161.8880,Opening gripper and moving camera/gripper to the visually aligned cube,0.000206,6.723276,1.123265,1.637405,0.000363,-5.283184,0.020000,0.153916,0.164307,0.178585,0.178003
0.8079,161.9080,Opening gripper and moving camera/gripper to the visually aligned cube,0.000202,6.743277,1.112438,1.633073,0.000179,-5.283183,0.020000,0.151720,0.161606,0.175869,0.175326
0.8278,161.9280,Opening gripper and moving camera/gripper to the visually aligned cube,0.000198,6.763278,1.101352,1.628637,0.000165,-5.283183,0.020000,0.149510,0.158883,0.173135,0.172630
0.8462,161.9480,Opening gripper and moving camera/gripper to the visually aligned cube,0.000194,6.783279,1.090018,1.624101,0.000160,-5.283183,0.020000,0.147285,0.156136,0.170383,0.169915
0.8680,161.9680,Opening gripper and moving camera/gripper to the visually aligned cube,0.000194,6.783279,1.090018,1.624101,0.000160,-5.283183,0.020000,0.146206,0.154775,0.169018,0.168572
0.8854,161.9880,Opening gripper and moving camera/gripper to the visually aligned cube,0.000174,6.803279,1.078438,1.619471,0.000149,-5.283183,0.020000,0.142822,0.150604,0.164842,0.164454
0.9068,162.0080,Opening gripper and moving camera/gripper to the visually aligned cube,0.000185,6.843282,1.054627,1.609939,0.000147,-5.283183,0.020000,0.140545,0.147792,0.162039,0.161687
0.9253,162.0280,Opening gripper and moving camera/gripper to the visually aligned cube,0.000185,6.843282,1.054627,1.609939,0.000147,-5.283183,0.020000,0.139437,0.146399,0.160648,0.160318
0.9458,162.0480,Opening gripper and moving camera/gripper to the visually aligned cube,0.000176,6.883283,1.029980,1.600074,0.000137,-5.283182,0.020000,0.135968,0.142133,0.156398,0.156126
0.9669,162.0680,Opening gripper and moving camera/gripper to the visually aligned cube,0.000171,6.903285,1.017368,1.595028,0.000136,-5.283182,0.020000,0.133630,0.139261,0.153547,0.153314
0.9861,162.0880,Opening gripper and moving camera/gripper to the visually aligned cube,0.000157,6.923286,1.004571,1.589911,0.000129,-5.283182,0.020000,0.131308,0.136394,0.150696,0.150507
1.0050,162.1080,Opening gripper and moving camera/gripper to the visually aligned cube,0.000157,6.923286,1.004571,1.589911,0.000129,-5.283182,0.020000,0.130120,0.134943,0.149257,0.149089
1.0247,162.1280,Opening gripper and moving camera/gripper to the visually aligned cube,0.000161,6.943286,0.991624,1.584726,0.000130,-5.283182,0.020000,0.127726,0.132028,0.146370,0.146245
1.0452,162.1480,Opening gripper and moving camera/gripper to the visually aligned cube,0.000156,6.963287,0.978512,1.579479,0.000130,-5.283182,0.020000,0.124130,0.127648,0.142030,0.141975
1.0648,162.1680,Opening gripper and moving camera/gripper to the visually aligned cube,0.000143,6.983290,0.965244,1.574175,0.000124,-5.283181,0.020000,0.122906,0.126175,0.140572,0.140541
1.0847,162.1880,Opening gripper and moving camera/gripper to the visually aligned cube,0.000147,7.003288,0.951857,1.568814,0.000125,-5.283181,0.020000,0.120442,0.123217,0.137650,0.137666
1.1051,162.2080,Opening gripper and moving camera/gripper to the visually aligned cube,0.000127,7.043292,0.924690,1.557948,0.000117,-5.283180,0.020000,0.116735,0.118776,0.133260,0.133356
1.1245,162.2280,Opening gripper and moving camera/gripper to the visually aligned cube,0.000127,7.043292,0.924690,1.557948,0.000117,-5.283180,0.020000,0.115474,0.117285,0.131788,0.131911
1.1452,162.2480,Opening gripper and moving camera/gripper to the visually aligned cube,0.000132,7.063290,0.910957,1.552449,0.000118,-5.283181,0.020000,0.111655,0.112794,0.127360,0.127565
1.1647,162.2680,Opening gripper and moving camera/gripper to the visually aligned cube,0.000124,7.103291,0.883197,1.541342,0.000116,-5.283181,0.020000,0.110368,0.111292,0.125881,0.126115
1.1843,162.2880,Opening gripper and moving camera/gripper to the visually aligned cube,0.000124,7.103291,0.883197,1.541342,0.000116,-5.283181,0.020000,0.107801,0.108293,0.122931,0.123219
1.2048,162.3080,Opening gripper and moving camera/gripper to the visually aligned cube,0.000113,7.143292,0.855140,1.530115,0.000121,-5.283181,0.020000,0.103862,0.103776,0.118472,0.118867
1.2252,162.3280,Opening gripper and moving camera/gripper to the visually aligned cube,0.000113,7.143292,0.855140,1.530115,0.000121,-5.283181,0.020000,0.101228,0.100773,0.115503,0.115976
1.2445,162.3480,Opening gripper and moving camera/gripper to the visually aligned cube,0.000094,7.163295,0.841020,1.524468,0.000108,-5.283180,0.020000,0.099888,0.099265,0.114015,0.114525
1.2669,162.3680,Opening gripper and moving camera/gripper to the visually aligned cube,0.000084,7.203297,0.812668,1.513124,0.000217,-5.283179,0.020000,0.095852,0.094756,0.109557,0.110189
1.2845,162.3880,Opening gripper and moving camera/gripper to the visually aligned cube,0.000095,7.223295,0.798457,1.507435,0.000110,-5.283180,0.020000,0.093110,0.091748,0.106580,0.107299
1.3040,162.4080,Opening gripper and moving camera/gripper to the visually aligned cube,0.000072,7.243269,0.784264,1.501742,0.000090,-5.283181,0.020000,0.091752,0.090255,0.105099,0.105868
1.3250,162.4280,Opening gripper and moving camera/gripper to the visually aligned cube,0.000075,7.263272,0.770063,1.496048,0.000070,-5.283183,0.020000,0.087553,0.085722,0.100634,0.101545
1.3453,162.4480,Opening gripper and moving camera/gripper to the visually aligned cube,0.000067,7.283280,0.755848,1.490360,0.000075,-5.283184,0.020000,0.084718,0.082714,0.097660,0.098673
1.3643,162.4680,Opening gripper and moving camera/gripper to the visually aligned cube,0.000062,7.303284,0.741646,1.484677,0.000080,-5.283184,0.020000,0.083289,0.081218,0.096174,0.097243
1.3844,162.4880,Opening gripper and moving camera/gripper to the visually aligned cube,0.000058,7.323287,0.727470,1.479004,0.000079,-5.283184,0.020000,0.078962,0.076769,0.091729,0.092980
1.4045,162.5080,Opening gripper and moving camera/gripper to the visually aligned cube,0.000055,7.343289,0.713330,1.473347,0.000078,-5.283184,0.020000,0.076042,0.073842,0.088782,0.090167
1.4289,162.5280,Opening gripper and moving camera/gripper to the visually aligned cube,0.000055,7.343289,0.713330,1.473347,0.000078,-5.283184,0.020000,0.074571,0.072392,0.087315,0.088771
1.4491,162.5480,Opening gripper and moving camera/gripper to the visually aligned cube,0.000051,7.363290,0.699239,1.467709,0.000075,-5.283185,0.020000,0.071608,0.069523,0.084396,0.086004
1.4802,162.5680,Opening gripper and moving camera/gripper to the visually aligned cube,0.000042,7.403292,0.671239,1.456507,0.000070,-5.283185,0.020000,0.067110,0.065312,0.080067,0.081926
1.4897,162.5880,Opening gripper and moving camera/gripper to the visually aligned cube,0.000042,7.403292,0.671239,1.456507,0.000070,-5.283185,0.020000,0.065595,0.063938,0.078640,0.080589
1.5105,162.6080,Opening gripper and moving camera/gripper to the visually aligned cube,0.000037,7.423292,0.657352,1.450951,0.000068,-5.283185,0.020000,0.064074,0.062581,0.077223,0.079265
1.5290,162.6280,Opening gripper and moving camera/gripper to the visually aligned cube,0.000032,7.443292,0.643554,1.445431,0.000065,-5.283185,0.020000,0.059467,0.058627,0.073034,0.075381
1.5508,162.6480,Opening gripper and moving camera/gripper to the visually aligned cube,0.000023,7.483292,0.616266,1.434514,0.000060,-5.283185,0.020000,0.054793,0.054891,0.068967,0.071654
1.5721,162.6680,Opening gripper and moving camera/gripper to the visually aligned cube,0.000018,7.503292,0.602796,1.429126,0.000058,-5.283185,0.020000,0.051642,0.052552,0.066339,0.069275
1.5901,162.6880,Opening gripper and moving camera/gripper to the visually aligned cube,0.000018,7.503292,0.602796,1.429126,0.000058,-5.283185,0.020000,0.048461,0.050361,0.063794,0.066995
1.6112,162.7080,Opening gripper and moving camera/gripper to the visually aligned cube,-0.000013,7.543292,0.576258,1.418509,0.000053,-5.283185,0.020000,0.045252,0.048344,0.061343,0.064834
1.6292,162.7280,Opening gripper and moving camera/gripper to the visually aligned cube,-0.000013,7.543292,0.576258,1.418509,0.000053,-5.283185,0.020000,0.043637,0.047408,0.060161,0.063798
1.6498,162.7480,Opening gripper and moving camera/gripper to the visually aligned cube,-0.000013,7.563291,0.563210,1.413289,0.000051,-5.283185,0.020000,0.040386,0.045707,0.057890,0.061838
1.6692,162.7680,Opening gripper and moving camera/gripper to the visually aligned cube,-0.000015,7.583291,0.550323,1.408134,0.000048,-5.283185,0.020000,0.037106,0.044258,0.055764,0.060038
1.6924,162.7880,Opening gripper and moving camera/gripper to the visually aligned cube,-0.000021,7.603291,0.537607,1.403047,0.000046,-5.283185,0.020000,0.032135,0.042632,0.052898,0.057684
1.7108,162.8080,Opening gripper and moving camera/gripper to the visually aligned cube,-0.000018,7.643290,0.512730,1.393094,0.000042,-5.283185,0.020000,0.028787,0.041962,0.051240,0.056383
1.7320,162.8280,Opening gripper and moving camera/gripper to the visually aligned cube,-0.000022,7.663332,0.500551,1.388233,0.000031,-5.283182,0.020000,0.025424,0.041667,0.049826,0.055324
1.7492,162.8480,Opening gripper and moving camera/gripper to the visually aligned cube,-0.000022,7.663332,0.500551,1.388233,0.000031,-5.283182,0.020000,0.022048,0.041774,0.048691,0.054536
1.7691,162.8680,Opening gripper and moving camera/gripper to the visually aligned cube,-0.000028,7.703292,0.476914,1.378774,0.000033,-5.283182,0.019020,0.018654,0.042221,0.048158,0.054242
1.7900,162.8880,Opening gripper and moving camera/gripper to the visually aligned cube,0.002691,7.723501,0.461690,1.372513,0.007780,-5.292729,0.019368,0.017030,0.045149,0.049329,0.056190
1.8090,162.9080,Opening gripper and moving camera/gripper to the visually aligned cube,0.005921,7.744038,0.449925,1.367659,0.018969,-5.296417,0.018739,0.016036,0.048114,0.051705,0.059307
1.8288,162.9280,Opening gripper and moving camera/gripper to the visually aligned cube,0.005921,7.744038,0.449925,1.367659,0.018969,-5.296417,0.020989,0.015660,0.051597,0.051153,0.065201
1.8489,162.9480,Grasp descent wrist guard stopped collision rotation: joint5=-0.054 rad; limit=0.035 rad; backing off to the latest stable approach pose,0.007998,7.784475,0.429596,1.359914,-0.040737,-5.293558,0.023131,0.010805,0.057447,0.057008,0.068495
1.8863,162.9780,Grasp descent wrist guard stopped collision rotation: joint5=-0.054 rad; limit=0.035 rad; backing off to the latest stable approach pose,0.006235,7.802443,0.420506,1.356310,-0.025720,-5.285529,0.023728,0.003426,0.064652,0.061033,0.074732
1.8918,162.9880,Grasp descent wrist guard stopped collision rotation: joint5=-0.054 rad; limit=0.035 rad; backing off to the latest stable approach pose,0.006235,7.802443,0.420506,1.356310,-0.025720,-5.285529,0.023728,0.000595,0.066563,0.063514,0.074420
1.9089,163.0080,Grasp descent wrist guard stopped collision rotation: joint5=-0.054 rad; limit=0.035 rad; backing off to the latest stable approach pose,0.004444,7.842160,0.418297,1.355241,-0.011704,-5.282984,0.022273,-0.002174,0.067723,0.063001,0.074689
1.9293,163.0280,Grasp descent wrist guard stopped collision rotation: joint5=-0.054 rad; limit=0.035 rad; backing off to the latest stable approach pose,0.004444,7.842160,0.418297,1.355241,-0.011704,-5.282984,0.023738,-0.009337,0.079350,0.073270,0.078901
1.9502,163.0480,Grasp descent wrist guard stopped collision rotation: joint5=-0.054 rad; limit=0.035 rad; backing off to the latest stable approach pose,0.020289,7.877053,0.411170,1.349381,0.022525,-5.282963,0.031625,-0.004605,0.097210,0.093288,0.100368
1.9691,163.0680,Grasp descent wrist guard stopped collision rotation: joint5=-0.054 rad; limit=0.035 rad; backing off to the latest stable approach pose,0.014484,7.900600,0.435956,1.362261,0.013839,-5.282980,0.029303,-0.012532,0.108137,0.103976,0.111707
1.9887,163.0880,Grasp descent wrist guard stopped collision rotation: joint5=-0.054 rad; limit=0.035 rad; backing off to the latest stable approach pose,0.014484,7.900600,0.435956,1.362261,0.013839,-5.282980,0.026728,-0.014698,0.111557,0.106814,0.115160
2.0090,163.1080,Grasp descent wrist guard stopped collision rotation: joint5=-0.054 rad; limit=0.035 rad; backing off to the latest stable approach pose,0.011581,7.922639,0.435400,1.362231,0.067811,-5.281879,0.024861,-0.011234,0.121427,0.116075,0.125964
2.0295,163.1280,Grasp descent wrist guard stopped collision rotation: joint5=-0.054 rad; limit=0.035 rad; backing off to the latest stable approach pose,0.011984,7.964187,0.445177,1.366454,0.219126,-5.282474,0.023982,-0.008959,0.126714,0.121940,0.132881
2.0486,163.1480,Grasp descent wrist guard stopped collision rotation: joint5=-0.054 rad; limit=0.035 rad; backing off to the latest stable approach pose,0.014236,7.983246,0.449928,1.370274,0.342591,-5.294974,0.022473,-0.008511,0.128434,0.129998,0.132382
2.0691,163.1680,Grasp descent wrist guard stopped collision rotation: joint5=-0.054 rad; limit=0.035 rad; backing off to the latest stable approach pose,0.014236,7.983246,0.449928,1.370274,0.342591,-5.294974,0.017999,-0.002336,0.135468,0.134904,0.145829
2.0893,163.1880,Grasp descent wrist guard stopped collision rotation: joint5=-0.054 rad; limit=0.035 rad; backing off to the latest stable approach pose,0.018879,7.993869,0.453730,1.371908,0.524737,-5.298133,0.021251,-0.006264,0.141886,0.145373,0.110975
2.1129,163.2080,Grasp descent wrist guard stopped collision rotation: joint5=-0.054 rad; limit=0.035 rad; backing off to the latest stable approach pose,0.018734,8.005558,0.477770,1.377140,0.511512,-5.316237,0.020483,0.003181,0.150808,0.154786,0.145244
2.1289,163.2280,Grasp descent wrist guard stopped collision rotation: joint5=-0.054 rad; limit=0.035 rad; backing off to the latest stable approach pose,0.022413,8.038058,0.467298,1.378760,0.680386,-5.295739,0.019999,-0.002700,0.157259,0.118094,0.138002
2.1484,163.2480,Grasp descent wrist guard stopped collision rotation: joint5=-0.054 rad; limit=0.035 rad; backing off to the latest stable approach pose,0.022322,8.041987,0.487163,1.380027,0.671027,-5.328048,0.019672,0.008149,0.158674,0.166529,0.172892
2.1687,163.2680,Grasp descent wrist guard stopped collision rotation: joint5=-0.054 rad; limit=0.035 rad; backing off to the latest stable approach pose,0.024662,8.083482,0.497702,1.384618,0.603689,-5.313855,0.019621,-0.007249,0.163998,0.167270,0.177970
2.1887,163.2880,Grasp descent wrist guard stopped collision rotation: joint5=-0.054 rad; limit=0.035 rad; backing off to the latest stable approach pose,0.028023,8.101189,0.499930,1.385053,0.621890,-5.314230,0.019844,0.008207,0.168927,0.174432,0.174977
2.2087,163.3080,Grasp descent wrist guard stopped collision rotation: joint5=-0.054 rad; limit=0.035 rad; backing off to the latest stable approach pose,0.030122,8.120337,0.500160,1.384988,0.640681,-5.314773,0.019844,-0.006952,0.173271,0.175532,0.177810
2.2284,163.3280,Grasp descent wrist guard stopped collision rotation: joint5=-0.054 rad; limit=0.035 rad; backing off to the latest stable approach pose,0.031060,8.139497,0.499359,1.384530,0.655908,-5.315591,0.019999,0.011380,0.177458,0.191361,0.180732
2.2490,163.3480,Grasp descent wrist guard stopped collision rotation: joint5=-0.054 rad; limit=0.035 rad; backing off to the latest stable approach pose,0.030444,8.161494,0.498592,1.384411,0.673513,-5.322103,0.019999,-0.004496,0.181333,0.181912,0.198903
2.2707,163.3680,Grasp descent wrist guard stopped collision rotation: joint5=-0.054 rad; limit=0.035 rad; backing off to the latest stable approach pose,0.030444,8.161494,0.498592,1.384411,0.673513,-5.322103,0.019621,0.013130,0.184649,0.193048,0.191990
2.2911,163.3880,Grasp descent wrist guard stopped collision rotation: joint5=-0.054 rad; limit=0.035 rad; backing off to the latest stable approach pose,0.021103,8.214919,0.487168,1.420134,0.571534,-5.312247,0.019621,-0.003729,0.183452,0.180327,0.205409
2.3111,163.4080,Grasp descent wrist guard stopped collision rotation: joint5=-0.054 rad; limit=0.035 rad; backing off to the latest stable approach pose,0.021103,8.214919,0.487168,1.420134,0.571534,-5.312247,0.019999,-0.005073,0.187027,0.185852,0.206363
2.3312,163.4280,Grasp descent wrist guard stopped collision rotation: joint5=-0.054 rad; limit=0.035 rad; backing off to the latest stable approach pose,0.021001,8.233435,0.485054,1.424528,0.534861,-5.312173,0.019844,-0.001423,0.192394,0.190802,0.196098
2.3502,163.4480,Grasp descent wrist guard stopped collision rotation: joint5=-0.054 rad; limit=0.035 rad; backing off to the latest stable approach pose,0.025109,8.259307,0.476027,1.427526,0.574266,-5.308178,0.019999,0.003178,0.192706,0.195603,0.202649
2.3714,163.4680,Grasp descent wrist guard stopped collision rotation: joint5=-0.054 rad; limit=0.035 rad; backing off to the latest stable approach pose,0.011558,8.325086,0.472933,1.415830,0.423781,-5.287446,0.019999,0.001944,0.197619,0.200341,0.209125
2.3955,163.4880,Grasp descent wrist guard stopped collision rotation: joint5=-0.054 rad; limit=0.035 rad; backing off to the latest stable approach pose,0.011558,8.325086,0.472933,1.415830,0.423781,-5.287446,0.019844,-0.001989,0.203045,0.165358,0.193642
2.4174,163.5080,Grasp descent wrist guard stopped collision rotation: joint5=-0.054 rad; limit=0.035 rad; backing off to the latest stable approach pose,0.009535,8.324748,0.476042,1.424765,0.431890,-5.313535,0.019621,0.000983,0.205167,0.202229,0.207227
2.4476,163.5280,Grasp descent wrist guard stopped collision rotation: joint5=-0.054 rad; limit=0.035 rad; backing off to the latest stable approach pose,0.002701,8.376450,0.473041,1.383597,0.354434,-5.313399,0.019999,0.002851,0.210733,0.209362,0.211017
2.4708,163.5480,Grasp descent wrist guard stopped collision rotation: joint5=-0.054 rad; limit=0.035 rad; backing off to the latest stable approach pose,0.002701,8.376450,0.473041,1.383597,0.354434,-5.313399,0.019621,-0.012017,0.213975,0.195996,0.219623
2.4919,163.5680,Grasp descent wrist guard stopped collision rotation: joint5=-0.054 rad; limit=0.035 rad; backing off to the latest stable approach pose,0.015781,8.397414,0.435902,1.452448,0.351185,-5.325528,0.019999,0.000123,0.216149,0.181015,0.224439
2.6878,163.5880,Grasp descent wrist guard stopped collision rotation: joint5=-0.054 rad; limit=0.035 rad; backing off to the latest stable approach pose,0.015083,8.368122,0.490479,1.379738,0.361690,-5.382370,0.019844,0.003361,0.220821,0.215500,0.225527
2.6900,163.7480,Grasp descent wrist guard stopped collision rotation: joint5=-0.054 rad; limit=0.035 rad; backing off to the latest stable approach pose,0.015689,8.554691,0.487069,1.378722,0.252716,-5.542213,0.019844,0.003361,0.220821,0.215500,0.225527
2.6902,163.7480,Grasp descent wrist guard stopped collision rotation: joint5=-0.054 rad; limit=0.035 rad; backing off to the latest stable approach pose,0.015689,8.554691,0.487069,1.378722,0.252716,-5.542213,0.019844,0.003361,0.220821,0.215500,0.225527
2.7347,163.7880,Grasp descent wrist guard stopped collision rotation: joint5=-0.054 rad; limit=0.035 rad; backing off to the latest stable approach pose,0.016073,8.649410,0.413932,1.439884,0.201894,-5.538548,0.019844,0.016913,0.285555,0.280614,0.291292
2.7350,163.7880,Grasp descent wrist guard stopped collision rotation: joint5=-0.054 rad; limit=0.035 rad; backing off to the latest stable approach pose,0.016073,8.649410,0.413932,1.439884,0.201894,-5.538548,0.019844,0.016913,0.285555,0.280614,0.291292
2.7462,163.8080,Grasp descent wrist guard stopped collision rotation: joint5=-0.054 rad; limit=0.035 rad; backing off to the latest stable approach pose,0.016073,8.649410,0.413932,1.439884,0.201894,-5.538548,0.019621,-0.002729,0.286937,0.294555,0.291091
2.7660,163.8280,Grasp descent wrist guard stopped collision rotation: joint5=-0.054 rad; limit=0.035 rad; backing off to the latest stable approach pose,0.034136,8.677432,0.395101,1.477778,0.104816,-5.549994,0.019844,0.017616,0.293011,0.279328,0.294691
2.7865,163.8480,Grasp descent wrist guard stopped collision rotation: joint5=-0.054 rad; limit=0.035 rad; backing off to the latest stable approach pose,0.023638,8.661490,0.493518,1.378347,-0.103180,-5.522856,0.019621,-0.002599,0.297830,0.292285,0.302634
2.8066,163.8680,Grasp descent wrist guard stopped collision rotation: joint5=-0.054 rad; limit=0.035 rad; backing off to the latest stable approach pose,0.023638,8.661490,0.493518,1.378347,-0.103180,-5.522856,0.019621,0.019762,0.299983,0.295711,0.306266
2.8263,163.8880,Grasp descent wrist guard stopped collision rotation: joint5=-0.054 rad; limit=0.035 rad; backing off to the latest stable approach pose,0.019699,8.677444,0.492177,1.375064,-0.178087,-5.530718,0.019844,0.017151,0.305703,0.272261,0.309871
2.8470,163.9080,Grasp descent wrist guard stopped collision rotation: joint5=-0.054 rad; limit=0.035 rad; backing off to the latest stable approach pose,0.026232,8.738777,0.440324,1.443362,-0.196954,-5.536515,0.019844,0.021039,0.312436,0.318477,0.316339
2.8660,163.9280,Grasp descent wrist guard stopped collision rotation: joint5=-0.054 rad; limit=0.035 rad; backing off to the latest stable approach pose,0.017178,8.764270,0.398765,1.462085,-0.123513,-5.533916,0.019999,0.001344,0.316186,0.317329,0.270010
2.8878,163.9480,Grasp descent wrist guard stopped collision rotation: joint5=-0.054 rad; limit=0.035 rad; backing off to the latest stable approach pose,0.023422,8.817844,0.395648,1.448137,-0.120209,-5.525720,0.019844,0.001492,0.320699,0.316869,0.317953
2.9075,163.9680,Grasp descent wrist guard stopped collision rotation: joint5=-0.054 rad; limit=0.035 rad; backing off to the latest stable approach pose,0.044962,8.873605,0.405974,1.444749,0.045564,-5.517240,0.019844,0.027003,0.324733,0.325517,0.280275
2.9332,163.9880,Grasp descent wrist guard stopped collision rotation: joint5=-0.054 rad; limit=0.035 rad; backing off to the latest stable approach pose,0.038271,8.801075,0.489661,1.375730,0.029594,-5.525771,0.019999,0.009045,0.331376,0.335992,0.305903
2.9502,164.0080,Grasp descent wrist guard stopped collision rotation: joint5=-0.054 rad; limit=0.035 rad; backing off to the latest stable approach pose,0.032767,8.819482,0.488492,1.371700,0.087397,-5.523732,0.019999,0.012278,0.337702,0.292697,0.328191
2.9698,164.0280,Grasp descent wrist guard stopped collision rotation: joint5=-0.054 rad; limit=0.035 rad; backing off to the latest stable approach pose,0.050740,8.893454,0.429378,1.430182,-0.072259,-5.523046,0.019621,0.034579,0.341785,0.329722,0.336450
2.9917,164.0480,Grasp descent wrist guard stopped collision rotation: joint5=-0.054 rad; limit=0.035 rad; backing off to the latest stable approach pose,0.048619,8.950029,0.400082,1.445618,0.068859,-5.525740,0.019621,0.034355,0.344316,0.333772,0.348394
3.0265,164.0780,Grasp descent wrist guard stopped collision rotation: joint5=-0.054 rad; limit=0.035 rad; backing off to the latest stable approach pose,0.045491,8.966800,0.388718,1.417385,0.064005,-5.521281,0.019844,0.012277,0.348873,0.307229,0.298175
3.0291,164.0880,Grasp descent wrist guard stopped collision rotation: joint5=-0.054 rad; limit=0.035 rad; backing off to the latest stable approach pose,0.045491,8.966800,0.388718,1.417385,0.064005,-5.521281,0.019621,0.017052,0.353583,0.326336,0.347920
3.0610,164.1080,Grasp descent wrist guard stopped collision rotation: joint5=-0.054 rad; limit=0.035 rad; backing off to the latest stable approach pose,0.053604,8.926510,0.469900,1.360178,-0.037382,-5.523188,0.019999,0.036136,0.357227,0.328823,0.358473
3.0696,164.1280,Grasp descent wrist guard stopped collision rotation: joint5=-0.054 rad; limit=0.035 rad; backing off to the latest stable approach pose,0.055187,8.940013,0.463693,1.351784,-0.021897,-5.520758,0.019844,0.019498,0.362595,0.357789,0.324181
3.0891,164.1480,Grasp descent wrist guard stopped collision rotation: joint5=-0.054 rad; limit=0.035 rad; backing off to the latest stable approach pose,0.055187,8.940013,0.463693,1.351784,-0.021897,-5.520758,0.019621,0.037413,0.363418,0.316824,0.345770
3.1102,164.1680,Grasp descent wrist guard stopped collision rotation: joint5=-0.054 rad; limit=0.035 rad; backing off to the latest stable approach pose,0.075650,9.047886,0.386463,1.391648,-0.057754,-5.521409,0.019621,0.036423,0.364367,0.355146,0.340022
3.1298,164.1880,Grasp descent wrist guard stopped collision rotation: joint5=-0.054 rad; limit=0.035 rad; backing off to the latest stable approach pose,0.075650,9.047886,0.386463,1.391648,-0.057754,-5.521409,0.019844,0.039236,0.367048,0.322974,0.358417
3.1495,164.2080,Grasp descent wrist guard stopped collision rotation: joint5=-0.054 rad; limit=0.035 rad; backing off to the latest stable approach pose,0.070108,9.099994,0.340743,1.406867,0.079070,-5.533948,0.019621,0.016434,0.372763,0.366502,0.368195
3.1698,164.2280,Grasp descent wrist guard stopped collision rotation: joint5=-0.054 rad; limit=0.035 rad; backing off to the latest stable approach pose,0.070677,9.125040,0.341344,1.385510,0.133620,-5.524682,0.019999,0.015093,0.375751,0.367887,0.373299
3.1901,164.2480,Grasp descent wrist guard stopped collision rotation: joint5=-0.054 rad; limit=0.035 rad; backing off to the latest stable approach pose,0.081092,9.061095,0.418027,1.307113,0.071854,-5.522134,0.019999,0.037915,0.376661,0.367752,0.373451
3.2124,164.2680,Grasp descent wrist guard stopped collision rotation: joint5=-0.054 rad; limit=0.035 rad; backing off to the latest stable approach pose,0.081092,9.061095,0.418027,1.307113,0.071854,-5.522134,0.019621,0.035472,0.378376,0.381517,0.376115
3.2348,164.2880,Grasp descent wrist guard stopped collision rotation: joint5=-0.054 rad; limit=0.035 rad; backing off to the latest stable approach pose,0.088698,9.102222,0.396800,1.286671,-0.069122,-5.521889,0.019999,0.010418,0.383787,0.375589,0.358124
3.2549,164.3080,Grasp descent wrist guard stopped collision rotation: joint5=-0.054 rad; limit=0.035 rad; backing off to the latest stable approach pose,0.093745,9.121384,0.386910,1.276553,-0.062693,-5.521216,0.019999,0.008947,0.386247,0.385569,0.369750
3.2747,164.3280,Grasp descent wrist guard stopped collision rotation: joint5=-0.054 rad; limit=0.035 rad; backing off to the latest stable approach pose,0.100026,9.141706,0.375152,1.266621,-0.052268,-5.520514,0.019844,0.008083,0.388572,0.367166,0.333415
3.2953,164.3480,Grasp descent wrist guard stopped collision rotation: joint5=-0.054 rad; limit=0.035 rad; backing off to the latest stable approach pose,0.100026,9.141706,0.375152,1.266621,-0.052268,-5.520514,0.019621,0.007235,0.389781,0.345298,0.372603
3.3140,164.3680,Grasp descent wrist guard stopped collision rotation: joint5=-0.054 rad; limit=0.035 rad; backing off to the latest stable approach pose,0.106201,9.160579,0.361686,1.256158,-0.041001,-5.522539,0.019844,0.030722,0.389326,0.374491,0.366704
3.3338,164.3880,Grasp descent wrist guard stopped collision rotation: joint5=-0.054 rad; limit=0.035 rad; backing off to the latest stable approach pose,0.113425,9.179189,0.345311,1.244697,-0.033733,-5.518923,0.019621,0.030098,0.389878,0.363791,0.391746
3.3553,164.4080,Grasp descent wrist guard stopped collision rotation: joint5=-0.054 rad; limit=0.035 rad; backing off to the latest stable approach pose,0.119388,9.200854,0.328200,1.234380,-0.026235,-5.519537,0.019999,0.029321,0.390255,0.348469,0.395996
3.3743,164.4280,Grasp descent wrist guard stopped collision rotation: joint5=-0.054 rad; limit=0.035 rad; backing off to the latest stable approach pose,0.136346,9.240034,0.285276,1.211727,0.034961,-5.520273,0.019999,0.002304,0.391767,0.387262,0.370551
3.3943,164.4480,Grasp descent wrist guard stopped collision rotation: joint5=-0.054 rad; limit=0.035 rad; backing off to the latest stable approach pose,0.136346,9.240034,0.285276,1.211727,0.034961,-5.520273,0.019621,-0.001831,0.388509,0.388258,0.325304
3.4146,164.4680,Grasp descent wrist guard stopped collision rotation: joint5=-0.054 rad; limit=0.035 rad; backing off to the latest stable approach pose,0.170641,9.361637,0.238661,1.215299,-0.082198,-5.520954,0.019621,0.017088,0.365252,0.369563,0.340632
3.4349,164.4880,Grasp descent wrist guard stopped collision rotation: joint5=-0.054 rad; limit=0.035 rad; backing off to the latest stable approach pose,0.154354,9.442085,-0.262162,1.187624,-0.086674,-5.523742,0.019844,0.065202,0.421349,0.368754,0.394264
3.4547,164.5080,Grasp descent wrist guard stopped collision rotation: joint5=-0.054 rad; limit=0.035 rad; backing off to the latest stable approach pose,0.154354,9.442085,-0.262162,1.187624,-0.086674,-5.523742,0.019844,0.020648,0.383132,0.369495,0.344923
3.4748,164.5280,Grasp descent wrist guard stopped collision rotation: joint5=-0.054 rad; limit=0.035 rad; backing off to the latest stable approach pose,0.155272,9.358033,0.498989,1.151418,-0.081080,-5.521211,0.019999,0.007690,0.403351,0.380928,0.402365
3.4955,164.5480,Grasp descent wrist guard stopped collision rotation: joint5=-0.054 rad; limit=0.035 rad; backing off to the latest stable approach pose,0.200679,9.470868,-0.200386,1.131365,-0.084100,-5.523061,0.019999,0.060805,0.421280,0.414359,0.409746
3.5177,164.5680,Grasp descent wrist guard stopped collision rotation: joint5=-0.054 rad; limit=0.035 rad; backing off to the latest stable approach pose,0.200679,9.470868,-0.200386,1.131365,-0.084100,-5.523061,0.019621,0.019451,0.382727,0.361244,0.367938
3.5348,164.5880,Grasp descent wrist guard stopped collision rotation: joint5=-0.054 rad; limit=0.035 rad; backing off to the latest stable approach pose,0.141455,9.209363,0.425050,1.017680,-0.080495,-5.545445,0.019621,-0.024107,0.454462,0.424447,0.380696
3.5545,164.6080,Grasp descent wrist guard stopped collision rotation: joint5=-0.054 rad; limit=0.035 rad; backing off to the latest stable approach pose,0.141455,9.209363,0.425050,1.017680,-0.080495,-5.545445,0.019844,0.031602,0.461385,0.425577,0.432767
3.5748,164.6280,Grasp descent wrist guard stopped collision rotation: joint5=-0.054 rad; limit=0.035 rad; backing off to the latest stable approach pose,0.172690,9.373430,0.383540,1.097448,-0.092559,-5.517847,0.019844,-0.045942,0.436923,0.405090,0.437120
3.5949,164.6480,Grasp descent wrist guard stopped collision rotation: joint5=-0.054 rad; limit=0.035 rad; backing off to the latest stable approach pose,0.209715,9.412943,0.533462,1.092521,0.053941,-5.532800,0.019621,-0.041888,0.431257,0.357199,0.399698
3.6140,164.6680,Grasp descent wrist guard stopped collision rotation: joint5=-0.054 rad; limit=0.035 rad; backing off to the latest stable approach pose,0.209715,9.412943,0.533462,1.092521,0.053941,-5.532800,0.019844,0.023783,0.473175,0.447124,0.471363
3.6349,164.6880,Grasp descent wrist guard stopped collision rotation: joint5=-0.054 rad; limit=0.035 rad; backing off to the latest stable approach pose,0.223737,9.413977,0.611222,1.161821,-0.213037,-5.580260,0.019621,0.032539,0.490360,0.411696,0.448756
3.6552,164.7080,Grasp descent wrist guard stopped collision rotation: joint5=-0.054 rad; limit=0.035 rad; backing off to the latest stable approach pose,0.245603,9.468890,0.690699,1.154364,-0.448077,-5.558829,0.019999,-0.026005,0.426248,0.354041,0.412992
3.6748,164.7280,Grasp descent wrist guard stopped collision rotation: joint5=-0.054 rad; limit=0.035 rad; backing off to the latest stable approach pose,0.260317,9.549486,0.779617,0.991049,-0.288317,-5.541484,0.019844,-0.009069,0.490318,0.411910,0.489747
3.6968,164.7480,Grasp descent wrist guard stopped collision rotation: joint5=-0.054 rad; limit=0.035 rad; backing off to the latest stable approach pose,0.301659,9.591234,0.627064,1.053621,-0.204192,-5.604116,0.019621,-0.016825,0.467811,0.461060,0.462723
3.7148,164.7680,Grasp descent wrist guard stopped collision rotation: joint5=-0.054 rad; limit=0.035 rad; backing off to the latest stable approach pose,0.301659,9.591234,0.627064,1.053621,-0.204192,-5.604116,0.019999,-0.015739,0.482057,0.430985,0.426752
3.7351,164.7880,Grasp descent wrist guard stopped collision rotation: joint5=-0.054 rad; limit=0.035 rad; backing off to the latest stable approach pose,0.315142,9.624493,-0.522098,1.116836,0.118088,-5.553093,0.019844,-0.015976,0.378083,0.326098,0.362007
3.7552,164.8080,Grasp descent wrist guard stopped collision rotation: joint5=-0.054 rad; limit=0.035 rad; backing off to the latest stable approach pose,0.394950,9.555469,0.458640,-1.418481,0.062195,-5.571494,0.019621,0.027040,0.361796,0.283433,0.272536
3.7749,164.8280,Grasp descent wrist guard stopped collision rotation: joint5=-0.054 rad; limit=0.035 rad; backing off to the latest stable approach pose,0.394950,9.555469,0.458640,-1.418481,0.062195,-5.571494,0.019621,0.008590,0.229057,0.214344,0.200370
3.7956,164.8480,Grasp descent wrist guard stopped collision rotation: joint5=-0.054 rad; limit=0.035 rad; backing off to the latest stable approach pose,0.336056,9.475133,0.595022,-10.314234,-0.134337,-5.541943,0.019999,-0.085875,0.208974,0.156218,0.147316
3.8153,164.8680,Grasp descent wrist guard stopped collision rotation: joint5=-0.054 rad; limit=0.035 rad; backing off to the latest stable approach pose,0.338305,9.482268,0.729101,-13.878502,-0.231151,-5.517042,0.019844,0.168118,0.327026,0.316424,0.298298
3.8352,164.8880,Grasp descent wrist guard stopped collision rotation: joint5=-0.054 rad; limit=0.035 rad; backing off to the latest stable approach pose,0.133754,9.280867,1.074810,-17.716893,-0.242368,-5.523291,0.019621,0.010933,0.186835,0.126516,0.157527
3.8548,164.9080,Grasp descent wrist guard stopped collision rotation: joint5=-0.054 rad; limit=0.035 rad; backing off to the latest stable approach pose,0.064708,9.395539,1.002175,-18.108840,-0.084910,-5.421659,0.019844,-0.005103,0.340472,0.323286,0.273087
3.8749,164.9280,Grasp descent wrist guard stopped collision rotation: joint5=-0.054 rad; limit=0.035 rad; backing off to the latest stable approach pose,-0.021658,9.376968,0.948957,-18.185816,-0.093296,-5.530850,0.019844,0.075014,0.221203,0.204563,0.186421
3.8952,164.9480,Grasp descent wrist guard stopped collision rotation: joint5=-0.054 rad; limit=0.035 rad; backing off to the latest stable approach pose,-0.021073,9.393973,0.938718,-18.098488,0.062853,-5.515168,0.019621,0.080326,0.238991,0.198729,0.230273
3.9150,164.9680,Grasp descent wrist guard stopped collision rotation: joint5=-0.054 rad; limit=0.035 rad; backing off to the latest stable approach pose,0.038975,9.405963,0.918021,-18.089103,0.058646,-5.525107,0.019999,0.079131,0.257348,0.224895,0.244246
3.9352,164.9880,Grasp descent wrist guard stopped collision rotation: joint5=-0.054 rad; limit=0.035 rad; backing off to the latest stable approach pose,0.038975,9.405963,0.918021,-18.089103,0.058646,-5.525107,0.019844,0.093491,0.245693,0.256642,0.190957
3.9551,165.0080,Grasp descent wrist guard stopped collision rotation: joint5=-0.054 rad; limit=0.035 rad; backing off to the latest stable approach pose,0.057596,9.418254,0.972404,-18.095386,0.048358,-5.522280,0.019999,0.023923,0.426867,0.377943,0.416581
3.9756,165.0280,Grasp descent wrist guard stopped collision rotation: joint5=-0.054 rad; limit=0.035 rad; backing off to the latest stable approach pose,0.071226,9.427487,0.953650,-18.097822,0.038913,-5.521497,0.019844,0.097007,0.434944,0.376281,0.384622
3.9975,165.0480,Grasp descent wrist guard stopped collision rotation: joint5=-0.054 rad; limit=0.035 rad; backing off to the latest stable approach pose,0.221405,9.567612,1.064310,-19.736987,-0.113146,-5.529915,0.019844,0.095578,0.354983,0.350868,0.334954
4.0145,165.0680,Grasp descent wrist guard stopped collision rotation: joint5=-0.054 rad; limit=0.035 rad; backing off to the latest stable approach pose,0.221405,9.567612,1.064310,-19.736987,-0.113146,-5.529915,0.019999,0.226195,0.437450,0.453242,0.437671
4.0361,165.0880,Grasp descent wrist guard stopped collision rotation: joint5=-0.054 rad; limit=0.035 rad; backing off to the latest stable approach pose,0.286300,9.596223,0.995900,-23.250319,-0.191186,-5.527118,0.019999,0.219795,0.399757,0.420874,0.321936
4.0554,165.1080,Grasp descent wrist guard stopped collision rotation: joint5=-0.054 rad; limit=0.035 rad; backing off to the latest stable approach pose,0.293921,9.638303,0.969061,-26.349129,-0.175287,-5.527366,0.019844,0.064890,0.399164,0.417530,0.420508
4.0748,165.1280,Grasp descent wrist guard stopped collision rotation: joint5=-0.054 rad; limit=0.035 rad; backing off to the latest stable approach pose,0.293921,9.638303,0.969061,-26.349129,-0.175287,-5.527366,0.019999,0.018771,0.387228,0.411155,0.332627
4.0985,165.1480,Grasp descent wrist guard stopped collision rotation: joint5=-0.054 rad; limit=0.035 rad; backing off to the latest stable approach pose,-0.209181,9.672535,0.921172,-24.165033,-0.183967,-5.535203,0.019999,0.262454,0.437453,0.449022,0.434083
4.1150,165.1680,Grasp descent wrist guard stopped collision rotation: joint5=-0.054 rad; limit=0.035 rad; backing off to the latest stable approach pose,-0.179730,9.616402,-0.903938,-23.433556,-0.204902,-5.518237,0.019621,0.110960,0.603504,0.574542,0.619902
4.1349,165.1880,Grasp descent wrist guard stopped collision rotation: joint5=-0.054 rad; limit=0.035 rad; backing off to the latest stable approach pose,0.316055,9.524819,-1.475825,-26.044132,-0.110002,-5.528562,0.019621,0.184203,0.254774,0.262016,0.220874
4.1557,165.2080,Grasp descent wrist guard stopped collision rotation: joint5=-0.054 rad; limit=0.035 rad; backing off to the latest stable approach pose,0.308284,9.650527,1.344622,-24.507625,-0.073720,-5.538503,0.019999,0.080318,0.260764,0.294838,0.289008
4.1750,165.2280,Grasp descent wrist guard stopped collision rotation: joint5=-0.054 rad; limit=0.035 rad; backing off to the latest stable approach pose,0.318668,9.639414,0.840878,-25.916653,-0.105199,-5.521274,0.019621,0.102238,0.429887,0.410314,0.385741
4.1947,165.2480,Grasp descent wrist guard stopped collision rotation: joint5=-0.054 rad; limit=0.035 rad; backing off to the latest stable approach pose,0.332639,9.702097,-0.735576,-26.048345,-0.100882,-5.504482,0.019621,-0.001332,0.448288,0.431721,0.488055
4.2145,165.2680,Grasp descent wrist guard stopped collision rotation: joint5=-0.054 rad; limit=0.035 rad; backing off to the latest stable approach pose,0.332639,9.702097,-0.735576,-26.048345,-0.100882,-5.504482,0.019844,0.247099,0.327270,0.343933,0.323200
4.2346,165.2880,Grasp descent wrist guard stopped collision rotation: joint5=-0.054 rad; limit=0.035 rad; backing off to the latest stable approach pose,0.271309,9.674367,0.997899,-24.333651,0.086436,-5.525510,0.019844,-0.032593,0.469299,0.493678,0.503476
4.2555,165.3080,Grasp descent wrist guard stopped collision rotation: joint5=-0.054 rad; limit=0.035 rad; backing off to the latest stable approach pose,-0.192659,9.694500,0.969662,-23.500768,-0.093253,-5.527161,0.019621,0.089709,0.279620,0.318374,0.298607
4.2746,165.3280,Grasp descent wrist guard stopped collision rotation: joint5=-0.054 rad; limit=0.035 rad; backing off to the latest stable approach pose,-0.192659,9.694500,0.969662,-23.500768,-0.093253,-5.527161,0.019999,-0.074123,0.555389,0.574653,0.530764
4.2945,165.3480,Grasp descent wrist guard stopped collision rotation: joint5=-0.054 rad; limit=0.035 rad; backing off to the latest stable approach pose,-0.134083,9.654759,-0.951965,-26.098555,-0.151018,-5.535000,0.019844,0.055798,0.325381,0.296097,0.267643
4.3144,165.3680,Grasp descent wrist guard stopped collision rotation: joint5=-0.054 rad; limit=0.035 rad; backing off to the latest stable approach pose,-0.151297,9.710212,1.145297,-25.978024,0.139588,-5.525082,0.019999,0.045327,0.473480,0.408397,0.448846
4.3346,165.3880,Grasp descent wrist guard stopped collision rotation: joint5=-0.054 rad; limit=0.035 rad; backing off to the latest stable approach pose,-0.100312,9.644474,-1.074819,-24.412212,0.098185,-5.517334,0.019999,0.317385,0.450493,0.403898,0.424310
4.3551,165.4080,Grasp descent wrist guard stopped collision rotation: joint5=-0.054 rad; limit=0.035 rad; backing off to the latest stable approach pose,-0.184514,9.901231,1.084364,-23.867142,0.023203,-5.532310,0.019844,-0.100824,0.427126,0.412057,0.378644
4.3752,165.4280,Grasp descent wrist guard stopped collision rotation: joint5=-0.054 rad; limit=0.035 rad; backing off to the latest stable approach pose,-0.366325,10.186921,-1.421213,-23.752506,0.552641,-5.331467,0.019621,-0.224503,0.418575,0.435707,0.449817
4.3950,165.4480,Grasp descent wrist guard stopped collision rotation: joint5=-0.054 rad; limit=0.035 rad; backing off to the latest stable approach pose,-0.411610,9.423084,-1.086846,-23.883151,-0.970250,-5.313520,0.019999,-0.100741,0.401251,0.521692,0.584559
4.4163,165.4680,Grasp descent wrist guard stopped collision rotation: joint5=-0.054 rad; limit=0.035 rad; backing off to the latest stable approach pose,-0.411610,9.423084,-1.086846,-23.883151,-0.970250,-5.313520,0.019844,0.118454,0.159539,0.237144,0.219716
4.4352,165.4880,Grasp descent wrist guard stopped collision rotation: joint5=-0.054 rad; limit=0.035 rad; backing off to the latest stable approach pose,-0.187772,9.230815,0.943099,-23.836403,-0.856143,-5.662171,0.019999,-0.021152,0.470361,0.385284,0.563092
4.4546,165.5080,Grasp descent wrist guard stopped collision rotation: joint5=-0.054 rad; limit=0.035 rad; backing off to the latest stable approach pose,-0.093101,9.298921,-1.060862,-25.744632,-0.459272,-5.579615,0.019844,-0.011923,0.444812,0.442409,0.409713
4.4751,165.5280,Grasp descent wrist guard stopped collision rotation: joint5=-0.054 rad; limit=0.035 rad; backing off to the latest stable approach pose,0.059642,9.266429,-1.093201,-25.007259,-0.315492,-5.534686,0.019844,0.003577,0.391231,0.371989,0.433576
4.4958,165.5480,Grasp descent wrist guard stopped collision rotation: joint5=-0.054 rad; limit=0.035 rad; backing off to the latest stable approach pose,0.101804,9.256275,-1.169142,-24.932911,-0.225932,-5.532366,0.019621,-0.007336,0.482595,0.444683,0.430236
4.5184,165.5680,Grasp descent wrist guard stopped collision rotation: joint5=-0.054 rad; limit=0.035 rad; backing off to the latest stable approach pose,0.113963,9.251383,-1.868108,-24.953811,-0.175658,-5.526526,0.019999,0.045061,0.332431,0.305268,0.313222
4.5360,165.5880,Grasp descent wrist guard stopped collision rotation: joint5=-0.054 rad; limit=0.035 rad; backing off to the latest stable approach pose,0.113963,9.251383,-1.868108,-24.953811,-0.175658,-5.526526,0.019621,-0.013799,0.424091,0.408137,0.420424
4.5554,165.6080,Grasp descent wrist guard stopped collision rotation: joint5=-0.054 rad; limit=0.035 rad; backing off to the latest stable approach pose,0.142309,9.237218,1.285308,-25.016048,-0.151602,-5.525419,0.019621,0.178367,0.159318,0.136307,0.170540
4.5787,165.6280,Grasp descent wrist guard stopped collision rotation: joint5=-0.054 rad; limit=0.035 rad; backing off to the latest stable approach pose,0.116474,9.201902,5.058984,-24.984495,-0.086747,-5.518485,0.019999,0.011500,0.368457,0.354490,0.372366
4.5947,165.6480,Grasp descent wrist guard stopped collision rotation: joint5=-0.054 rad; limit=0.035 rad; backing off to the latest stable approach pose,0.116474,9.201902,5.058984,-24.984495,-0.086747,-5.518485,0.019844,-0.030616,0.439910,0.430803,0.448324
4.6158,165.6680,Grasp descent wrist guard stopped collision rotation: joint5=-0.054 rad; limit=0.035 rad; backing off to the latest stable approach pose,0.125782,9.181000,10.380125,-25.064349,-0.052563,-5.526709,0.019621,0.068508,0.289543,0.272883,0.303953
4.6354,165.6880,Grasp descent wrist guard stopped collision rotation: joint5=-0.054 rad; limit=0.035 rad; backing off to the latest stable approach pose,0.113541,9.153106,11.441580,-25.245859,-0.053341,-5.654841,0.019999,-0.021510,0.371282,0.357189,0.381093
4.6558,165.7080,Grasp descent wrist guard stopped collision rotation: joint5=-0.054 rad; limit=0.035 rad; backing off to the latest stable approach pose,0.125373,9.161012,11.377958,-25.077940,-0.047631,-5.524149,0.019844,-0.031506,0.411058,0.399821,0.353565
4.6751,165.7280,Grasp descent wrist guard stopped collision rotation: joint5=-0.054 rad; limit=0.035 rad; backing off to the latest stable approach pose,0.125373,9.161012,11.377958,-25.077940,-0.047631,-5.524149,0.019999,0.094199,0.277585,0.268564,0.265274
4.6950,165.7480,Grasp descent wrist guard stopped collision rotation: joint5=-0.054 rad; limit=0.035 rad; backing off to the latest stable approach pose,0.117159,9.120036,16.561999,-25.076343,0.037278,-5.525386,0.019999,0.032732,0.313128,0.307799,0.289086
4.7149,165.7680,Grasp descent wrist guard stopped collision rotation: joint5=-0.054 rad; limit=0.035 rad; backing off to the latest stable approach pose,0.103449,9.107208,17.804542,-24.929927,0.034913,-5.517814,0.019621,0.005794,0.330512,0.328378,0.279196
4.7347,165.7880,Grasp descent wrist guard stopped collision rotation: joint5=-0.054 rad; limit=0.035 rad; backing off to the latest stable approach pose,0.096467,9.076181,17.749042,-25.050854,0.019844,-5.523830,0.019999,-0.018426,0.355133,0.348530,0.328433
4.7557,165.8080,Grasp descent wrist guard stopped collision rotation: joint5=-0.054 rad; limit=0.035 rad; backing off to the latest stable approach pose,0.105245,9.075609,17.688303,-25.222805,0.027714,-5.526523,0.019999,-0.029101,0.390604,0.392392,0.368995
4.7759,165.8280,Grasp descent wrist guard stopped collision rotation: joint5=-0.054 rad; limit=0.035 rad; backing off to the latest stable approach pose,0.125615,9.043427,17.605393,-25.250104,0.154922,-5.696827,0.019621,-0.048723,0.391740,0.374095,0.374347
4.7963,165.8480,Grasp descent wrist guard stopped collision rotation: joint5=-0.054 rad; limit=0.035 rad; backing off to the latest stable approach pose,0.143005,9.049830,17.588019,-25.341332,0.573632,-5.609987,0.019621,-0.082025,0.343153,0.319973,0.341608
4.8164,165.8680,Grasp descent wrist guard stopped collision rotation: joint5=-0.054 rad; limit=0.035 rad; backing off to the latest stable approach pose,0.147817,9.021742,17.614634,-25.571103,0.497641,-5.539373,0.019999,-0.077061,0.327142,0.330727,0.328103
4.8360,165.8880,Grasp descent wrist guard stopped collision rotation: joint5=-0.054 rad; limit=0.035 rad; backing off to the latest stable approach pose,0.147817,9.021742,17.614634,-25.571103,0.497641,-5.539373,0.019844,0.398356,0.431604,0.399516,0.433429
4.8567,165.9080,Grasp descent wrist guard stopped collision rotation: joint5=-0.054 rad; limit=0.035 rad; backing off to the latest stable approach pose,0.094311,8.941134,23.993904,-25.663264,0.253202,-5.522517,0.019621,0.066030,0.301420,0.318747,0.311389
4.8766,165.9280,Grasp descent wrist guard stopped collision rotation: joint5=-0.054 rad; limit=0.035 rad; backing off to the latest stable approach pose,0.072256,8.912632,24.013949,-25.874450,0.151930,-5.520075,0.019999,0.121029,0.309427,0.321073,0.311851
4.8960,165.9480,Grasp descent wrist guard stopped collision rotation: joint5=-0.054 rad; limit=0.035 rad; backing off to the latest stable approach pose,-0.053942,8.889095,23.977562,-26.046643,0.100249,-5.520155,0.019621,0.138536,0.331652,0.263801,0.311124
4.9170,165.9680,Grasp descent wrist guard stopped collision rotation: joint5=-0.054 rad; limit=0.035 rad; backing off to the latest stable approach pose,-0.053942,8.889095,23.977562,-26.046643,0.100249,-5.520155,0.019621,0.212591,0.330636,0.339227,0.324960
4.9362,165.9880,Grasp descent wrist guard stopped collision rotation: joint5=-0.054 rad; limit=0.035 rad; backing off to the latest stable approach pose,0.032879,8.855032,23.924016,-25.602082,0.069050,-5.520192,0.019844,0.154203,0.316485,0.251692,0.301326
4.9562,166.0080,Grasp descent wrist guard stopped collision rotation: joint5=-0.054 rad; limit=0.035 rad; backing off to the latest stable approach pose,0.032879,8.855032,23.924016,-25.602082,0.069050,-5.520192,0.019844,0.175336,0.307764,0.246811,0.314783
4.9766,166.0280,Grasp descent wrist guard stopped collision rotation: joint5=-0.054 rad; limit=0.035 rad; backing off to the latest stable approach pose,0.018286,8.813967,23.882179,-25.528331,0.063495,-5.518502,0.019621,0.152060,0.284163,0.272100,0.292450
4.9957,166.0480,Grasp descent wrist guard stopped collision rotation: joint5=-0.054 rad; limit=0.035 rad; backing off to the latest stable approach pose,0.018286,8.813967,23.882179,-25.528331,0.063495,-5.518502,0.019844,0.244390,0.317716,0.261126,0.319971
5.0185,166.0680,Grasp descent wrist guard stopped collision rotation: joint5=-0.054 rad; limit=0.035 rad; backing off to the latest stable approach pose,-0.014821,8.773042,23.842449,-25.494444,0.060234,-5.519337,0.019844,0.197210,0.296012,0.266497,0.304684
5.0396,166.0880,Grasp descent wrist guard stopped collision rotation: joint5=-0.054 rad; limit=0.035 rad; backing off to the latest stable approach pose,-0.169098,8.682938,23.889647,-25.726533,0.596577,-5.378395,0.019621,0.317455,0.317749,5.765455,0.309662
5.0564,166.1080,Grasp descent wrist guard stopped collision rotation: joint5=-0.054 rad; limit=0.035 rad; backing off to the latest stable approach pose,-0.125330,8.762668,23.801704,-25.508665,-0.234607,-5.463503,0.019844,0.265106,0.282224,7.444706,0.298895
5.0764,166.1280,Grasp descent wrist guard stopped collision rotation: joint5=-0.054 rad; limit=0.035 rad; backing off to the latest stable approach pose,-0.125330,8.762668,23.801704,-25.508665,-0.234607,-5.463503,0.019844,0.282949,0.281712,5.538388,0.316599
5.0964,166.1480,Grasp descent wrist guard stopped collision rotation: joint5=-0.054 rad; limit=0.035 rad; backing off to the latest stable approach pose,-0.061138,8.685545,23.746738,-25.469862,-0.419757,-5.687758,0.019621,0.282492,0.283002,4.167738,0.381611
5.1172,166.1680,Grasp descent wrist guard stopped collision rotation: joint5=-0.054 rad; limit=0.035 rad; backing off to the latest stable approach pose,-0.050732,8.682512,23.744570,-25.509904,-0.347712,-5.565897,0.019999,0.292017,0.292439,3.330513,0.327776
5.1372,166.1880,Grasp descent wrist guard stopped collision rotation: joint5=-0.054 rad; limit=0.035 rad; backing off to the latest stable approach pose,-0.036783,8.642946,23.718435,-25.505634,-0.227085,-5.553521,0.019844,0.303894,0.298516,1.234512,0.330753
5.1569,166.2080,Grasp descent wrist guard stopped collision rotation: joint5=-0.054 rad; limit=0.035 rad; backing off to the latest stable approach pose,-0.024121,8.645697,23.712665,-25.535854,-0.143624,-5.531518,0.019621,0.314408,0.306331,0.931015,0.328595
5.1763,166.2280,Grasp descent wrist guard stopped collision rotation: joint5=-0.054 rad; limit=0.035 rad; backing off to the latest stable approach pose,-0.024121,8.645697,23.712665,-25.535854,-0.143624,-5.531518,0.019844,0.319378,0.312137,0.463045,0.326173
5.1968,166.2480,Grasp descent wrist guard stopped collision rotation: joint5=-0.054 rad; limit=0.035 rad; backing off to the latest stable approach pose,0.015613,8.615112,23.682914,-25.540216,-0.083569,-5.537823,0.019844,0.332077,0.324789,0.833132,0.331922
5.2165,166.2680,Grasp descent wrist guard stopped collision rotation: joint5=-0.054 rad; limit=0.035 rad; backing off to the latest stable approach pose,-0.013976,8.574355,23.642439,-25.557629,-0.047273,-5.524258,0.019999,0.336388,0.327670,0.412012,0.331841
5.2399,166.2880,Grasp descent wrist guard stopped collision rotation: joint5=-0.054 rad; limit=0.035 rad; backing off to the latest stable approach pose,0.008843,8.553761,23.622391,-25.568616,-0.038544,-5.521957,0.019999,0.348885,0.339482,0.410241,0.337805
5.2579,166.3080,Grasp descent wrist guard stopped collision rotation: joint5=-0.054 rad; limit=0.035 rad; backing off to the latest stable approach pose,-0.007833,8.532981,23.602282,-25.577826,-0.031278,-5.522271,0.019844,0.356364,0.348229,0.417131,0.343233
5.2781,166.3280,Grasp descent wrist guard stopped collision rotation: joint5=-0.054 rad; limit=0.035 rad; backing off to the latest stable approach pose,0.538525,8.829870,23.108520,-24.481723,1.856497,-9.656669,0.019621,0.333119,0.947429,30.343350,0.549024
5.3178,166.3480,Grasp descent wrist guard stopped collision rotation: joint5=-0.054 rad; limit=0.035 rad; backing off to the latest stable approach pose,0.538525,8.829870,23.108520,-24.481723,1.856497,-9.656669,0.019999,1.184784,1.166066,28.958881,0.742911
5.3434,166.3680,Grasp descent wrist guard stopped collision rotation: joint5=-0.054 rad; limit=0.035 rad; backing off to the latest stable approach pose,1.770410,11.153819,23.650540,-23.718693,1.171406,-9.218178,0.019621,5.444382,5.492279,21.483549,105.708910
5.3639,166.3880,Grasp descent wrist guard stopped collision rotation: joint5=-0.054 rad; limit=0.035 rad; backing off to the latest stable approach pose,1.238370,10.348580,21.660954,-17.469010,3.514424,-8.370519,0.019621,-0.397465,1.794927,11.173488,60.931358
5.3838,166.4080,Grasp descent wrist guard stopped collision rotation: joint5=-0.054 rad; limit=0.035 rad; backing off to the latest stable approach pose,3.659142,9.412196,23.226219,-20.092257,3.875160,-10.476984,0.019844,3.177920,5.685126,6.263381,79.705183
5.4050,166.4280,Grasp descent wrist guard stopped collision rotation: joint5=-0.054 rad; limit=0.035 rad; backing off to the latest stable approach pose,2.983049,9.829462,23.325132,-20.261943,3.641142,-10.251708,0.019844,-4.438047,5.767408,9.309592,133.863913
5.4237,166.4480,Grasp descent wrist guard stopped collision rotation: joint5=-0.054 rad; limit=0.035 rad; backing off to the latest stable approach pose,4.161773,8.287888,22.407287,-15.301633,3.030660,-8.690342,0.019999,2.258117,2.641519,7.963931,100.680827
5.4440,166.4680,Grasp descent wrist guard stopped collision rotation: joint5=-0.054 rad; limit=0.035 rad; backing off to the latest stable approach pose,4.029105,9.136533,22.322897,-14.207450,1.645891,-9.906832,0.019999,0.247181,1.646617,5.243860,80.703847
5.4637,166.4880,Grasp descent wrist guard stopped collision rotation: joint5=-0.054 rad; limit=0.035 rad; backing off to the latest stable approach pose,4.029105,9.136533,22.322897,-14.207450,1.645891,-9.906832,0.019844,0.292740,1.868935,3.454599,68.216312
5.4839,166.5080,Grasp descent wrist guard stopped collision rotation: joint5=-0.054 rad; limit=0.035 rad; backing off to the latest stable approach pose,-1.507620,9.067656,22.606774,-17.129032,1.581296,-9.360149,0.019621,0.742217,1.131238,4.515635,52.026659
5.5035,166.5280,Grasp descent wrist guard stopped collision rotation: joint5=-0.054 rad; limit=0.035 rad; backing off to the latest stable approach pose,-1.507620,9.067656,22.606774,-17.129032,1.581296,-9.360149,0.019844,0.598962,1.213958,3.712522,43.561566
5.5250,166.5480,Grasp descent wrist guard stopped collision rotation: joint5=-0.054 rad; limit=0.035 rad; backing off to the latest stable approach pose,-0.275594,8.109674,23.136618,-13.789159,0.644016,-11.712218,0.019844,1.269115,1.303873,1.615846,34.753471
5.5459,166.5680,Grasp descent wrist guard stopped collision rotation: joint5=-0.054 rad; limit=0.035 rad; backing off to the latest stable approach pose,-0.286501,8.010946,23.067676,-13.941614,0.538108,-11.962154,0.019621,1.093327,1.141365,2.371265,29.757614
5.5634,166.5880,Grasp descent wrist guard stopped collision rotation: joint5=-0.054 rad; limit=0.035 rad; backing off to the latest stable approach pose,-0.286501,8.010946,23.067676,-13.941614,0.538108,-11.962154,0.019999,0.813879,0.831266,0.780722,23.268921
5.5837,166.6080,Grasp descent wrist guard stopped collision rotation: joint5=-0.054 rad; limit=0.035 rad; backing off to the latest stable approach pose,-0.487005,8.662596,23.976293,-13.474603,0.312808,-8.291601,0.019844,1.060804,1.165520,1.622196,73.472759
5.6036,166.6280,Grasp descent wrist guard stopped collision rotation: joint5=-0.054 rad; limit=0.035 rad; backing off to the latest stable approach pose,0.449235,8.475801,23.039743,-11.083283,-0.929221,-11.422089,0.019621,0.820000,1.345060,0.584088,17.544223
5.6242,166.6480,Grasp descent wrist guard stopped collision rotation: joint5=-0.054 rad; limit=0.035 rad; backing off to the latest stable approach pose,-0.084456,8.077229,23.036799,-4.867479,-0.908604,-14.075103,0.019999,0.761708,0.758693,0.978458,22.451420
5.6432,166.6680,Grasp descent wrist guard stopped collision rotation: joint5=-0.054 rad; limit=0.035 rad; backing off to the latest stable approach pose,-0.084456,8.077229,23.036799,-4.867479,-0.908604,-14.075103,0.019844,0.556432,0.710558,0.734360,14.972073
5.6632,166.6880,Grasp descent wrist guard stopped collision rotation: joint5=-0.054 rad; limit=0.035 rad; backing off to the latest stable approach pose,-0.123544,8.116340,23.347169,-7.131985,-0.520286,-17.824049,0.019621,0.687913,0.693391,0.690242,8.307984
5.6833,166.7080,Grasp descent wrist guard stopped collision rotation: joint5=-0.054 rad; limit=0.035 rad; backing off to the latest stable approach pose,-0.108716,8.016816,23.347237,-7.505073,-0.879580,-18.131286,0.019844,0.717579,0.708080,0.719615,12.278109
5.7034,166.7280,Grasp descent wrist guard stopped collision rotation: joint5=-0.054 rad; limit=0.035 rad; backing off to the latest stable approach pose,-0.124577,8.071468,23.377998,0.857485,-0.814182,-18.155704,0.019844,0.563504,0.630253,0.550653,7.329436
5.7242,166.7480,Grasp descent wrist guard stopped collision rotation: joint5=-0.054 rad; limit=0.035 rad; backing off to the latest stable approach pose,-0.124577,8.071468,23.377998,0.857485,-0.814182,-18.155704,0.019999,0.520748,0.576155,0.558157,8.317202
5.7443,166.7680,Grasp descent wrist guard stopped collision rotation: joint5=-0.054 rad; limit=0.035 rad; backing off to the latest stable approach pose,-0.122794,8.076724,23.406871,0.614666,-0.300230,-18.145092,0.019999,0.489442,0.554002,0.575006,6.811216
5.7639,166.7880,Grasp descent wrist guard stopped collision rotation: joint5=-0.054 rad; limit=0.035 rad; backing off to the latest stable approach pose,-0.119124,8.038955,23.410109,-0.616895,-0.216908,-18.101886,0.019844,0.470431,0.538959,0.551075,6.533446
5.7837,166.8080,Grasp descent wrist guard stopped collision rotation: joint5=-0.054 rad; limit=0.035 rad; backing off to the latest stable approach pose,-0.117371,8.024551,23.408465,-0.487266,-0.148794,-18.104246,0.019621,0.461208,0.527192,0.473033,6.105567
5.8033,166.8280,Navigation mode=main_legacy; global laser obstacle layer=enabled (failed pickup: return to recognition navigation),-0.112329,7.992028,23.405947,-0.456355,-0.092887,-18.087193,0.019999,0.459553,0.522222,0.504370,5.589471
5.8229,166.8480,Navigation mode=main_legacy; global laser obstacle layer=enabled (failed pickup: return to recognition navigation),-0.112329,7.992028,23.405947,-0.456355,-0.092887,-18.087193,0.019621,0.457419,0.507186,0.462267,5.183873
5.8435,166.8680,Navigation mode=main_legacy; global laser obstacle layer=enabled (failed pickup: return to recognition navigation),-0.106031,7.971330,23.410900,-0.462537,0.111359,-18.046104,0.019621,0.457467,0.514896,0.499394,4.847464
5.8638,166.8880,Navigation mode=main_legacy; global laser obstacle layer=enabled (failed pickup: return to recognition navigation),-0.106031,7.971330,23.410900,-0.462537,0.111359,-18.046104,0.019999,0.452043,0.503020,0.492142,4.673465
5.8831,166.9080,Navigation mode=main_legacy; global laser obstacle layer=enabled (failed pickup: return to recognition navigation),-0.108246,7.936152,23.416736,-0.500731,0.142150,-18.027517,0.019844,0.446501,0.499437,0.493972,4.088413
5.9031,166.9280,Navigation mode=main_legacy; global laser obstacle layer=enabled (failed pickup: return to recognition navigation),-0.102570,7.908962,23.412293,-0.503835,0.143666,-17.980224,0.019621,0.445479,0.510088,0.477333,2.898241
5.9238,166.9480,Navigation mode=main_legacy; global laser obstacle layer=enabled (failed pickup: return to recognition navigation),-0.092370,7.888696,23.415475,-0.476532,0.100432,-17.975751,0.019999,0.443263,0.507889,0.498252,2.789932
5.9434,166.9680,Navigation mode=main_legacy; global laser obstacle layer=enabled (failed pickup: return to recognition navigation),-0.092370,7.888696,23.415475,-0.476532,0.100432,-17.975751,0.019621,0.444089,0.503557,0.494899,2.550437
5.9647,166.9880,Navigation mode=main_legacy; global laser obstacle layer=enabled (failed pickup: return to recognition navigation),-0.087486,7.867865,23.416390,-0.486943,0.099251,-17.941984,0.019999,0.445105,0.505227,0.497961,2.372225
5.9837,167.0080,Navigation mode=main_legacy; global laser obstacle layer=enabled (failed pickup: return to recognition navigation),-0.079577,7.849280,23.417110,-0.489220,0.087812,-17.929304,0.019844,0.445095,0.507374,0.501870,2.012827
6.0036,167.0280,Navigation mode=main_legacy; global laser obstacle layer=enabled (failed pickup: return to recognition navigation),-1.483076,10.479082,23.366848,-1.078287,-1.501773,-17.263980,0.019844,-1.587503,3.216904,3.041904,112.281948
6.0239,167.0480,Navigation mode=main_legacy; global laser obstacle layer=enabled (failed pickup: return to recognition navigation),-4.818448,8.345976,23.826983,3.947685,-1.547191,-16.077102,0.019621,2.250847,2.292692,2.409632,36.024908
6.0508,167.0680,Navigation mode=main_legacy; global laser obstacle layer=enabled (failed pickup: return to recognition navigation),1.306643,8.141086,22.843436,2.245307,-4.976710,-18.148035,0.019844,0.394175,0.452770,0.845718,4.758979
6.0710,167.0880,Navigation mode=main_legacy; global laser obstacle layer=enabled (failed pickup: return to recognition navigation),1.306643,8.141086,22.843436,2.245307,-4.976710,-18.148035,0.019621,-0.058241,1.073043,1.024036,10.195001
6.0919,167.1080,Navigation mode=main_legacy; global laser obstacle layer=enabled (failed pickup: return to recognition navigation),1.028934,9.019164,23.316392,4.339119,-5.179708,-17.764757,0.019621,0.727709,1.296907,1.328230,8.225680
6.1110,167.1280,Navigation mode=main_legacy; global laser obstacle layer=enabled (failed pickup: return to recognition navigation),1.048344,7.719105,23.119523,4.081044,-5.392830,-17.768576,0.019999,0.387981,1.250267,1.334703,2.750097
6.1308,167.1480,Navigation mode=main_legacy; global laser obstacle layer=enabled (failed pickup: return to recognition navigation),0.583054,7.663093,23.047868,-1.141543,-5.662288,-17.891564,0.019621,0.200816,0.970404,1.126127,2.147205
6.1512,167.1680,Navigation mode=main_legacy; global laser obstacle layer=enabled (failed pickup: return to recognition navigation),0.378575,7.676988,23.052432,-0.399330,-5.654669,-17.621974,0.019999,0.036253,0.843569,0.832364,2.303871
6.1708,167.1880,Navigation mode=main_legacy; global laser obstacle layer=enabled (failed pickup: return to recognition navigation),0.378575,7.676988,23.052432,-0.399330,-5.654669,-17.621974,0.019844,0.055805,0.673923,0.653475,2.622542
6.1915,167.2080,Navigation mode=main_legacy; global laser obstacle layer=enabled (failed pickup: return to recognition navigation),0.279561,7.649605,23.056844,-0.360736,-5.787053,-17.891860,0.019844,0.162071,0.533406,0.448003,1.789155
6.2107,167.2280,Navigation mode=main_legacy; global laser obstacle layer=enabled (failed pickup: return to recognition navigation),0.232078,7.616459,23.196985,-0.414059,-5.923541,-17.876278,0.019621,0.186569,0.488793,0.430434,1.732935
6.2307,167.2480,Navigation mode=main_legacy; global laser obstacle layer=enabled (failed pickup: return to recognition navigation),0.195489,7.591756,23.404319,-0.459050,-6.046571,-17.872236,0.019844,0.207960,0.510448,0.445297,0.249122
6.2507,167.2680,Navigation mode=main_legacy; global laser obstacle layer=enabled (failed pickup: return to recognition navigation),0.170363,7.588350,23.593147,-0.447404,-6.113896,-17.866403,0.019621,0.231166,0.499509,0.451893,0.970435
6.2707,167.2880,Navigation mode=main_legacy; global laser obstacle layer=enabled (failed pickup: return to recognition navigation),0.150858,7.551438,23.541272,-0.451152,-6.177924,-17.853615,0.019999,0.272087,0.526543,0.499705,0.830577
6.2919,167.3080,Navigation mode=main_legacy; global laser obstacle layer=enabled (failed pickup: return to recognition navigation),0.150947,7.529716,23.503149,-0.458241,-6.189334,-17.853735,0.019999,0.295449,0.540015,0.526011,0.411379
6.3116,167.3280,Navigation mode=main_legacy; global laser obstacle layer=enabled (failed pickup: return to recognition navigation),0.149994,7.507805,23.503938,-0.458917,-6.197012,-17.852795,0.019621,0.308592,0.531524,0.518579,0.571372
6.3304,167.3480,Navigation mode=main_legacy; global laser obstacle layer=enabled (failed pickup: return to recognition navigation),0.149994,7.507805,23.503938,-0.458917,-6.197012,-17.852795,0.019999,0.318102,0.512334,0.498369,0.472981
6.3516,167.3680,Navigation mode=main_legacy; global laser obstacle layer=enabled (failed pickup: return to recognition navigation),0.142203,7.468814,23.532080,-0.433258,-6.203982,-17.852385,0.019844,0.339780,0.525163,0.512618,0.511266
6.3713,167.3880,Navigation mode=main_legacy; global laser obstacle layer=enabled (failed pickup: return to recognition navigation),0.134400,7.448567,23.546852,-0.414108,-6.208310,-17.852260,0.019844,0.357577,0.526399,0.513914,0.475135
6.3912,167.4080,Navigation mode=main_legacy; global laser obstacle layer=enabled (failed pickup: return to recognition navigation),0.125608,7.428430,23.561325,-0.393185,-6.212078,-17.852115,0.019621,0.374466,0.529226,0.515905,0.541675
6.4114,167.4280,Navigation mode=main_legacy; global laser obstacle layer=enabled (failed pickup: return to recognition navigation),0.116637,7.408636,23.576201,-0.374155,-6.215674,-17.852179,0.019999,0.389397,0.533405,0.518786,0.533276
6.4308,167.4480,Navigation mode=main_legacy; global laser obstacle layer=enabled (failed pickup: return to recognition navigation),0.107952,7.389572,23.591920,-0.359642,-6.219669,-17.852283,0.019621,0.396091,0.526593,0.510669,0.534182
6.4509,167.4680,Navigation mode=main_legacy; global laser obstacle layer=enabled (failed pickup: return to recognition navigation),0.098881,7.369615,23.607632,-0.348293,-6.226465,-17.851728,0.019621,0.413740,0.542540,0.525249,0.546465
6.4715,167.4880,Navigation mode=main_legacy; global laser obstacle layer=enabled (failed pickup: return to recognition navigation),0.090800,7.350097,23.624445,-0.338133,-6.232134,-17.851333,0.019844,0.419730,0.539561,0.521013,0.495036
6.4926,167.5080,Navigation mode=main_legacy; global laser obstacle layer=enabled (failed pickup: return to recognition navigation),0.090800,7.350097,23.624445,-0.338133,-6.232134,-17.851333,0.019844,0.433848,0.552667,0.534430,0.499158
6.5122,167.5280,Navigation mode=main_legacy; global laser obstacle layer=enabled (failed pickup: return to recognition navigation),0.076618,7.310969,23.660669,-0.314684,-6.243109,-17.851053,0.019621,0.442715,0.557192,0.539405,0.557477
6.5350,167.5480,Navigation mode=main_legacy; global laser obstacle layer=enabled (failed pickup: return to recognition navigation),0.076618,7.310969,23.660669,-0.314684,-6.243109,-17.851053,0.019999,0.450850,0.561604,0.544883,0.543895
6.5518,167.5680,Navigation mode=main_legacy; global laser obstacle layer=enabled (failed pickup: return to recognition navigation),0.064955,7.271624,23.699167,-0.287691,-6.250542,-17.851255,0.019621,0.455005,0.560801,0.544177,0.557404
6.5716,167.5880,Navigation mode=main_legacy; global laser obstacle layer=enabled (failed pickup: return to recognition navigation),0.064955,7.271624,23.699167,-0.287691,-6.250542,-17.851255,0.019999,0.462226,0.565307,0.550692,0.548165
6.5921,167.6080,Navigation mode=main_legacy; global laser obstacle layer=enabled (failed pickup: return to recognition navigation),0.059870,7.251883,23.718575,-0.272529,-6.253991,-17.850741,0.019999,0.468829,0.569493,0.556424,0.567831
6.6121,167.6280,Navigation mode=main_legacy; global laser obstacle layer=enabled (failed pickup: return to recognition navigation),0.051093,7.212236,23.757741,-0.240735,-6.258622,-17.851033,0.019844,0.477834,0.577402,0.566020,0.574503
6.6322,167.6480,Navigation mode=main_legacy; global laser obstacle layer=enabled (failed pickup: return to recognition navigation),0.047307,7.192486,23.777457,-0.223929,-6.261215,-17.850265,0.019621,0.483507,0.580668,0.569691,0.532866
6.6526,167.6680,Navigation mode=main_legacy; global laser obstacle layer=enabled (failed pickup: return to recognition navigation),0.043774,7.172467,23.797191,-0.206924,-6.262215,-17.851153,0.019999,0.488971,0.583890,0.573162,0.579617
6.6719,167.6880,Navigation mode=main_legacy; global laser obstacle layer=enabled (failed pickup: return to recognition navigation),0.040580,7.152699,23.817035,-0.189178,-6.262146,-17.850713,0.019621,0.491919,0.584435,0.573115,0.577070
6.6920,167.7080,Navigation mode=main_legacy; global laser obstacle layer=enabled (failed pickup: return to recognition navigation),0.037621,7.132815,23.836848,-0.170592,-6.264420,-17.850350,0.019621,0.496827,0.587596,0.575799,0.582983
6.7124,167.7280,Navigation mode=main_legacy; global laser obstacle layer=enabled (failed pickup: return to recognition navigation),0.034893,7.112792,23.856716,-0.152091,-6.266465,-17.849925,0.019999,0.503791,0.592956,0.578698,0.586060
6.7324,167.7480,Navigation mode=main_legacy; global laser obstacle layer=enabled (failed pickup: return to recognition navigation),0.034893,7.112792,23.856716,-0.152091,-6.266465,-17.849925,0.019844,0.508427,0.596017,0.582886,0.593996
6.7523,167.7680,Navigation mode=main_legacy; global laser obstacle layer=enabled (failed pickup: return to recognition navigation),0.029998,7.072979,23.896487,-0.114108,-6.268804,-17.850242,0.019621,0.512821,0.598549,0.562647,0.585648
6.7726,167.7880,Navigation mode=main_legacy; global laser obstacle layer=enabled (failed pickup: return to recognition navigation),0.027841,7.053064,23.916387,-0.094641,-6.269459,-17.850190,0.019999,0.517201,0.601049,0.589362,0.553757
6.7917,167.8080,Navigation mode=main_legacy; global laser obstacle layer=enabled (failed pickup: return to recognition navigation),0.027841,7.053064,23.916387,-0.094641,-6.269459,-17.850190,0.019621,0.519380,0.601803,0.588560,0.578421
6.8119,167.8280,Navigation mode=main_legacy; global laser obstacle layer=enabled (failed pickup: return to recognition navigation),0.025825,7.033117,23.936339,-0.076129,-6.270784,-17.850041,0.019621,0.523657,0.604164,0.571110,0.601246
6.8320,167.8480,Navigation mode=main_legacy; global laser obstacle layer=enabled (failed pickup: return to recognition navigation),0.022245,6.993009,23.976201,-0.103759,-6.271946,-17.850477,0.019844,0.527719,0.608629,0.598659,0.604163
6.8522,167.8680,Navigation mode=main_legacy; global laser obstacle layer=enabled (failed pickup: return to recognition navigation),0.022245,6.993009,23.976201,-0.103759,-6.271946,-17.850477,0.019844,0.528314,0.611582,0.578198,0.563765
6.8726,167.8880,Navigation mode=main_legacy; global laser obstacle layer=enabled (failed pickup: return to recognition navigation),0.020715,6.973165,23.996173,0.058575,-6.272822,-17.850112,0.019621,0.532043,0.613680,0.608011,0.608136
6.8932,167.9080,Navigation mode=main_legacy; global laser obstacle layer=enabled (failed pickup: return to recognition navigation),0.017866,6.933173,24.036100,0.077070,-6.273133,-17.850083,0.019999,0.536137,0.615573,0.606045,0.569545
6.9126,167.9280,Navigation mode=main_legacy; global laser obstacle layer=enabled (failed pickup: return to recognition navigation),0.016602,6.913160,24.056058,0.045698,-6.274273,-17.849681,0.019844,0.538611,0.618052,0.611903,0.609761
6.9362,167.9480,Navigation mode=main_legacy; global laser obstacle layer=enabled (failed pickup: return to recognition navigation),0.015419,6.893166,24.076035,0.061247,-6.274482,-17.850023,0.019621,0.542256,0.619653,0.614601,0.617646
6.9521,167.9680,Navigation mode=main_legacy; global laser obstacle layer=enabled (failed pickup: return to recognition navigation),0.015419,6.893166,24.076035,0.061247,-6.274482,-17.850023,0.019844,0.543908,0.620434,0.613002,0.575684
6.9725,167.9880,Navigation mode=main_legacy; global laser obstacle layer=enabled (failed pickup: return to recognition navigation),0.013274,6.853210,24.115970,0.105501,-6.275666,-17.850080,0.019621,0.548209,0.623087,0.620633,0.619179
6.9916,168.0080,Navigation mode=main_legacy; global laser obstacle layer=enabled (failed pickup: return to recognition navigation),0.013274,6.853210,24.115970,0.105501,-6.275666,-17.850080,0.019999,0.549556,0.623655,0.619934,0.582378
7.0124,168.0280,Navigation mode=main_legacy; global laser obstacle layer=enabled (failed pickup: return to recognition navigation),0.012301,6.833175,24.135961,0.125969,-6.276345,-17.849870,0.019999,0.552082,0.625263,0.593535,0.620524
7.0321,168.0480,Navigation mode=main_legacy; global laser obstacle layer=enabled (failed pickup: return to recognition navigation),0.011438,6.813198,24.155935,0.146186,-6.276527,-17.850049,0.019621,0.554502,0.626937,0.625080,0.585098
7.0573,168.0680,Navigation mode=main_legacy; global laser obstacle layer=enabled (failed pickup: return to recognition navigation),0.009839,6.773209,24.195885,0.186304,-6.277151,-17.850293,0.019621,0.557833,0.629175,0.623889,0.627877
7.0757,168.0880,Navigation mode=main_legacy; global laser obstacle layer=enabled (failed pickup: return to recognition navigation),0.009173,6.753160,24.215918,0.206495,-6.277385,-17.849770,0.019999,0.559888,0.630362,0.627341,0.631122
7.0920,168.1080,Navigation mode=main_legacy; global laser obstacle layer=enabled (failed pickup: return to recognition navigation),0.009173,6.753160,24.215918,0.206495,-6.277385,-17.849770,0.019621,0.560878,0.631044,0.630370,0.632414
7.1132,168.1280,Navigation mode=main_legacy; global laser obstacle layer=enabled (failed pickup: return to recognition navigation),0.007864,6.713278,24.255903,0.246588,-6.278439,-17.849621,0.019621,0.563657,0.632882,0.630505,0.635239
7.1352,168.1480,Navigation mode=main_legacy; global laser obstacle layer=enabled (failed pickup: return to recognition navigation),0.007263,6.693228,24.275908,0.266621,-6.278899,-17.849793,0.019999,0.565344,0.633812,0.631362,0.637161
7.1560,168.1680,Navigation mode=main_legacy; global laser obstacle layer=enabled (failed pickup: return to recognition navigation),0.006733,6.673231,24.295903,0.286665,-6.279154,-17.849790,0.019844,0.566906,0.634993,0.633558,0.637237
7.1718,168.1880,Navigation mode=main_legacy; global laser obstacle layer=enabled (failed pickup: return to recognition navigation),0.006733,6.673231,24.295903,0.286665,-6.279154,-17.849790,0.019999,0.567644,0.635192,0.634328,0.606723
7.1922,168.2080,Navigation mode=main_legacy; global laser obstacle layer=enabled (failed pickup: return to recognition navigation),0.005774,6.633191,24.335893,0.326685,-6.279640,-17.849757,0.019999,0.569038,0.636035,0.636157,0.639885
7.2161,168.2280,Navigation mode=main_legacy; global laser obstacle layer=enabled (failed pickup: return to recognition navigation),0.005346,6.613212,24.355891,0.346724,-6.279917,-17.849730,0.019844,0.570899,0.637370,0.638025,0.642577
7.2333,168.2480,Navigation mode=main_legacy; global laser obstacle layer=enabled (failed pickup: return to recognition navigation),0.004946,6.593213,24.375882,0.366719,-6.280134,-17.849738,0.019621,0.571994,0.637906,0.638495,0.643696
7.2524,168.2680,Navigation mode=main_legacy; global laser obstacle layer=enabled (failed pickup: return to recognition navigation),0.004572,6.573210,24.395877,0.386727,-6.280331,-17.849719,0.019999,0.572972,0.638292,0.638725,0.644795
7.2734,168.2880,Navigation mode=main_legacy; global laser obstacle layer=enabled (failed pickup: return to recognition navigation),0.004221,6.553204,24.415875,0.406735,-6.280556,-17.849692,0.019844,0.573834,0.638936,0.639107,0.644812
7.2933,168.3080,Navigation mode=main_legacy; global laser obstacle layer=enabled (failed pickup: return to recognition navigation),0.003892,6.533206,24.435869,0.426739,-6.280783,-17.849674,0.019621,0.574579,0.639201,0.639002,0.643960
7.3129,168.3280,Navigation mode=main_legacy; global laser obstacle layer=enabled (failed pickup: return to recognition navigation),0.003588,6.513202,24.455866,0.446746,-6.280983,-17.849664,0.019999,0.575208,0.639312,0.638686,0.643272
7.3324,168.3480,Navigation mode=main_legacy; global laser obstacle layer=enabled (failed pickup: return to recognition navigation),0.003588,6.513202,24.455866,0.446746,-6.280983,-17.849664,0.019844,0.575479,0.639604,0.638674,0.643279
7.3530,168.3680,Navigation mode=main_legacy; global laser obstacle layer=enabled (failed pickup: return to recognition navigation),0.003046,6.473197,24.495862,0.486758,-6.281324,-17.849645,0.019621,0.576118,0.639673,0.637983,0.642389
7.3728,168.3880,Navigation mode=main_legacy; global laser obstacle layer=enabled (failed pickup: return to recognition navigation),0.003046,6.473197,24.495862,0.486758,-6.281324,-17.849645,0.019999,0.576399,0.639507,0.637259,0.641762
7.3929,168.4080,Navigation mode=main_legacy; global laser obstacle layer=enabled (failed pickup: return to recognition navigation),0.002803,6.453195,24.515860,0.506763,-6.281476,-17.849633,0.019844,0.576567,0.639601,0.636780,0.641512
7.4123,168.4280,Navigation mode=main_legacy; global laser obstacle layer=enabled (failed pickup: return to recognition navigation),0.002578,6.433193,24.535859,0.526767,-6.281620,-17.849621,0.019999,0.576620,0.639178,0.635804,0.640912
7.4322,168.4480,Navigation mode=main_legacy; global laser obstacle layer=enabled (failed pickup: return to recognition navigation),0.002368,6.413192,24.555858,0.546772,-6.281759,-17.849608,0.019999,0.576604,0.639038,0.635353,0.640768
7.4524,168.4680,Navigation mode=main_legacy; global laser obstacle layer=enabled (failed pickup: return to recognition navigation),0.001989,6.373191,24.595857,0.586781,-6.282016,-17.849585,0.019844,0.576384,0.638700,0.634376,0.640305
7.4725,168.4880,Navigation mode=main_legacy; global laser obstacle layer=enabled (failed pickup: return to recognition navigation),0.001989,6.373191,24.595857,0.586781,-6.282016,-17.849585,0.019999,0.576255,0.638255,0.633692,0.639854
7.4927,168.5080,Navigation mode=main_legacy; global laser obstacle layer=enabled (failed pickup: return to recognition navigation),0.001662,6.333197,24.635859,0.626792,-6.282237,-17.849570,0.019999,0.575695,0.637434,0.632454,0.638737
7.5126,168.5280,Navigation mode=main_legacy; global laser obstacle layer=enabled (failed pickup: return to recognition navigation),0.001662,6.333197,24.635859,0.626792,-6.282237,-17.849570,0.019621,0.575181,0.636915,0.631705,0.637891
7.5319,168.5480,Navigation mode=main_legacy; global laser obstacle layer=enabled (failed pickup: return to recognition navigation),0.001518,6.313209,24.655861,0.646799,-6.282330,-17.849567,0.019999,0.574881,0.636412,0.631097,0.637219
7.5549,168.5680,Navigation mode=main_legacy; global laser obstacle layer=enabled (failed pickup: return to recognition navigation),0.001263,6.274820,24.695866,0.686811,-6.282484,-17.849565,0.019844,0.573825,0.635329,0.629877,0.635331
7.5758,168.5880,Navigation mode=main_legacy; global laser obstacle layer=enabled (failed pickup: return to recognition navigation),0.001152,6.253233,24.715868,0.706817,-6.282548,-17.849565,0.019844,0.572972,0.634427,0.628903,0.633789
7.5932,168.6080,Navigation mode=main_legacy; global laser obstacle layer=enabled (failed pickup: return to recognition navigation),0.001051,6.233209,24.735870,0.726822,-6.282603,-17.849566,0.019621,0.572011,0.633338,0.627751,0.631977
7.6125,168.6280,Navigation mode=main_legacy; global laser obstacle layer=enabled (failed pickup: return to recognition navigation),0.001051,6.233209,24.735870,0.726822,-6.282603,-17.849566,0.019844,0.570941,0.632295,0.626690,0.630160
7.6328,168.6480,Navigation mode=main_legacy; global laser obstacle layer=enabled (failed pickup: return to recognition navigation),0.000875,6.193205,24.775874,0.766832,-6.282697,-17.849568,0.019621,0.569761,0.631026,0.625384,0.628060
7.6527,168.6680,Navigation mode=main_legacy; global laser obstacle layer=enabled (failed pickup: return to recognition navigation),0.000875,6.193205,24.775874,0.766832,-6.282697,-17.849568,0.019621,0.569130,0.630395,0.624724,0.627022
7.6728,168.6880,Navigation mode=main_legacy; global laser obstacle layer=enabled (failed pickup: return to recognition navigation),0.000799,6.173206,24.795876,0.786836,-6.282737,-17.849569,0.019999,0.567788,0.628923,0.623258,0.624690
7.6932,168.7080,Navigation mode=main_legacy; global laser obstacle layer=enabled (failed pickup: return to recognition navigation),0.000667,6.133209,24.835879,0.826842,-6.282806,-17.849571,0.019844,0.565572,0.626976,0.621335,0.621433
7.7125,168.7280,Navigation mode=main_legacy; global laser obstacle layer=enabled (failed pickup: return to recognition navigation),0.000667,6.133209,24.835879,0.826842,-6.282806,-17.849571,0.019621,0.564779,0.626143,0.620476,0.620191
7.7366,168.7480,Navigation mode=main_legacy; global laser obstacle layer=enabled (failed pickup: return to recognition navigation),0.000558,6.093212,24.875882,0.866848,-6.282864,-17.849571,0.019999,0.562244,0.623588,0.617989,0.616430
7.7532,168.7680,Navigation mode=main_legacy; global laser obstacle layer=enabled (failed pickup: return to recognition navigation),0.000558,6.093212,24.875882,0.866848,-6.282864,-17.849571,0.019621,0.561346,0.622881,0.617272,0.615365
7.7734,168.7880,Navigation mode=main_legacy; global laser obstacle layer=enabled (failed pickup: return to recognition navigation),0.000469,6.053216,24.915884,0.906853,-6.282915,-17.849571,0.019999,0.559471,0.620987,0.615444,0.612803
7.7932,168.8080,Navigation mode=main_legacy; global laser obstacle layer=enabled (failed pickup: return to recognition navigation),0.000469,6.053216,24.915884,0.906853,-6.282915,-17.849571,0.019844,0.557493,0.619362,0.613893,0.610606
7.8137,168.8280,Navigation mode=main_legacy; global laser obstacle layer=enabled (failed pickup: return to recognition navigation),0.000397,6.013220,24.955885,0.946856,-6.282959,-17.849568,0.019844,0.554332,0.616456,0.611147,0.607052
7.8342,168.8480,Navigation mode=main_legacy; global laser obstacle layer=enabled (failed pickup: return to recognition navigation),0.000367,5.993223,24.975885,0.966857,-6.282980,-17.849567,0.019621,0.552097,0.614342,0.609145,0.604676
7.8537,168.8680,Navigation mode=main_legacy; global laser obstacle layer=enabled (failed pickup: return to recognition navigation),0.000367,5.993223,24.975885,0.966857,-6.282980,-17.849567,0.019844,0.549761,0.612302,0.607272,0.602528
7.8743,168.8880,Navigation mode=main_legacy; global laser obstacle layer=enabled (failed pickup: return to recognition navigation),0.000315,5.953226,25.015884,1.006858,-6.283018,-17.849563,0.019844,0.547326,0.610111,0.605259,0.600363
7.8939,168.9080,Navigation mode=main_legacy; global laser obstacle layer=enabled (failed pickup: return to recognition navigation),0.000293,5.933226,25.035883,1.026858,-6.283035,-17.849560,0.019621,0.544791,0.607764,0.603099,0.598166
7.9136,168.9280,Navigation mode=main_legacy; global laser obstacle layer=enabled (failed pickup: return to recognition navigation),0.000293,5.933226,25.035883,1.026858,-6.283035,-17.849560,0.019999,0.542160,0.605288,0.600858,0.595980
7.9339,168.9480,Navigation mode=main_legacy; global laser obstacle layer=enabled (failed pickup: return to recognition navigation),-0.000352,5.893227,25.075881,1.066858,-6.283066,-17.849556,0.019844,0.539431,0.603085,0.598911,0.594148
7.9532,168.9680,Navigation mode=main_legacy; global laser obstacle layer=enabled (failed pickup: return to recognition navigation),-0.000352,5.893227,25.075881,1.066858,-6.283066,-17.849556,0.019999,0.538052,0.601445,0.597415,0.592728
7.9733,168.9880,Navigation mode=main_legacy; global laser obstacle layer=enabled (failed pickup: return to recognition navigation),-0.000411,5.874413,25.095878,1.086858,-6.283078,-17.849554,0.019844,0.534010,0.594052,0.590656,0.586206
7.9939,169.0080,Navigation mode=main_legacy; global laser obstacle layer=enabled (failed pickup: return to recognition navigation),-0.000208,5.865451,25.136119,1.126856,-6.283100,-17.849552,0.019844,0.531104,0.588895,0.585945,0.581795
8.0136,169.0280,Navigation mode=main_legacy; global laser obstacle layer=enabled (failed pickup: return to recognition navigation),-0.000208,5.865451,25.136119,1.126856,-6.283100,-17.849552,0.019999,0.528011,0.583382,0.580909,0.576934
8.0348,169.0480,Navigation mode=main_legacy; global laser obstacle layer=enabled (failed pickup: return to recognition navigation),0.000190,5.856819,25.175878,1.166860,-6.283110,-17.849545,0.019999,0.524758,0.578018,0.576043,0.572018
8.0581,169.0680,Navigation mode=main_legacy; global laser obstacle layer=enabled (failed pickup: return to recognition navigation),0.000190,5.856819,25.175878,1.166860,-6.283110,-17.849545,0.019844,0.523067,0.575515,0.573792,0.569739
8.0738,169.0880,Navigation mode=main_legacy; global laser obstacle layer=enabled (failed pickup: return to recognition navigation),-0.000273,5.848580,25.215874,1.206858,-6.283109,-17.849551,0.019621,0.517746,0.567177,0.566267,0.562228
8.0958,169.1080,Navigation mode=main_legacy; global laser obstacle layer=enabled (failed pickup: return to recognition navigation),0.000146,5.844593,25.235877,1.226860,-6.283107,-17.849551,0.019999,0.514001,0.561417,0.561057,0.557081
8.1137,169.1280,Navigation mode=main_legacy; global laser obstacle layer=enabled (failed pickup: return to recognition navigation),-0.000148,5.840712,25.255875,1.246860,-6.283104,-17.849551,0.019844,0.512069,0.558795,0.558698,0.554771
8.1359,169.1480,Navigation mode=main_legacy; global laser obstacle layer=enabled (failed pickup: return to recognition navigation),0.000135,5.836931,25.275875,1.266860,-6.283100,-17.849551,0.019621,0.506045,0.550129,0.550870,0.547012
8.1538,169.1680,Navigation mode=main_legacy; global laser obstacle layer=enabled (failed pickup: return to recognition navigation),0.000135,5.836931,25.275875,1.266860,-6.283100,-17.849551,0.019999,0.501844,0.544152,0.545498,0.541666
8.1738,169.1880,Navigation mode=main_legacy; global laser obstacle layer=enabled (failed pickup: return to recognition navigation),0.000118,5.829686,25.315874,1.306861,-6.283094,-17.849551,0.019844,0.497500,0.538478,0.540431,0.536605
8.1934,169.2080,Navigation mode=main_legacy; global laser obstacle layer=enabled (failed pickup: return to recognition navigation),-0.000129,5.826227,25.335874,1.326861,-6.283091,-17.849551,0.019999,0.495276,0.535305,0.537555,0.533742
8.2139,169.2280,Navigation mode=main_legacy; global laser obstacle layer=enabled (failed pickup: return to recognition navigation),-0.000108,5.822881,25.355873,1.346862,-6.283089,-17.849551,0.019999,0.488402,0.526336,0.529512,0.525686
8.2348,169.2480,Navigation mode=main_legacy; global laser obstacle layer=enabled (failed pickup: return to recognition navigation),-0.000108,5.822881,25.355873,1.346862,-6.283089,-17.849551,0.019844,0.483657,0.520507,0.524309,0.520460
8.2541,169.2680,Navigation mode=main_legacy; global laser obstacle layer=enabled (failed pickup: return to recognition navigation),-0.000107,5.816539,25.395873,1.386863,-6.283085,-17.849552,0.019999,0.478789,0.514217,0.518643,0.514767
8.2745,169.2880,Navigation mode=main_legacy; global laser obstacle layer=enabled (failed pickup: return to recognition navigation),-0.000097,5.813548,25.415872,1.406863,-6.283083,-17.849552,0.019844,0.473802,0.508311,0.513367,0.509454
8.2939,169.3080,Navigation mode=main_legacy; global laser obstacle layer=enabled (failed pickup: return to recognition navigation),-0.000097,5.813548,25.415872,1.406863,-6.283083,-17.849552,0.019844,0.471266,0.505244,0.510614,0.506685
8.3154,169.3280,Navigation mode=main_legacy; global laser obstacle layer=enabled (failed pickup: return to recognition navigation),-0.000091,5.807941,25.455872,1.446864,-6.283079,-17.849552,0.019621,0.463498,0.495956,0.502256,0.498251
8.3342,169.3480,Navigation mode=main_legacy; global laser obstacle layer=enabled (failed pickup: return to recognition navigation),-0.000090,5.805330,25.475872,1.466865,-6.283078,-17.849552,0.019999,0.458191,0.489603,0.496553,0.492483
8.3549,169.3680,Navigation mode=main_legacy; global laser obstacle layer=enabled (failed pickup: return to recognition navigation),-0.000090,5.805330,25.475872,1.466865,-6.283078,-17.849552,0.019844,0.452789,0.483614,0.491197,0.487060
8.3736,169.3880,Navigation mode=main_legacy; global laser obstacle layer=enabled (failed pickup: return to recognition navigation),-0.000091,5.802850,25.495872,1.486866,-6.283077,-17.849553,0.019999,0.450055,0.480305,0.488198,0.484033
8.3940,169.4080,Navigation mode=main_legacy; global laser obstacle layer=enabled (failed pickup: return to recognition navigation),-0.000091,5.800506,25.515872,1.506866,-6.283076,-17.849553,0.019999,0.444523,0.474106,0.482626,0.478388
8.4138,169.4280,Navigation mode=main_legacy; global laser obstacle layer=enabled (failed pickup: return to recognition navigation),-0.000092,5.798298,25.535871,1.526867,-6.283074,-17.849553,0.019844,0.436080,0.465028,0.474487,0.470123
8.4340,169.4480,Navigation mode=main_legacy; global laser obstacle layer=enabled (failed pickup: return to recognition navigation),-0.000092,5.796231,25.555871,1.546868,-6.283073,-17.849553,0.019999,0.433230,0.461732,0.471496,0.467097
8.4544,169.4680,Navigation mode=main_legacy; global laser obstacle layer=enabled (failed pickup: return to recognition navigation),-0.000093,5.794306,25.575871,1.566868,-6.283072,-17.849554,0.019844,0.427483,0.455784,0.466164,0.461678
8.4739,169.4880,Navigation mode=main_legacy; global laser obstacle layer=enabled (failed pickup: return to recognition navigation),-0.000093,5.790897,25.615871,1.606870,-6.283070,-17.849554,0.019621,0.421677,0.449617,0.460584,0.456016
8.4949,169.5080,Navigation mode=main_legacy; global laser obstacle layer=enabled (failed pickup: return to recognition navigation),-0.000093,5.790897,25.615871,1.606870,-6.283070,-17.849554,0.019621,0.412876,0.440504,0.452372,0.447659
8.5142,169.5280,Navigation mode=main_legacy; global laser obstacle layer=enabled (failed pickup: return to recognition navigation),-0.000093,5.788090,25.655870,1.646871,-6.283068,-17.849554,0.019844,0.406959,0.434539,0.447012,0.442197
8.5413,169.5480,Navigation mode=main_legacy; global laser obstacle layer=enabled (failed pickup: return to recognition navigation),-0.000093,5.788090,25.655870,1.646871,-6.283068,-17.849554,0.019844,0.401009,0.428594,0.441643,0.436732
8.5555,169.5680,Navigation mode=main_legacy; global laser obstacle layer=enabled (failed pickup: return to recognition navigation),-0.000093,5.785909,25.695870,1.686873,-6.283066,-17.849555,0.019999,0.395975,0.423259,0.436771,0.431784
8.5758,169.5880,Navigation mode=main_legacy; global laser obstacle layer=enabled (failed pickup: return to recognition navigation),-0.000093,5.785060,25.715870,1.692290,-6.283065,-17.849555,0.019999,0.392419,0.419352,0.433166,0.428132
8.5940,169.6080,Navigation mode=main_legacy; global laser obstacle layer=enabled (failed pickup: return to recognition navigation),-0.000093,5.785060,25.715870,1.692290,-6.283065,-17.849555,0.019844,0.388923,0.415716,0.429819,0.424738
8.6158,169.6280,Navigation mode=main_legacy; global laser obstacle layer=enabled (failed pickup: return to recognition navigation),-0.000093,5.783858,25.755870,1.697583,-6.283063,-17.849555,0.019621,0.387199,0.413768,0.427988,0.422896
8.6338,169.6480,Navigation mode=main_legacy; global laser obstacle layer=enabled (failed pickup: return to recognition navigation),-0.000093,5.783858,25.755870,1.697583,-6.283063,-17.849555,0.019844,0.383795,0.410062,0.424567,0.419422
8.6544,169.6680,Navigation mode=main_legacy; global laser obstacle layer=enabled (failed pickup: return to recognition navigation),-0.000093,5.783335,25.795869,1.699886,-6.283063,-17.849556,0.019844,0.378805,0.404537,0.419419,0.414202
8.6742,169.6880,Navigation mode=main_legacy; global laser obstacle layer=enabled (failed pickup: return to recognition navigation),-0.000093,5.783313,25.815869,1.699984,-6.283062,-17.849556,0.019621,0.375509,0.400845,0.415949,0.410692
8.6959,169.7080,Navigation mode=main_legacy; global laser obstacle layer=enabled (failed pickup: return to recognition navigation),-0.000093,5.783313,25.835869,1.699985,-6.283062,-17.849556,0.019999,0.372183,0.397049,0.412403,0.407094
8.7141,169.7280,Navigation mode=main_legacy; global laser obstacle layer=enabled (failed pickup: return to recognition navigation),-0.000093,5.783313,25.855869,1.699986,-6.283062,-17.849556,0.019844,0.368827,0.393626,0.409213,0.403855
8.7336,169.7480,Navigation mode=main_legacy; global laser obstacle layer=enabled (failed pickup: return to recognition navigation),-0.000093,5.783313,25.875868,1.699987,-6.283061,-17.849556,0.019999,0.365443,0.389789,0.405602,0.400197
8.7540,169.7680,Navigation mode=main_legacy; global laser obstacle layer=enabled (failed pickup: return to recognition navigation),-0.000093,5.783313,25.875868,1.699987,-6.283061,-17.849556,0.019999,0.362033,0.386173,0.402209,0.396755
8.7744,169.7880,Navigation mode=main_legacy; global laser obstacle layer=enabled (failed pickup: return to recognition navigation),-0.000093,5.783314,25.915868,1.699989,-6.283061,-17.849556,0.019844,0.358597,0.382776,0.399032,0.393529
8.7950,169.8080,Navigation mode=main_legacy; global laser obstacle layer=enabled (failed pickup: return to recognition navigation),-0.000093,5.783314,25.935868,1.699990,-6.283060,-17.849556,0.019999,0.355138,0.378968,0.395438,0.389887
8.8142,169.8280,Navigation mode=main_legacy; global laser obstacle layer=enabled (failed pickup: return to recognition navigation),-0.000093,5.783314,25.935868,1.699990,-6.283060,-17.849556,0.019999,0.353400,0.377178,0.393752,0.388180
8.8343,169.8480,Navigation mode=main_legacy; global laser obstacle layer=enabled (failed pickup: return to recognition navigation),-0.000094,5.783314,25.975868,1.699993,-6.283059,-17.849556,0.019844,0.348153,0.372031,0.388918,0.383269
8.8540,169.8680,Navigation mode=main_legacy; global laser obstacle layer=enabled (failed pickup: return to recognition navigation),-0.000094,5.783314,25.995868,1.699994,-6.283059,-17.849556,0.019621,0.346394,0.370198,0.387169,0.381507
8.8737,169.8880,Navigation mode=main_legacy; global laser obstacle layer=enabled (failed pickup: return to recognition navigation),-0.000094,5.783314,25.995868,1.699994,-6.283059,-17.849556,0.019844,0.342862,0.366714,0.383898,0.378181
8.8943,169.9080,Navigation mode=main_legacy; global laser obstacle layer=enabled (failed pickup: return to recognition navigation),-0.000094,5.783314,26.015867,1.699995,-6.283059,-17.849556,0.019844,0.339313,0.363196,0.380572,0.374809
8.9142,169.9280,Initial arm pose restored; restarting visual recognition,-0.000094,5.783314,26.055867,1.699997,-6.283058,-17.849556,0.019621,0.333959,0.357895,0.375538,0.369709
8.9347,169.9480,Initial arm pose restored; restarting visual recognition,-0.000094,5.783314,26.075867,1.699998,-6.283057,-17.849556,0.019999,0.330372,0.354287,0.372120,0.366242
8.9538,169.9680,Initial arm pose restored; restarting visual recognition,-0.000094,5.783314,26.075867,1.699998,-6.283057,-17.849556,0.019621,0.328573,0.352712,0.370619,0.364728
8.9743,169.9880,Initial arm pose restored; restarting visual recognition,-0.000094,5.783314,26.115867,1.700001,-6.283057,-17.849556,0.019621,0.323161,0.347594,0.365753,0.359797
8.9943,170.0080,Initial arm pose restored; restarting visual recognition,-0.000094,5.783314,26.115867,1.700001,-6.283057,-17.849556,0.019999,0.319541,0.344081,0.362409,0.356408
9.0137,170.0280,Initial arm pose restored; restarting visual recognition,-0.000094,5.783315,26.135867,1.700002,-6.283056,-17.849556,0.019621,0.317728,0.342548,0.360940,0.354928
9.0416,170.0480,Initial arm pose restored; restarting visual recognition,-0.000094,5.783315,26.175867,1.700004,-6.283055,-17.849556,0.019621,0.312277,0.337581,0.356193,0.350124
9.0599,170.0680,Initial arm pose restored; restarting visual recognition,-0.000094,5.783315,26.175867,1.700004,-6.283055,-17.849556,0.019999,0.308637,0.334185,0.352942,0.346834
9.0803,170.0880,Initial arm pose restored; restarting visual recognition,-0.000094,5.783315,26.215867,1.700006,-6.283055,-17.849556,0.019844,0.304992,0.331180,0.350063,0.343923
9.0947,170.1080,Initial arm pose restored; restarting visual recognition,-0.000094,5.783315,26.235867,1.700008,-6.283054,-17.849556,0.019621,0.301346,0.327921,0.346913,0.340749
9.1141,170.1280,Initial arm pose restored; restarting visual recognition,-0.000094,5.783315,26.255867,1.700009,-6.283054,-17.849556,0.019844,0.297698,0.324878,0.343986,0.337790
9.1337,170.1480,Initial arm pose restored; restarting visual recognition,-0.000094,5.783315,26.255867,1.700009,-6.283054,-17.849556,0.019844,0.294051,0.321802,0.341009,0.334788
9.1555,170.1680,Initial arm pose restored; restarting visual recognition,-0.000094,5.783315,26.295867,1.700011,-6.283053,-17.849556,0.019999,0.290406,0.318561,0.337856,0.331614
9.1744,170.1880,Initial arm pose restored; restarting visual recognition,-0.000094,5.783315,26.295867,1.700011,-6.283053,-17.849556,0.019844,0.286765,0.315805,0.335176,0.328916
9.1943,170.2080,Initial arm pose restored; restarting visual recognition,-0.000095,5.783315,26.315867,1.700012,-6.283054,-17.849556,0.019621,0.283128,0.312789,0.332222,0.325950
9.2141,170.2280,Initial arm pose restored; restarting visual recognition,-0.000095,5.783315,26.335867,1.700014,-6.283053,-17.849556,0.019621,0.279498,0.309934,0.329424,0.323138
9.2342,170.2480,Initial arm pose restored; restarting visual recognition,-0.000095,5.783315,26.375867,1.700016,-6.283053,-17.849556,0.019844,0.275875,0.307252,0.326789,0.320487
9.2546,170.2680,Initial arm pose restored; restarting visual recognition,-0.000095,5.783315,26.395867,1.700017,-6.283053,-17.849556,0.019621,0.272262,0.304413,0.323979,0.317673
9.2738,170.2880,Initial arm pose restored; restarting visual recognition,-0.000095,5.783315,26.395867,1.700017,-6.283053,-17.849556,0.019999,0.271039,0.303407,0.322985,0.316673
9.2940,170.3080,Initial arm pose restored; restarting visual recognition,-0.000095,5.783315,26.412656,1.700018,-6.283053,-17.849556,0.019999,0.271039,0.303413,0.322989,0.316678
9.3144,170.3280,Initial arm pose restored; restarting visual recognition,-0.000095,5.783315,26.412655,1.700018,-6.283052,-17.849556,0.019844,0.271039,0.303633,0.323208,0.316897
9.3340,170.3480,Initial arm pose restored; restarting visual recognition,-0.000095,5.783315,26.412655,1.700018,-6.283052,-17.849556,0.019999,0.271039,0.303418,0.322994,0.316684
9.3544,170.3680,Initial arm pose restored; restarting visual recognition,-0.000095,5.783315,26.412655,1.700018,-6.283052,-17.849556,0.019999,0.271040,0.303424,0.322999,0.316690
9.3742,170.3880,Initial arm pose restored; restarting visual recognition,-0.000095,5.783315,26.412655,1.700018,-6.283052,-17.849556,0.019621,0.271040,0.303523,0.323095,0.316791
9.3940,170.4080,Initial arm pose restored; restarting visual recognition,-0.000095,5.783315,26.412655,1.700018,-6.283052,-17.849556,0.019999,0.271040,0.303429,0.323004,0.316696
9.4137,170.4280,Navigating to 左侧 visual observation pose: (-1.5107; -0.4458; 3.1412),-0.000095,5.783315,26.412655,1.700018,-6.283052,-17.849556,0.019844,0.271040,0.303648,0.323222,0.316915
9.4342,170.4480,Navigating to 左侧 visual observation pose: (-1.5107; -0.4458; 3.1412),-0.000095,5.783315,26.412655,1.700018,-6.283052,-17.849556,0.019844,0.271040,0.303653,0.323228,0.316920
9.4545,170.4680,Navigating to 左侧 visual observation pose: (-1.5107; -0.4458; 3.1412),-0.000095,5.783315,26.412655,1.700018,-6.283052,-17.849556,0.019999,0.271040,0.303439,0.323015,0.316707
9.4743,170.4880,Navigating to 左侧 visual observation pose: (-1.5107; -0.4458; 3.1412),-0.014727,5.771315,26.406513,1.700846,-6.303938,-17.841867,0.019999,0.269016,0.301767,0.317455,0.313268
9.4943,170.5080,Navigating to 左侧 visual observation pose: (-1.5107; -0.4458; 3.1412),-0.022487,5.774660,26.406862,1.699732,-6.338832,-17.842670,0.019621,0.266688,0.310935,0.311526,0.316420
9.5144,170.5280,Navigating to 左侧 visual observation pose: (-1.5107; -0.4458; 3.1412),-0.049709,5.769140,26.407662,1.697546,-6.360712,-17.842845,0.019621,0.264566,0.336485,0.319807,0.329735
9.5400,170.5480,Navigating to 左侧 visual observation pose: (-1.5107; -0.4458; 3.1412),-0.072399,5.757611,26.401520,1.693911,-6.374437,-17.843008,0.019999,0.262023,0.372217,0.384189,0.352339
9.5597,170.5680,Navigating to 左侧 visual observation pose: (-1.5107; -0.4458; 3.1412),-0.072399,5.757611,26.401520,1.693911,-6.374437,-17.843008,0.019621,0.261304,0.412579,0.457539,0.385898
9.5747,170.5880,Navigating to 左侧 visual observation pose: (-1.5107; -0.4458; 3.1412),-0.096067,5.763787,26.400551,1.691635,-6.380458,-17.846258,0.019621,0.263557,0.454728,0.471670,0.422465
9.5959,170.6080,Navigating to 左侧 visual observation pose: (-1.5107; -0.4458; 3.1412),-0.092337,5.760815,26.400519,1.690589,-6.371639,-17.845351,0.019999,0.264837,0.493187,0.504647,0.458781
9.6144,170.6280,Navigating to 左侧 visual observation pose: (-1.5107; -0.4458; 3.1412),-0.086980,5.760338,26.399953,1.691031,-6.367028,-17.844887,0.019844,0.265396,0.528896,0.537082,0.495040
9.6351,170.6480,Navigating to 左侧 visual observation pose: (-1.5107; -0.4458; 3.1412),-0.086980,5.760338,26.399953,1.691031,-6.367028,-17.844887,0.019621,0.267804,0.574530,0.600624,0.542336
9.6553,170.6680,Navigating to 左侧 visual observation pose: (-1.5107; -0.4458; 3.1412),-0.066221,5.770908,26.403122,1.694264,-6.343602,-17.847353,0.019999,0.268885,0.617178,0.638885,0.586049
9.6748,170.6880,Navigating to 左侧 visual observation pose: (-1.5107; -0.4458; 3.1412),-0.057890,5.777643,26.405701,1.696419,-6.333209,-17.848512,0.019844,0.270174,0.659727,0.655904,0.623717
9.6949,170.7080,Navigating to 左侧 visual observation pose: (-1.5107; -0.4458; 3.1412),-0.050658,5.779289,26.407694,1.697126,-6.322161,-17.848762,0.019621,0.271525,0.701710,0.722462,0.671896
9.7147,170.7280,Navigating to 左侧 visual observation pose: (-1.5107; -0.4458; 3.1412),-0.050658,5.779289,26.407694,1.697126,-6.322161,-17.848762,0.019844,0.271687,0.723682,0.719900,0.689797
9.7347,170.7480,Navigating to 左侧 visual observation pose: (-1.5107; -0.4458; 3.1412),-0.039014,5.784028,26.410958,1.698727,-6.306709,-17.849153,0.019621,0.273119,0.756285,0.775862,0.727356
9.7547,170.7680,Navigating to 左侧 visual observation pose: (-1.5107; -0.4458; 3.1412),-0.039014,5.784028,26.410958,1.698727,-6.306709,-17.849153,0.019621,0.274416,0.781449,0.782716,0.759491
9.7746,170.7880,Navigating to 左侧 visual observation pose: (-1.5107; -0.4458; 3.1412),-0.034290,5.785247,26.412076,1.699267,-6.301488,-17.849117,0.019999,0.275331,0.805747,0.805788,0.791708
9.7944,170.8080,Navigating to 左侧 visual observation pose: (-1.5107; -0.4458; 3.1412),-0.025696,5.788073,26.413219,1.700623,-6.289936,-17.852615,0.019621,0.276451,0.806238,0.823391,0.789601
9.8142,170.8280,Navigating to 左侧 visual observation pose: (-1.5107; -0.4458; 3.1412),-0.014813,5.787361,26.414511,1.699953,-6.293028,-17.852155,0.019999,0.276287,0.802438,0.794569,0.806476
9.8348,170.8480,Navigating to 左侧 visual observation pose: (-1.5107; -0.4458; 3.1412),0.009934,5.785502,26.416561,1.699569,-6.311997,-17.852409,0.019999,0.274777,0.787661,0.773618,0.805504
9.8550,170.8680,Navigating to 左侧 visual observation pose: (-1.5107; -0.4458; 3.1412),0.009934,5.785502,26.416561,1.699569,-6.311997,-17.852409,0.019844,0.272861,0.773355,0.794391,0.774557
9.8744,170.8880,Navigating to 左侧 visual observation pose: (-1.5107; -0.4458; 3.1412),-0.011555,5.783262,26.416605,1.698814,-6.319791,-17.852947,0.019999,0.271996,0.766197,0.765354,0.771546
9.8954,170.9080,Navigating to 左侧 visual observation pose: (-1.5107; -0.4458; 3.1412),-0.024890,5.778374,26.415204,1.697121,-6.330001,-17.852099,0.019999,0.268658,0.737238,0.776953,0.736318
9.9154,170.9280,Navigating to 左侧 visual observation pose: (-1.5107; -0.4458; 3.1412),-0.031935,5.776543,26.414100,1.696482,-6.331443,-17.852169,0.019844,0.266852,0.716298,0.700598,0.726059
9.9351,170.9480,Navigating to 左侧 visual observation pose: (-1.5107; -0.4458; 3.1412),-0.037446,5.775293,26.413181,1.695778,-6.334976,-17.851921,0.019999,0.265112,0.693074,0.731874,0.698878
9.9548,170.9680,Navigating to 左侧 visual observation pose: (-1.5107; -0.4458; 3.1412),-0.041501,5.774392,26.412479,1.695340,-6.335555,-17.851968,0.019844,0.264934,0.685348,0.688620,0.691947
9.9750,170.9880,Navigating to 左侧 visual observation pose: (-1.5107; -0.4458; 3.1412),-0.041501,5.774392,26.412479,1.695340,-6.335555,-17.851968,0.019621,0.262674,0.641445,0.632346,0.656292
9.9956,171.0080,Navigating to 左侧 visual observation pose: (-1.5107; -0.4458; 3.1412),-0.043546,5.771706,26.411288,1.694042,-6.338794,-17.853728,0.019621,0.261926,0.613918,0.621623,0.608165
10.0152,171.0280,Navigating to 左侧 visual observation pose: (-1.5107; -0.4458; 3.1412),-0.043943,5.769252,26.410016,1.693235,-6.340364,-17.852713,0.019999,0.260967,0.586618,0.625906,0.587146
