wall,sim,status,arm_joint1,arm_joint2,arm_joint3,arm_joint4,arm_joint5,r_joint,cube_z,tcp_z,cube_tcp,cube_right,cube_left
0.0133,144.3780,Opening gripper and moving camera/gripper to the visually aligned cube,-0.000093,5.963312,1.279824,1.700039,-0.000116,1.000001,0.020000,0.245790,0.262694,0.281371,0.277036
0.0333,144.3980,Opening gripper and moving camera/gripper to the visually aligned cube,-0.000093,5.983312,1.279824,1.700039,-0.000116,1.000001,0.020000,0.243129,0.259838,0.278484,0.274164
0.0485,144.4180,Opening gripper and moving camera/gripper to the visually aligned cube,-0.000093,6.003312,1.279824,1.700039,-0.000116,1.000001,0.020000,0.240445,0.256992,0.275599,0.271294
0.0677,144.4380,Opening gripper and moving camera/gripper to the visually aligned cube,-0.000093,6.023313,1.279825,1.700040,-0.000116,1.000001,0.020000,0.239096,0.255573,0.274158,0.269862
0.0893,144.4580,Opening gripper and moving camera/gripper to the visually aligned cube,-0.000094,6.043313,1.279825,1.700040,-0.000116,1.000001,0.020000,0.235018,0.251333,0.269841,0.265572
0.1086,144.4780,Opening gripper and moving camera/gripper to the visually aligned cube,-0.000094,6.063313,1.279826,1.700040,-0.000116,1.000001,0.020000,0.232277,0.248525,0.266969,0.262721
0.1277,144.4980,Opening gripper and moving camera/gripper to the visually aligned cube,-0.000094,6.083313,1.279826,1.700040,-0.000116,1.000001,0.020000,0.230899,0.247126,0.265536,0.261299
0.1531,144.5180,Opening gripper and moving camera/gripper to the visually aligned cube,-0.000094,6.103314,1.279827,1.700040,-0.000116,1.000001,0.020000,0.226743,0.242956,0.261249,0.257047
0.1681,144.5380,Opening gripper and moving camera/gripper to the visually aligned cube,-0.000094,6.123314,1.279827,1.700040,-0.000116,1.000001,0.020000,0.223952,0.240199,0.258404,0.254227
0.1888,144.5580,Opening gripper and moving camera/gripper to the visually aligned cube,-0.000094,6.143314,1.279828,1.700040,-0.000116,1.000001,0.020000,0.221148,0.237464,0.255569,0.251421
0.2091,144.5780,Opening gripper and moving camera/gripper to the visually aligned cube,-0.000093,6.163314,1.279829,1.700040,-0.000116,1.000001,0.020000,0.218331,0.234751,0.252748,0.248629
0.2281,144.5980,Opening gripper and moving camera/gripper to the visually aligned cube,-0.000093,6.183314,1.279830,1.700040,-0.000116,1.000001,0.020000,0.216918,0.233403,0.251343,0.247239
0.2497,144.6180,Opening gripper and moving camera/gripper to the visually aligned cube,-0.000093,6.203314,1.279831,1.700040,-0.000116,1.000001,0.020000,0.214084,0.230728,0.248544,0.244473
0.2686,144.6380,Opening gripper and moving camera/gripper to the visually aligned cube,-0.000093,6.223314,1.279832,1.700040,-0.000116,1.000001,0.020000,0.209862,0.226781,0.244396,0.240376
0.2892,144.6580,Opening gripper and moving camera/gripper to the visually aligned cube,-0.000093,6.243314,1.279536,1.699921,-0.000116,1.000001,0.020000,0.208493,0.225491,0.243038,0.239035
0.3089,144.6780,Opening gripper and moving camera/gripper to the visually aligned cube,-0.000093,6.263314,1.278651,1.699566,-0.000116,1.000001,0.020000,0.205814,0.222944,0.240356,0.236386
0.3293,144.6980,Opening gripper and moving camera/gripper to the visually aligned cube,-0.000093,6.283336,1.277195,1.698982,-0.000116,1.000001,0.020000,0.203209,0.220439,0.237717,0.233779
0.3512,144.7180,Opening gripper and moving camera/gripper to the visually aligned cube,-0.000093,6.303314,1.275200,1.698183,-0.000116,1.000001,0.020000,0.199410,0.216732,0.233810,0.229918
0.3687,144.7380,Opening gripper and moving camera/gripper to the visually aligned cube,-0.000093,6.323314,1.272681,1.697174,-0.000115,1.000001,0.020000,0.198173,0.215509,0.232522,0.228644
0.3908,144.7580,Opening gripper and moving camera/gripper to the visually aligned cube,-0.000093,6.343314,1.269664,1.695966,-0.000115,1.000001,0.020000,0.194531,0.211865,0.228687,0.224852
0.4095,144.7780,Opening gripper and moving camera/gripper to the visually aligned cube,-0.000093,6.363314,1.266173,1.694568,-0.000115,1.000001,0.020000,0.193338,0.210657,0.227416,0.223595
0.4297,144.7980,Opening gripper and moving camera/gripper to the visually aligned cube,-0.000093,6.383313,1.262217,1.692984,-0.000114,1.000001,0.020000,0.189818,0.207045,0.223623,0.219840
0.4531,144.8180,Opening gripper and moving camera/gripper to the visually aligned cube,-0.000093,6.403313,1.257809,1.691219,-0.000114,1.000001,0.020000,0.187512,0.204641,0.221105,0.217345
0.4699,144.8380,Opening gripper and moving camera/gripper to the visually aligned cube,-0.000093,6.423313,1.252956,1.689276,-0.000114,1.000001,0.020000,0.186371,0.203438,0.219847,0.216099
0.4899,144.8580,Opening gripper and moving camera/gripper to the visually aligned cube,-0.000093,6.443313,1.247671,1.687160,-0.000113,1.000001,0.020000,0.184107,0.201032,0.217333,0.213606
0.5151,144.8780,Opening gripper and moving camera/gripper to the visually aligned cube,-0.000092,6.463312,1.241962,1.684874,-0.000113,1.000001,0.020000,0.181867,0.198619,0.214820,0.211111
0.5292,144.8980,Opening gripper and moving camera/gripper to the visually aligned cube,-0.000092,6.483312,1.235841,1.682424,-0.000112,1.000001,0.020000,0.179646,0.196198,0.212303,0.208611
0.5498,144.9180,Opening gripper and moving camera/gripper to the visually aligned cube,-0.000092,6.503312,1.229318,1.679812,-0.000111,1.000001,0.020000,0.177441,0.193765,0.209781,0.206104
0.5691,144.9380,Opening gripper and moving camera/gripper to the visually aligned cube,-0.000092,6.523311,1.222402,1.677044,-0.000111,1.000001,0.020000,0.175250,0.191319,0.207251,0.203588
0.5896,144.9580,Opening gripper and moving camera/gripper to the visually aligned cube,-0.000092,6.543311,1.215104,1.674123,-0.000110,1.000001,0.020000,0.171981,0.187619,0.203439,0.199792
0.6094,144.9780,Opening gripper and moving camera/gripper to the visually aligned cube,-0.000092,6.563310,1.207434,1.671053,-0.000109,1.000001,0.020000,0.170895,0.186377,0.202163,0.198521
0.6289,144.9980,Opening gripper and moving camera/gripper to the visually aligned cube,-0.000092,6.583310,1.199403,1.667838,-0.000109,1.000001,0.020000,0.168725,0.183879,0.199601,0.195966
0.6505,145.0180,Opening gripper and moving camera/gripper to the visually aligned cube,-0.000092,6.603309,1.191021,1.664483,-0.000108,1.000001,0.020000,0.166558,0.181359,0.197026,0.193396
0.6696,145.0380,Opening gripper and moving camera/gripper to the visually aligned cube,-0.000091,6.623309,1.182297,1.660991,-0.000107,1.000001,0.020000,0.163306,0.177540,0.193135,0.189509
0.6893,145.0580,Opening gripper and moving camera/gripper to the visually aligned cube,-0.000091,6.643308,1.173242,1.657368,-0.000106,1.000001,0.020000,0.161133,0.174966,0.190521,0.186895
0.7098,145.0780,Opening gripper and moving camera/gripper to the visually aligned cube,-0.000091,6.663308,1.163867,1.653616,-0.000105,1.000001,0.020000,0.160045,0.173670,0.189208,0.185582
0.7289,145.0980,Opening gripper and moving camera/gripper to the visually aligned cube,-0.000091,6.683307,1.154182,1.649739,-0.000104,1.000001,0.020000,0.157864,0.171060,0.186570,0.182940
0.7513,145.1180,Opening gripper and moving camera/gripper to the visually aligned cube,-0.000091,6.703307,1.144196,1.645743,-0.000103,1.000001,0.020000,0.154576,0.167101,0.182580,0.178942
0.7690,145.1380,Opening gripper and moving camera/gripper to the visually aligned cube,-0.000091,6.723306,1.133920,1.641631,-0.000102,1.000000,0.020000,0.153475,0.165769,0.181241,0.177599
0.7932,145.1580,Opening gripper and moving camera/gripper to the visually aligned cube,-0.000091,6.743306,1.123365,1.637407,-0.000101,1.000000,0.020000,0.150154,0.161738,0.177199,0.173543
0.8095,145.1780,Opening gripper and moving camera/gripper to the visually aligned cube,-0.000091,6.763305,1.112541,1.633076,-0.000100,1.000000,0.020000,0.147924,0.159020,0.174482,0.170814
0.8314,145.1980,Opening gripper and moving camera/gripper to the visually aligned cube,-0.000091,6.783305,1.101457,1.628641,-0.000099,1.000000,0.020000,0.146803,0.157653,0.173117,0.169443
0.8521,145.2180,Opening gripper and moving camera/gripper to the visually aligned cube,-0.000091,6.803304,1.090124,1.624106,-0.000098,1.000000,0.020000,0.144549,0.154900,0.170375,0.166686
0.8707,145.2380,Opening gripper and moving camera/gripper to the visually aligned cube,-0.000091,6.823304,1.078552,1.619476,-0.000097,1.000000,0.020000,0.142279,0.152125,0.167616,0.163910
0.8905,145.2580,Opening gripper and moving camera/gripper to the visually aligned cube,-0.000090,6.843303,1.066752,1.614754,-0.000095,1.000000,0.020000,0.139991,0.149327,0.164840,0.161115
0.9123,145.2780,Opening gripper and moving camera/gripper to the visually aligned cube,-0.000090,6.863303,1.054734,1.609945,-0.000094,1.000000,0.020000,0.136525,0.145090,0.160647,0.156891
0.9307,145.2980,Opening gripper and moving camera/gripper to the visually aligned cube,-0.000090,6.883303,1.042508,1.605054,-0.000093,1.000000,0.020000,0.134189,0.142240,0.157833,0.154054
0.9519,145.3180,Opening gripper and moving camera/gripper to the visually aligned cube,-0.000090,6.903302,1.030084,1.600083,-0.000091,1.000000,0.020000,0.131832,0.139371,0.155004,0.151201
0.9718,145.3380,Opening gripper and moving camera/gripper to the visually aligned cube,-0.000090,6.923302,1.017472,1.595037,-0.000090,1.000000,0.020000,0.130646,0.137929,0.153585,0.149768
0.9919,145.3580,Opening gripper and moving camera/gripper to the visually aligned cube,-0.000090,6.943301,1.004684,1.589920,-0.000088,1.000000,0.020000,0.127054,0.133577,0.149308,0.145450
1.0116,145.3780,Opening gripper and moving camera/gripper to the visually aligned cube,-0.000090,6.963301,0.991728,1.584737,-0.000087,1.000000,0.020000,0.125845,0.132118,0.147876,0.144003
1.0307,145.3980,Opening gripper and moving camera/gripper to the visually aligned cube,-0.000090,6.983301,0.978616,1.579490,-0.000085,1.000000,0.020000,0.122185,0.127718,0.143565,0.139645
1.0516,145.4180,Opening gripper and moving camera/gripper to the visually aligned cube,-0.000090,7.003301,0.965357,1.574186,-0.000084,1.000000,0.020000,0.119715,0.124768,0.140678,0.136725
1.0703,145.4380,Opening gripper and moving camera/gripper to the visually aligned cube,-0.000090,7.023300,0.951962,1.568826,-0.000082,1.000000,0.020000,0.118471,0.123287,0.139232,0.135261
1.0909,145.4580,Opening gripper and moving camera/gripper to the visually aligned cube,-0.000090,7.043300,0.938441,1.563417,-0.000081,1.000000,0.020000,0.115964,0.120319,0.136332,0.132327
1.1111,145.4780,Opening gripper and moving camera/gripper to the visually aligned cube,-0.000091,7.063300,0.924804,1.557961,-0.000079,1.000000,0.020000,0.113433,0.117340,0.133426,0.129383
1.1333,145.4980,Opening gripper and moving camera/gripper to the visually aligned cube,-0.000091,7.083300,0.911062,1.552463,-0.000078,1.000000,0.020000,0.109589,0.112856,0.129057,0.124956
1.1522,145.5180,Opening gripper and moving camera/gripper to the visually aligned cube,-0.000091,7.103299,0.897224,1.546927,-0.000076,1.000000,0.020000,0.108295,0.111358,0.127599,0.123477
1.1716,145.5380,Opening gripper and moving camera/gripper to the visually aligned cube,-0.000091,7.123299,0.883302,1.541357,-0.000074,1.000000,0.020000,0.105687,0.108359,0.124680,0.120517
1.1924,145.5580,Opening gripper and moving camera/gripper to the visually aligned cube,-0.000091,7.143299,0.869305,1.535757,-0.000073,1.000000,0.020000,0.103053,0.105357,0.121759,0.117554
1.2183,145.5780,Opening gripper and moving camera/gripper to the visually aligned cube,-0.000091,7.163298,0.855243,1.530131,-0.000071,1.000000,0.020000,0.099053,0.100853,0.117380,0.113108
1.2315,145.5980,Opening gripper and moving camera/gripper to the visually aligned cube,-0.000091,7.183298,0.841127,1.524483,-0.000069,1.000000,0.020000,0.097706,0.099352,0.115921,0.111626
1.2526,145.6180,Opening gripper and moving camera/gripper to the visually aligned cube,-0.000091,7.203298,0.826967,1.518818,-0.000068,1.000000,0.020000,0.093625,0.094859,0.111551,0.107187
1.2732,145.6380,Opening gripper and moving camera/gripper to the visually aligned cube,-0.000091,7.223298,0.812774,1.513140,-0.000066,1.000000,0.020000,0.090871,0.091872,0.108647,0.104234
1.2942,145.6580,Opening gripper and moving camera/gripper to the visually aligned cube,-0.000091,7.243297,0.798556,1.507452,-0.000064,1.000000,0.020000,0.088089,0.088898,0.105751,0.101290
1.3128,145.6780,Opening gripper and moving camera/gripper to the visually aligned cube,-0.000092,7.263297,0.784326,1.501759,-0.000063,1.000000,0.020000,0.085279,0.085939,0.102867,0.098357
1.3319,145.6980,Opening gripper and moving camera/gripper to the visually aligned cube,-0.000092,7.283297,0.770093,1.496064,-0.000061,1.000000,0.020000,0.082442,0.083000,0.099998,0.095437
1.3531,145.7180,Opening gripper and moving camera/gripper to the visually aligned cube,-0.000092,7.303297,0.755867,1.490373,-0.000059,1.000000,0.020000,0.081013,0.081539,0.098570,0.093984
1.3732,145.7380,Opening gripper and moving camera/gripper to the visually aligned cube,-0.000092,7.323296,0.741658,1.484688,-0.000058,1.000000,0.020000,0.076685,0.077200,0.094317,0.089655
1.3932,145.7580,Opening gripper and moving camera/gripper to the visually aligned cube,-0.000092,7.343296,0.727478,1.479015,-0.000056,1.000000,0.020000,0.073764,0.074351,0.091513,0.086800
1.4130,145.7780,Opening gripper and moving camera/gripper to the visually aligned cube,-0.000092,7.363296,0.713335,1.473357,-0.000054,1.000000,0.020000,0.072293,0.072943,0.090121,0.085383
1.4331,145.7980,Opening gripper and moving camera/gripper to the visually aligned cube,-0.000093,7.383295,0.699241,1.467718,-0.000053,1.000000,0.020000,0.067838,0.068793,0.085999,0.081187
1.4611,145.8180,Opening gripper and moving camera/gripper to the visually aligned cube,-0.000093,7.403295,0.685205,1.462103,-0.000051,1.000000,0.020000,0.066339,0.067439,0.084644,0.079808
1.4800,145.8380,Opening gripper and moving camera/gripper to the visually aligned cube,-0.000093,7.423294,0.671238,1.456515,-0.000050,1.000000,0.020000,0.061800,0.063483,0.080650,0.075745
1.4966,145.8580,Opening gripper and moving camera/gripper to the visually aligned cube,-0.000093,7.443294,0.657350,1.450958,-0.000048,1.000000,0.020000,0.060273,0.062205,0.079345,0.074418
1.5175,145.8780,Opening gripper and moving camera/gripper to the visually aligned cube,-0.000093,7.463294,0.643551,1.445438,-0.000047,1.000000,0.020000,0.057198,0.059722,0.076780,0.071814
1.5376,145.8980,Opening gripper and moving camera/gripper to the visually aligned cube,-0.000093,7.483293,0.629851,1.439957,-0.000045,1.000000,0.020000,0.052532,0.056211,0.073066,0.068050
1.5588,145.9180,Opening gripper and moving camera/gripper to the visually aligned cube,-0.000094,7.503293,0.616262,1.434520,-0.000044,1.000000,0.020000,0.049387,0.054041,0.070694,0.065654
1.5778,145.9380,Opening gripper and moving camera/gripper to the visually aligned cube,-0.000094,7.523292,0.602792,1.429131,-0.000042,1.000000,0.020000,0.047805,0.053015,0.069543,0.064495
1.5996,145.9580,Opening gripper and moving camera/gripper to the visually aligned cube,-0.000094,7.543292,0.589453,1.423795,-0.000041,1.000000,0.020000,0.043015,0.050215,0.066258,0.061202
1.6228,145.9780,Opening gripper and moving camera/gripper to the visually aligned cube,-0.000094,7.563292,0.576254,1.418514,-0.000040,1.000000,0.020000,0.041404,0.049386,0.065225,0.060172
1.6430,145.9980,Opening gripper and moving camera/gripper to the visually aligned cube,-0.000095,7.583291,0.563206,1.413294,0.000041,1.000000,0.020000,0.036534,0.047258,0.062339,0.057326
1.6631,146.0180,Opening gripper and moving camera/gripper to the visually aligned cube,-0.000095,7.603291,0.550319,1.408138,-0.000048,1.000000,0.020000,0.033253,0.046178,0.060620,0.055657
1.6904,146.0380,Opening gripper and moving camera/gripper to the visually aligned cube,-0.000095,7.623290,0.537603,1.403051,-0.000042,1.000000,0.020000,0.031603,0.045750,0.059829,0.054901
1.7084,146.0580,Opening gripper and moving camera/gripper to the visually aligned cube,-0.000095,7.643290,0.525068,1.398036,-0.000078,1.000000,0.020000,0.028284,0.045135,0.058398,0.053560
1.7282,146.0780,Opening gripper and moving camera/gripper to the visually aligned cube,-0.000096,7.663289,0.512726,1.393098,-0.000043,1.000000,0.020000,0.024940,0.044860,0.057188,0.052468
1.7505,146.0980,Opening gripper and moving camera/gripper to the visually aligned cube,-0.000096,7.683289,0.500585,1.388241,-0.000076,1.000000,0.020000,0.019878,0.045120,0.055834,0.051352
1.7680,146.1180,Opening gripper and moving camera/gripper to the visually aligned cube,-0.000112,7.703169,0.488556,1.383422,-0.000113,1.000083,0.019791,0.018187,0.046094,0.056045,0.051862
1.7880,146.1380,Opening gripper and moving camera/gripper to the visually aligned cube,0.004177,7.724010,0.470956,1.376152,0.030781,0.972767,0.017720,0.017790,0.050096,0.059146,0.055512
1.8082,146.1580,Opening gripper and moving camera/gripper to the visually aligned cube,0.008523,7.731194,0.455033,1.367769,-0.019215,0.998360,0.021938,0.014237,0.056156,0.062925,0.061846
1.8279,146.1780,Opening gripper and moving camera/gripper to the visually aligned cube,0.006948,7.761919,0.451253,1.368247,-0.023053,0.993829,0.022705,0.010598,0.057587,0.063332,0.063247
1.8498,146.1980,Opening gripper and moving camera/gripper to the visually aligned cube,0.005663,7.782376,0.441793,1.364716,-0.033833,0.993147,0.022759,0.006390,0.059938,0.064751,0.064669
1.8676,146.2180,Opening gripper and moving camera/gripper to the visually aligned cube,0.004521,7.802536,0.431090,1.360426,-0.024691,0.997651,0.022728,0.004318,0.061002,0.066553,0.063857
1.8886,146.2380,Opening gripper and moving camera/gripper to the visually aligned cube,0.003834,7.822567,0.420886,1.356284,-0.018930,0.998818,0.022241,0.000045,0.061632,0.065522,0.062456
1.9086,146.2580,Opening gripper and moving camera/gripper to the visually aligned cube,0.003178,7.842690,0.411021,1.352383,-0.013048,0.999631,0.022300,-0.005683,0.065369,0.064898,0.046602
1.9282,146.2780,Opening gripper and moving camera/gripper to the visually aligned cube,0.003894,7.859216,0.398287,1.344514,0.009712,0.999186,0.025268,-0.007366,0.070782,0.069137,0.044033
1.9490,146.2980,Opening gripper and moving camera/gripper to the visually aligned cube,0.006470,7.883031,0.391023,1.341198,0.009587,1.000101,0.019266,-0.009922,0.077315,0.076434,0.054511
1.9688,146.3180,Opening gripper and moving camera/gripper to the visually aligned cube,0.016512,7.889112,0.371673,1.339328,0.006605,1.002842,0.023915,-0.009720,0.091700,0.091755,0.080958
1.9875,146.3380,Opening gripper and moving camera/gripper to the visually aligned cube,0.017261,7.921105,0.369468,1.331252,0.018166,0.999838,0.024048,-0.011815,0.095734,0.096818,0.085720
2.0094,146.3580,Opening gripper and moving camera/gripper to the visually aligned cube,0.013407,7.941344,0.362646,1.330719,0.016957,1.000329,0.024786,-0.018118,0.100080,0.101352,0.092894
2.0513,146.3880,Opening gripper and moving camera/gripper to the visually aligned cube,0.013461,7.980593,0.336512,1.321971,0.173531,0.999423,0.023402,-0.016242,0.102363,0.103651,0.105369
2.0528,146.3980,Opening gripper and moving camera/gripper to the visually aligned cube,0.013461,7.980593,0.336512,1.321971,0.173531,0.999423,0.023402,-0.016242,0.102363,0.103651,0.105369
2.0706,146.4180,Grasp descent wrist guard stopped collision rotation: joint5=0.174 rad; limit=0.035 rad; backing off to the recent pre-contact approach pose,0.017425,8.000783,0.325041,1.317347,0.302213,0.995183,0.021559,-0.010732,0.103560,0.113347,0.113979
2.0900,146.4380,Grasp descent wrist guard stopped collision rotation: joint5=0.174 rad; limit=0.035 rad; backing off to the recent pre-contact approach pose,0.016672,8.021475,0.315564,1.313841,0.423341,0.997121,0.020450,-0.005344,0.099153,0.104091,0.059224
2.1106,146.4580,Grasp descent wrist guard stopped collision rotation: joint5=0.174 rad; limit=0.035 rad; backing off to the recent pre-contact approach pose,0.015710,7.989962,0.320670,1.312116,0.418973,0.976381,0.022724,-0.006211,0.095785,0.070044,0.048416
2.1297,146.4780,Grasp descent wrist guard stopped collision rotation: joint5=0.174 rad; limit=0.035 rad; backing off to the recent pre-contact approach pose,0.017418,7.972726,0.322016,1.312739,0.277563,0.988368,0.023569,-0.006634,0.095054,0.103692,0.083000
2.1509,146.4980,Grasp descent wrist guard stopped collision rotation: joint5=0.174 rad; limit=0.035 rad; backing off to the recent pre-contact approach pose,0.016636,7.954029,0.327133,1.314368,0.187774,0.996369,0.025442,-0.006178,0.093152,0.106636,0.078939
2.1697,146.5180,Grasp descent wrist guard stopped collision rotation: joint5=0.174 rad; limit=0.035 rad; backing off to the recent pre-contact approach pose,0.015430,7.934749,0.333604,1.317831,0.129429,0.999557,0.025985,-0.005702,0.092395,0.105174,0.070563
2.1897,146.5380,Grasp descent wrist guard stopped collision rotation: joint5=0.174 rad; limit=0.035 rad; backing off to the recent pre-contact approach pose,0.013095,7.916210,0.342551,1.324816,0.083440,0.999133,0.026978,-0.005061,0.090002,0.101515,0.088278
2.2098,146.5580,Grasp descent wrist guard stopped collision rotation: joint5=0.174 rad; limit=0.035 rad; backing off to the recent pre-contact approach pose,0.011239,7.896333,0.349971,1.325958,0.055949,0.999586,0.027153,-0.002378,0.084360,0.080980,0.087828
2.2295,146.5780,Grasp descent wrist guard stopped collision rotation: joint5=0.174 rad; limit=0.035 rad; backing off to the recent pre-contact approach pose,0.009490,7.877083,0.358640,1.331308,0.036716,0.999766,0.027553,-0.002162,0.084418,0.098777,0.061978
2.2512,146.5980,Grasp descent wrist guard stopped collision rotation: joint5=0.174 rad; limit=0.035 rad; backing off to the recent pre-contact approach pose,0.008309,7.867011,0.366502,1.334524,0.023619,1.000044,0.027578,-0.002030,0.082765,0.087165,0.063746
2.2702,146.6180,Grasp descent wrist guard stopped collision rotation: joint5=0.174 rad; limit=0.035 rad; backing off to the recent pre-contact approach pose,0.007434,7.859390,0.373836,1.337441,0.015537,1.000207,0.027395,-0.002038,0.081638,0.096356,0.072411
2.2893,146.6380,Grasp descent wrist guard stopped collision rotation: joint5=0.174 rad; limit=0.035 rad; backing off to the recent pre-contact approach pose,-0.003835,7.853332,0.380427,1.338843,0.011612,1.000194,0.027555,-0.002032,0.082603,0.091343,0.082058
2.3094,146.6580,Grasp descent wrist guard stopped collision rotation: joint5=0.174 rad; limit=0.035 rad; backing off to the recent pre-contact approach pose,0.003024,7.849034,0.387531,1.342924,0.007799,0.999906,0.027488,-0.002278,0.082650,0.082191,0.061742
2.3289,146.6780,Grasp descent wrist guard stopped collision rotation: joint5=0.174 rad; limit=0.035 rad; backing off to the recent pre-contact approach pose,0.002097,7.846334,0.393702,1.345486,0.004972,0.999800,0.027313,-0.002421,0.082199,0.096703,0.085684
2.3506,146.6980,Grasp descent wrist guard stopped collision rotation: joint5=0.174 rad; limit=0.035 rad; backing off to the recent pre-contact approach pose,0.002244,7.843862,0.398178,1.345904,0.004904,1.000197,0.027443,-0.002803,0.083907,0.095309,0.085146
2.3683,146.7180,Grasp descent wrist guard stopped collision rotation: joint5=0.174 rad; limit=0.035 rad; backing off to the recent pre-contact approach pose,0.002438,7.843019,0.403236,1.348970,0.003762,1.000089,0.027309,-0.002980,0.084043,0.095878,0.078739
2.3894,146.7380,Grasp descent wrist guard stopped collision rotation: joint5=0.174 rad; limit=0.035 rad; backing off to the recent pre-contact approach pose,0.002693,7.842845,0.406901,1.350716,0.002618,1.000261,0.027352,-0.003471,0.084401,0.096870,0.079728
2.4094,146.7580,Grasp descent wrist guard stopped collision rotation: joint5=0.174 rad; limit=0.035 rad; backing off to the recent pre-contact approach pose,0.002808,7.842456,0.409290,1.351443,0.002251,1.000068,0.027192,-0.003687,0.084340,0.095629,0.084015
2.4289,146.7780,Grasp descent wrist guard stopped collision rotation: joint5=0.174 rad; limit=0.035 rad; backing off to the recent pre-contact approach pose,0.002903,7.842593,0.410702,1.352247,0.001809,1.000055,0.027004,-0.003808,0.082803,0.092982,0.058568
2.4507,146.7980,Grasp descent wrist guard stopped collision rotation: joint5=0.174 rad; limit=0.035 rad; backing off to the recent pre-contact approach pose,0.002935,7.842885,0.410883,1.352377,0.001425,1.000223,0.025867,-0.003856,0.082382,0.092039,0.078195
2.4730,146.8180,Grasp descent wrist guard stopped collision rotation: joint5=0.174 rad; limit=0.035 rad; backing off to the recent pre-contact approach pose,0.002947,7.843016,0.410865,1.352410,0.001211,0.999990,0.025583,-0.003823,0.081687,0.090879,0.056420
2.4896,146.8380,Grasp descent wrist guard stopped collision rotation: joint5=0.174 rad; limit=0.035 rad; backing off to the recent pre-contact approach pose,0.002864,7.841925,0.409313,1.349637,0.003180,1.000083,0.027177,-0.003503,0.083202,0.091337,0.055282
2.5167,146.8580,Grasp descent wrist guard stopped collision rotation: joint5=0.174 rad; limit=0.035 rad; backing off to the recent pre-contact approach pose,0.002923,7.842420,0.410605,1.351818,0.004100,1.000120,0.027248,-0.003579,0.083086,0.091266,0.082754
2.5281,146.8780,Grasp descent wrist guard stopped collision rotation: joint5=0.174 rad; limit=0.035 rad; backing off to the recent pre-contact approach pose,0.002918,7.842406,0.410478,1.351478,0.003599,0.999992,0.027366,-0.003594,0.083417,0.091349,0.086251
2.5497,146.8980,Grasp descent wrist guard stopped collision rotation: joint5=0.174 rad; limit=0.035 rad; backing off to the recent pre-contact approach pose,0.002908,7.842527,0.410728,1.351977,0.003242,1.000014,0.027166,-0.003702,0.083222,0.091045,0.050553
2.5675,146.9180,Grasp descent wrist guard stopped collision rotation: joint5=0.174 rad; limit=0.035 rad; backing off to the recent pre-contact approach pose,0.002956,7.842634,0.410891,1.352335,0.002090,1.000034,0.027303,-0.003751,0.082900,0.090410,0.086747
2.5883,146.9380,Grasp descent wrist guard stopped collision rotation: joint5=0.174 rad; limit=0.035 rad; backing off to the recent pre-contact approach pose,0.002940,7.842423,0.410672,1.351811,0.002975,0.999977,0.027430,-0.003725,0.083478,0.090421,0.088079
2.6082,146.9580,Grasp descent wrist guard stopped collision rotation: joint5=0.174 rad; limit=0.035 rad; backing off to the recent pre-contact approach pose,0.002981,7.842569,0.410887,1.352315,0.002419,1.000035,0.027334,-0.003826,0.082954,0.089559,0.046214
2.6278,146.9780,Grasp descent wrist guard stopped collision rotation: joint5=0.174 rad; limit=0.035 rad; backing off to the recent pre-contact approach pose,0.002941,7.842551,0.410450,1.351272,0.002465,1.000013,0.027424,-0.003740,0.083506,0.089989,0.094536
2.6489,146.9980,Grasp descent wrist guard stopped collision rotation: joint5=0.174 rad; limit=0.035 rad; backing off to the recent pre-contact approach pose,0.002953,7.842419,0.410747,1.352066,0.002669,0.980032,0.027230,-0.003811,0.083357,0.090626,0.090111
2.6673,147.0180,Grasp descent wrist guard stopped collision rotation: joint5=0.174 rad; limit=0.035 rad; backing off to the recent pre-contact approach pose,0.003002,7.842627,0.410915,1.352335,0.001760,0.960060,0.027372,-0.003846,0.083091,0.090659,0.096352
2.6881,147.0380,Grasp descent wrist guard stopped collision rotation: joint5=0.174 rad; limit=0.035 rad; backing off to the recent pre-contact approach pose,0.002959,7.842556,0.410806,1.351981,0.002483,0.940010,0.027225,-0.003830,0.083337,0.092045,0.096541
2.7075,147.0580,Grasp descent wrist guard stopped collision rotation: joint5=0.174 rad; limit=0.035 rad; backing off to the recent pre-contact approach pose,0.003017,7.842586,0.410886,1.352316,0.001629,0.920112,0.027373,-0.003856,0.083067,0.092125,0.097771
2.7276,147.0780,Grasp descent wrist guard stopped collision rotation: joint5=0.174 rad; limit=0.035 rad; backing off to the recent pre-contact approach pose,0.002978,7.842513,0.410789,1.351948,0.002470,0.899920,0.027227,-0.003828,0.083371,0.093267,0.091117
2.7486,147.0980,Grasp descent wrist guard stopped collision rotation: joint5=0.174 rad; limit=0.035 rad; backing off to the recent pre-contact approach pose,0.003022,7.842608,0.410913,1.352332,0.001599,0.880109,0.027413,-0.003771,0.083504,0.060140,0.095224
2.7679,147.1180,Grasp descent wrist guard stopped collision rotation: joint5=0.174 rad; limit=0.035 rad; backing off to the recent pre-contact approach pose,0.002992,7.842518,0.410747,1.351917,0.002473,0.860177,0.027488,-0.003816,0.083663,0.087791,0.083025
2.7884,147.1380,Grasp descent wrist guard stopped collision rotation: joint5=0.174 rad; limit=0.035 rad; backing off to the recent pre-contact approach pose,0.003031,7.842411,0.410854,1.352262,0.001751,0.840214,0.027392,-0.003931,0.083211,0.092534,0.092926
2.8081,147.1580,Grasp descent wrist guard stopped collision rotation: joint5=0.174 rad; limit=0.035 rad; backing off to the recent pre-contact approach pose,0.002994,7.842516,0.410494,1.351349,0.001754,0.820035,0.027484,-0.003896,0.083771,0.085323,0.085999
2.8278,147.1780,Grasp descent wrist guard stopped collision rotation: joint5=0.174 rad; limit=0.035 rad; backing off to the recent pre-contact approach pose,0.002994,7.842362,0.410779,1.352120,0.001700,0.799979,0.027286,-0.003917,0.083709,0.090160,0.092356
2.8484,147.1980,Grasp descent wrist guard stopped collision rotation: joint5=0.174 rad; limit=0.035 rad; backing off to the recent pre-contact approach pose,0.003035,7.842597,0.410931,1.352339,0.001072,0.780037,0.027431,-0.003963,0.083381,0.094142,0.056214
2.8676,147.2180,Grasp descent wrist guard stopped collision rotation: joint5=0.174 rad; limit=0.035 rad; backing off to the recent pre-contact approach pose,0.002997,7.842309,0.410712,1.352081,0.001553,0.760436,0.027530,-0.003980,0.083784,0.088712,0.049368
2.8877,147.2380,Grasp descent wrist guard stopped collision rotation: joint5=0.174 rad; limit=0.035 rad; backing off to the recent pre-contact approach pose,0.003082,7.842467,0.410954,1.352304,0.001178,0.739531,0.027447,-0.004006,0.083431,0.088708,0.085253
2.9087,147.2580,Grasp descent wrist guard stopped collision rotation: joint5=0.174 rad; limit=0.035 rad; backing off to the recent pre-contact approach pose,0.003017,7.842416,0.410826,1.352142,-0.001297,0.719961,0.027293,-0.003992,0.083725,0.088202,0.085431
2.9279,147.2780,Grasp descent wrist guard stopped collision rotation: joint5=0.174 rad; limit=0.035 rad; backing off to the recent pre-contact approach pose,0.003094,7.842085,0.410689,1.352125,-0.001133,0.699514,0.027450,-0.003999,0.083531,0.088333,0.094767
2.9486,147.2980,Grasp descent wrist guard stopped collision rotation: joint5=0.174 rad; limit=0.035 rad; backing off to the recent pre-contact approach pose,0.003036,7.842508,0.410876,1.352024,-0.001576,0.699748,0.027299,-0.003994,0.083788,0.082410,0.094430
2.9670,147.3180,Grasp descent wrist guard stopped collision rotation: joint5=0.174 rad; limit=0.035 rad; backing off to the recent pre-contact approach pose,0.003082,7.842162,0.410783,1.352177,-0.000858,0.700271,0.027449,-0.004036,0.083560,0.085422,0.050798
2.9880,147.3380,Grasp descent wrist guard stopped collision rotation: joint5=0.174 rad; limit=0.035 rad; backing off to the recent pre-contact approach pose,0.003046,7.842157,0.410754,1.352163,-0.001181,0.699982,0.027566,-0.004034,0.084012,0.081962,0.052734
3.0081,147.3580,Grasp descent wrist guard stopped collision rotation: joint5=0.174 rad; limit=0.035 rad; backing off to the recent pre-contact approach pose,0.003043,7.842541,0.411053,1.352345,0.000328,0.699796,0.027549,-0.004033,0.083998,0.085776,0.094878
3.0268,147.3780,Grasp descent wrist guard stopped collision rotation: joint5=0.174 rad; limit=0.035 rad; backing off to the recent pre-contact approach pose,0.003026,7.842388,0.410869,1.352239,-0.000821,0.699904,0.027584,-0.004064,0.084047,0.085378,0.049692
3.0484,147.3980,Grasp descent wrist guard stopped collision rotation: joint5=0.174 rad; limit=0.035 rad; backing off to the recent pre-contact approach pose,0.003083,7.842058,0.410767,1.352155,-0.001156,0.699846,0.027539,-0.004087,0.084041,0.084086,0.049001
3.0670,147.4180,Grasp descent wrist guard stopped collision rotation: joint5=0.174 rad; limit=0.035 rad; backing off to the recent pre-contact approach pose,0.003056,7.842205,0.410792,1.352169,0.001183,0.699618,0.027359,-0.004100,0.084041,0.086680,0.085218
3.0890,147.4380,Grasp descent wrist guard stopped collision rotation: joint5=0.174 rad; limit=0.035 rad; backing off to the recent pre-contact approach pose,0.003029,7.842603,0.411026,1.352357,0.001478,0.699980,0.027501,-0.004108,0.083867,0.083137,0.084526
3.1075,147.4580,Grasp descent wrist guard stopped collision rotation: joint5=0.174 rad; limit=0.035 rad; backing off to the recent pre-contact approach pose,0.003092,7.842190,0.410757,1.352211,0.001731,0.699667,0.027348,-0.004116,0.084047,0.088947,0.092428
3.1275,147.4780,Grasp descent wrist guard stopped collision rotation: joint5=0.174 rad; limit=0.035 rad; backing off to the recent pre-contact approach pose,0.002994,7.842631,0.410897,1.351826,0.001418,0.699677,0.027335,-0.004117,0.083919,0.056532,0.083780
3.1483,147.4980,Grasp descent wrist guard stopped collision rotation: joint5=0.174 rad; limit=0.035 rad; backing off to the recent pre-contact approach pose,0.003077,7.842158,0.410740,1.352126,0.001554,0.699789,0.027149,-0.003898,0.082917,0.052512,0.080985
3.1679,147.5180,Grasp descent wrist guard stopped collision rotation: joint5=0.174 rad; limit=0.035 rad; backing off to the recent pre-contact approach pose,0.002913,7.841569,0.409705,1.350740,-0.000787,0.700520,0.027697,-0.003490,0.082569,0.089834,0.044524
3.1893,147.5380,Grasp descent wrist guard stopped collision rotation: joint5=0.174 rad; limit=0.035 rad; backing off to the recent pre-contact approach pose,0.003024,7.840459,0.408236,1.349840,0.000440,0.699827,0.027783,-0.002942,0.081490,0.081377,0.091709
3.2097,147.5580,Grasp descent wrist guard stopped collision rotation: joint5=0.174 rad; limit=0.035 rad; backing off to the recent pre-contact approach pose,0.002981,7.839061,0.406011,1.347851,0.000787,0.699244,0.027766,-0.002587,0.080738,0.086717,0.044119
3.2309,147.5780,Grasp descent wrist guard stopped collision rotation: joint5=0.174 rad; limit=0.035 rad; backing off to the recent pre-contact approach pose,0.003017,7.836419,0.402729,1.345112,-0.000851,0.699667,0.027672,-0.001290,0.078030,0.079392,0.040790
3.2489,147.5980,Grasp descent wrist guard stopped collision rotation: joint5=0.174 rad; limit=0.035 rad; backing off to the recent pre-contact approach pose,0.002977,7.833812,0.398952,1.341988,0.000300,0.699812,0.027662,-0.000760,0.076979,0.081660,0.078598
3.2690,147.6180,Grasp descent wrist guard stopped collision rotation: joint5=0.174 rad; limit=0.035 rad; backing off to the recent pre-contact approach pose,0.003014,7.829989,0.394196,1.337653,0.000961,0.700053,0.027836,0.001070,0.073419,0.054887,0.074661
3.2889,147.6380,Grasp descent wrist guard stopped collision rotation: joint5=0.174 rad; limit=0.035 rad; backing off to the recent pre-contact approach pose,0.003005,7.826239,0.389102,1.333364,-0.000752,0.699895,0.027650,0.001744,0.071838,0.072064,0.085827
3.3089,147.6580,Grasp descent wrist guard stopped collision rotation: joint5=0.174 rad; limit=0.035 rad; backing off to the recent pre-contact approach pose,0.003000,7.822589,0.383496,1.328455,-0.000105,0.700125,0.027833,0.004198,0.067490,0.069462,0.083584
3.3286,147.6780,Grasp descent wrist guard stopped collision rotation: joint5=0.174 rad; limit=0.035 rad; backing off to the recent pre-contact approach pose,0.003012,7.817313,0.376832,1.322663,-0.000470,0.700066,0.027735,0.005087,0.066105,0.067644,0.028063
3.3492,147.6980,Grasp descent wrist guard stopped collision rotation: joint5=0.174 rad; limit=0.035 rad; backing off to the recent pre-contact approach pose,0.003024,7.811949,0.369598,1.316385,-0.000666,0.699776,0.027921,0.008190,0.060793,0.061542,0.024968
3.3682,147.7180,Grasp descent wrist guard stopped collision rotation: joint5=0.174 rad; limit=0.035 rad; backing off to the recent pre-contact approach pose,0.002958,7.806877,0.361813,1.309668,-0.003314,0.700925,0.027742,0.009525,0.059941,0.061110,0.066035
3.3887,147.7380,Grasp descent wrist guard stopped collision rotation: joint5=0.174 rad; limit=0.035 rad; backing off to the recent pre-contact approach pose,0.002958,7.800408,0.353562,1.302432,-0.002158,0.699934,0.028276,0.011953,0.056368,0.059131,0.020377
3.4083,147.7580,Grasp descent wrist guard stopped collision rotation: joint5=0.174 rad; limit=0.035 rad; backing off to the recent pre-contact approach pose,0.003053,7.793796,0.344328,1.294433,0.005529,0.699072,0.028380,0.016268,0.049405,0.057232,0.034866
3.4290,147.7780,Grasp descent wrist guard stopped collision rotation: joint5=0.174 rad; limit=0.035 rad; backing off to the recent pre-contact approach pose,0.002960,7.787226,0.335060,1.286311,0.002346,0.700287,0.028053,0.017869,0.046641,0.040963,0.049247
3.4489,147.7980,Grasp descent wrist guard stopped collision rotation: joint5=0.174 rad; limit=0.035 rad; backing off to the recent pre-contact approach pose,0.002999,7.779165,0.324528,1.277219,0.005038,0.700159,0.028126,0.023053,0.039433,0.050866,0.050782
3.4683,147.8180,Grasp descent wrist guard stopped collision rotation: joint5=0.174 rad; limit=0.035 rad; backing off to the recent pre-contact approach pose,0.002958,7.771562,0.313922,1.268000,0.005589,0.700298,0.028167,0.026900,0.034634,0.047421,0.047117
3.4895,147.8380,Grasp descent wrist guard stopped collision rotation: joint5=0.174 rad; limit=0.035 rad; backing off to the recent pre-contact approach pose,0.002937,7.763507,0.302762,1.258294,0.004600,0.699995,0.027921,0.028947,0.032236,0.045213,0.044922
3.5076,147.8580,Grasp descent wrist guard stopped collision rotation: joint5=0.174 rad; limit=0.035 rad; backing off to the recent pre-contact approach pose,0.002937,7.754820,0.290896,1.247982,0.002812,0.699984,0.028156,0.033302,0.027432,0.039923,0.040581
3.5281,147.8780,Grasp descent wrist guard stopped collision rotation: joint5=0.174 rad; limit=0.035 rad; backing off to the recent pre-contact approach pose,0.002926,7.745746,0.278505,1.237208,0.001654,0.699988,0.028098,0.038010,0.023582,0.035183,0.036662
3.5488,147.8980,Grasp descent wrist guard stopped collision rotation: joint5=0.174 rad; limit=0.035 rad; backing off to the recent pre-contact approach pose,0.002914,7.736339,0.265611,1.225998,0.001073,0.700069,0.027863,0.043092,0.021974,0.035453,0.034326
3.5704,147.9180,Grasp descent wrist guard stopped collision rotation: joint5=0.174 rad; limit=0.035 rad; backing off to the recent pre-contact approach pose,0.002893,7.726566,0.252208,1.214348,0.000713,0.700045,0.027451,0.048553,0.023872,0.038578,0.034758
3.5903,147.9380,Grasp descent wrist guard stopped collision rotation: joint5=0.174 rad; limit=0.035 rad; backing off to the recent pre-contact approach pose,0.002876,7.716138,0.238179,1.202142,0.000462,0.700101,0.028133,0.054394,0.027128,0.041563,0.036337
3.6095,147.9580,Grasp descent wrist guard stopped collision rotation: joint5=0.174 rad; limit=0.035 rad; backing off to the recent pre-contact approach pose,0.002862,7.705683,0.223814,1.189655,0.000303,0.700108,0.027963,0.060649,0.033103,0.046861,0.040401
3.6337,147.9780,Grasp descent wrist guard stopped collision rotation: joint5=0.174 rad; limit=0.035 rad; backing off to the recent pre-contact approach pose,0.002839,7.694744,0.208898,1.176690,0.000224,0.700065,0.028096,0.067323,0.040212,0.053394,0.045283
3.6506,147.9980,Grasp descent wrist guard stopped collision rotation: joint5=0.174 rad; limit=0.035 rad; backing off to the recent pre-contact approach pose,0.002817,7.683462,0.193513,1.163312,0.000175,0.700032,0.028033,0.078139,0.052843,0.064187,0.054783
3.6697,148.0180,Grasp descent wrist guard stopped collision rotation: joint5=0.174 rad; limit=0.035 rad; backing off to the recent pre-contact approach pose,0.002786,7.672018,0.177746,1.149615,0.000154,0.699913,0.027042,0.085936,0.062906,0.071254,0.063825
3.6892,148.0380,Grasp descent wrist guard stopped collision rotation: joint5=0.174 rad; limit=0.035 rad; backing off to the recent pre-contact approach pose,0.002764,7.660097,0.161480,1.135475,-0.000104,0.700051,0.027809,0.090002,0.067292,0.074446,0.066783
3.7095,148.0580,Grasp descent wrist guard stopped collision rotation: joint5=0.174 rad; limit=0.035 rad; backing off to the recent pre-contact approach pose,0.002738,7.647885,0.144786,1.120964,-0.000251,0.700065,0.026438,0.102872,0.084299,0.089575,0.080392
3.7293,148.0780,Grasp descent wrist guard stopped collision rotation: joint5=0.174 rad; limit=0.035 rad; backing off to the recent pre-contact approach pose,0.002709,7.635367,0.127672,1.106088,-0.000398,0.700083,0.026893,0.112015,0.094804,0.100069,0.089621
3.7529,148.0980,Grasp descent wrist guard stopped collision rotation: joint5=0.174 rad; limit=0.035 rad; backing off to the recent pre-contact approach pose,0.002679,7.622550,0.110149,1.090858,-0.000520,0.700097,0.024260,0.121584,0.109897,0.115494,0.120732
3.7707,148.1180,Grasp descent wrist guard stopped collision rotation: joint5=0.174 rad; limit=0.035 rad; backing off to the recent pre-contact approach pose,0.002667,7.609337,0.092237,1.075268,-0.000086,0.700057,0.021638,0.126537,0.119750,0.125496,0.126196
3.7996,148.1380,Grasp descent wrist guard stopped collision rotation: joint5=0.174 rad; limit=0.035 rad; backing off to the recent pre-contact approach pose,0.002635,7.595999,0.073940,1.059374,-0.000119,0.700028,0.019947,0.136791,0.133611,0.139970,0.136658
3.8216,148.1580,Grasp descent wrist guard stopped collision rotation: joint5=0.174 rad; limit=0.035 rad; backing off to the recent pre-contact approach pose,0.002606,7.582343,0.055265,1.043141,-0.000150,0.700026,0.020457,0.152999,0.150343,0.157452,0.151974
3.8405,148.1780,Grasp descent wrist guard stopped collision rotation: joint5=0.174 rad; limit=0.035 rad; backing off to the recent pre-contact approach pose,0.002578,7.568411,0.036227,1.026592,-0.000161,0.700022,0.019842,0.164335,0.162373,0.169767,0.164302
3.8594,148.1980,Grasp descent wrist guard stopped collision rotation: joint5=0.174 rad; limit=0.035 rad; backing off to the recent pre-contact approach pose,0.002549,7.554220,0.016839,1.009737,-0.000159,0.700019,0.019999,0.170157,0.168074,0.175533,0.170393
3.8802,148.2180,Grasp descent wrist guard stopped collision rotation: joint5=0.174 rad; limit=0.035 rad; backing off to the recent pre-contact approach pose,0.002519,7.539781,-0.002963,0.992588,-0.000151,0.700016,0.019999,0.188191,0.186096,0.193287,0.189887
3.9000,148.2380,Grasp descent wrist guard stopped collision rotation: joint5=0.174 rad; limit=0.035 rad; backing off to the recent pre-contact approach pose,0.002489,7.525101,-0.022876,0.975154,-0.000141,0.700013,0.019844,0.200606,0.198479,0.205512,0.202827
3.9197,148.2580,Grasp descent wrist guard stopped collision rotation: joint5=0.174 rad; limit=0.035 rad; backing off to the recent pre-contact approach pose,0.002458,7.510195,-0.042879,0.957446,-0.000137,0.700012,0.019621,0.206916,0.204592,0.211597,0.209054
3.9393,148.2780,Grasp descent wrist guard stopped collision rotation: joint5=0.174 rad; limit=0.035 rad; backing off to the recent pre-contact approach pose,0.002429,7.495062,-0.062880,0.939473,-0.000108,0.699995,0.019844,0.219725,0.216921,0.223729,0.221666
3.9599,148.2980,Grasp descent wrist guard stopped collision rotation: joint5=0.174 rad; limit=0.035 rad; backing off to the recent pre-contact approach pose,0.002398,7.479720,-0.082880,0.921246,-0.000097,0.700000,0.019844,0.232770,0.229319,0.235848,0.234283
3.9863,148.3180,Grasp descent wrist guard stopped collision rotation: joint5=0.174 rad; limit=0.035 rad; backing off to the recent pre-contact approach pose,0.002366,7.464169,-0.102881,0.902773,-0.000093,0.700001,0.019621,0.252713,0.248054,0.254052,0.253091
4.0033,148.3380,Grasp descent wrist guard stopped collision rotation: joint5=0.174 rad; limit=0.035 rad; backing off to the recent pre-contact approach pose,0.002334,7.448421,-0.122882,0.884066,-0.000090,0.700001,0.019844,0.266215,0.260561,0.266111,0.265461
4.0253,148.3580,Grasp descent wrist guard stopped collision rotation: joint5=0.174 rad; limit=0.035 rad; backing off to the recent pre-contact approach pose,0.002301,7.432484,-0.142882,0.865135,-0.000090,0.700001,0.019844,0.279845,0.273123,0.278211,0.277792
4.0406,148.3780,Grasp descent wrist guard stopped collision rotation: joint5=0.174 rad; limit=0.035 rad; backing off to the recent pre-contact approach pose,0.002269,7.416366,-0.162883,0.845989,-0.000091,0.700001,0.019621,0.293570,0.285760,0.290379,0.290129
4.0595,148.3980,Grasp descent wrist guard stopped collision rotation: joint5=0.174 rad; limit=0.035 rad; backing off to the recent pre-contact approach pose,0.002235,7.400077,-0.182884,0.826639,-0.000092,0.700001,0.019844,0.300457,0.291989,0.296339,0.296170
4.0802,148.4180,Grasp descent wrist guard stopped collision rotation: joint5=0.174 rad; limit=0.035 rad; backing off to the recent pre-contact approach pose,0.002202,7.383624,-0.202885,0.807095,-0.000093,0.700001,0.019621,0.321161,0.310922,0.314529,0.314518
4.0992,148.4380,Grasp descent wrist guard stopped collision rotation: joint5=0.174 rad; limit=0.035 rad; backing off to the recent pre-contact approach pose,0.002168,7.367017,-0.222886,0.787366,-0.000094,0.700001,0.019999,0.328062,0.316921,0.320257,0.320299
4.1199,148.4580,Grasp descent wrist guard stopped collision rotation: joint5=0.174 rad; limit=0.035 rad; backing off to the recent pre-contact approach pose,0.002134,7.350263,-0.242887,0.767463,-0.000096,0.700001,0.019999,0.348685,0.335663,0.338228,0.338382
4.1398,148.4780,Grasp descent wrist guard stopped collision rotation: joint5=0.174 rad; limit=0.035 rad; backing off to the recent pre-contact approach pose,0.002099,7.333370,-0.262888,0.747462,-0.000097,0.700000,0.019844,0.362301,0.348241,0.350289,0.350513
4.1599,148.4980,Grasp descent wrist guard stopped collision rotation: joint5=0.174 rad; limit=0.035 rad; backing off to the recent pre-contact approach pose,0.002065,7.316349,-0.282889,0.727460,-0.000098,0.700000,0.019999,0.375765,0.360361,0.361906,0.362191
4.1818,148.5180,Grasp descent wrist guard stopped collision rotation: joint5=0.174 rad; limit=0.035 rad; backing off to the recent pre-contact approach pose,0.002030,7.299206,-0.302890,0.707458,-0.000100,0.700000,0.019999,0.389039,0.372553,0.373598,0.373944
4.2001,148.5380,Grasp descent wrist guard stopped collision rotation: joint5=0.174 rad; limit=0.035 rad; backing off to the recent pre-contact approach pose,0.002013,7.281831,-0.322941,0.687408,-0.000114,0.699994,0.019844,0.402043,0.384758,0.385298,0.385704
4.2203,148.5580,Grasp descent wrist guard stopped collision rotation: joint5=0.174 rad; limit=0.035 rad; backing off to the recent pre-contact approach pose,0.001961,7.264596,-0.342886,0.667458,-0.000111,0.699998,0.019999,0.414826,0.396520,0.396588,0.397048
4.2404,148.5780,Grasp descent wrist guard stopped collision rotation: joint5=0.174 rad; limit=0.035 rad; backing off to the recent pre-contact approach pose,0.001925,7.247138,-0.362892,0.647453,-0.000108,0.699999,0.019844,0.427307,0.408470,0.408063,0.408581
4.2600,148.5980,Grasp descent wrist guard stopped collision rotation: joint5=0.174 rad; limit=0.035 rad; backing off to the recent pre-contact approach pose,0.001889,7.229593,-0.382894,0.627450,-0.000107,0.699999,0.019844,0.439451,0.420091,0.419223,0.419795
4.2820,148.6180,Grasp descent wrist guard stopped collision rotation: joint5=0.174 rad; limit=0.035 rad; backing off to the recent pre-contact approach pose,0.001853,7.211970,-0.402895,0.607448,-0.000107,0.699999,0.019621,0.451224,0.431749,0.430441,0.431065
4.3004,148.6380,Grasp descent wrist guard stopped collision rotation: joint5=0.174 rad; limit=0.035 rad; backing off to the recent pre-contact approach pose,0.001816,7.194278,-0.422897,0.587445,-0.000107,0.699999,0.019999,0.462590,0.442643,0.440889,0.441568
4.3197,148.6580,Grasp descent wrist guard stopped collision rotation: joint5=0.174 rad; limit=0.035 rad; backing off to the recent pre-contact approach pose,0.001780,7.176523,-0.442898,0.567442,-0.000108,0.699999,0.019621,0.468111,0.448585,0.446620,0.447329
4.3401,148.6780,Grasp descent wrist guard stopped collision rotation: joint5=0.174 rad; limit=0.035 rad; backing off to the recent pre-contact approach pose,0.001743,7.158715,-0.462900,0.547440,-0.000109,0.699999,0.019999,0.478808,0.459165,0.456772,0.457535
4.3598,148.6980,Grasp descent wrist guard stopped collision rotation: joint5=0.174 rad; limit=0.035 rad; backing off to the recent pre-contact approach pose,0.001706,7.140862,-0.482902,0.527437,-0.000110,0.699999,0.019844,0.489019,0.470058,0.467252,0.468068
4.3813,148.7180,Grasp descent wrist guard stopped collision rotation: joint5=0.174 rad; limit=0.035 rad; backing off to the recent pre-contact approach pose,0.001669,7.122976,-0.502903,0.507434,-0.000112,0.699999,0.019844,0.503364,0.485745,0.482407,0.483344
4.4002,148.7380,Grasp descent wrist guard stopped collision rotation: joint5=0.174 rad; limit=0.035 rad; backing off to the recent pre-contact approach pose,0.001632,7.105055,-0.522905,0.487431,-0.000113,0.699999,0.019621,0.507872,0.491134,0.487616,0.488585
4.4224,148.7580,Grasp descent wrist guard stopped collision rotation: joint5=0.174 rad; limit=0.035 rad; backing off to the recent pre-contact approach pose,0.001595,7.087117,-0.542907,0.467429,-0.000114,0.699999,0.019999,0.520534,0.505672,0.501607,0.502658
4.4419,148.7780,Grasp descent wrist guard stopped collision rotation: joint5=0.174 rad; limit=0.035 rad; backing off to the recent pre-contact approach pose,0.001557,7.069169,-0.562908,0.447426,-0.000115,0.699999,0.019844,0.528227,0.515441,0.511024,0.512132
4.4617,148.7980,Grasp descent wrist guard stopped collision rotation: joint5=0.174 rad; limit=0.035 rad; backing off to the recent pre-contact approach pose,0.001520,7.051217,-0.582910,0.427423,-0.000116,0.699999,0.019999,0.535296,0.524683,0.519932,0.521096
4.4825,148.8180,Grasp descent wrist guard stopped collision rotation: joint5=0.174 rad; limit=0.035 rad; backing off to the recent pre-contact approach pose,0.001483,7.033271,-0.602912,0.407420,-0.000117,0.699999,0.019844,0.538590,0.529381,0.524463,0.525659
4.5010,148.8380,Grasp descent wrist guard stopped collision rotation: joint5=0.174 rad; limit=0.035 rad; backing off to the recent pre-contact approach pose,0.001445,7.015339,-0.622913,0.387417,-0.000118,0.699999,0.019621,0.544688,0.538654,0.533426,0.534677
4.5223,148.8580,Grasp descent wrist guard stopped collision rotation: joint5=0.174 rad; limit=0.035 rad; backing off to the recent pre-contact approach pose,0.001408,6.997430,-0.642915,0.367415,-0.000118,0.699999,0.019621,0.550120,0.547302,0.541772,0.543079
4.5416,148.8780,Grasp descent wrist guard stopped collision rotation: joint5=0.174 rad; limit=0.035 rad; backing off to the recent pre-contact approach pose,0.001370,6.979551,-0.662917,0.347412,-0.000118,0.699999,0.019844,0.556990,0.559337,0.553377,0.554765
4.5619,148.8980,Grasp descent wrist guard stopped collision rotation: joint5=0.174 rad; limit=0.035 rad; backing off to the recent pre-contact approach pose,0.001333,6.961712,-0.682918,0.327410,-0.000118,0.699999,0.019844,0.560703,0.567197,0.560969,0.562413
4.5836,148.9180,Grasp descent wrist guard stopped collision rotation: joint5=0.174 rad; limit=0.035 rad; backing off to the recent pre-contact approach pose,0.001296,6.943920,-0.702919,0.307408,-0.000117,0.699999,0.019621,0.563715,0.575119,0.568642,0.570140
4.6024,148.9380,Grasp descent wrist guard stopped collision rotation: joint5=0.174 rad; limit=0.035 rad; backing off to the recent pre-contact approach pose,0.001259,6.926185,-0.722921,0.287407,-0.000115,0.699999,0.019999,0.566019,0.581847,0.575130,0.576683
4.6219,148.9580,Grasp descent wrist guard stopped collision rotation: joint5=0.174 rad; limit=0.035 rad; backing off to the recent pre-contact approach pose,0.001222,6.908515,-0.742922,0.267406,-0.000112,0.699999,0.019621,0.566905,0.585816,0.578985,0.580568
4.6414,148.9780,Grasp descent wrist guard stopped collision rotation: joint5=0.174 rad; limit=0.035 rad; backing off to the recent pre-contact approach pose,0.001185,6.890918,-0.762922,0.247405,-0.000109,0.699999,0.019999,0.568145,0.592029,0.584978,0.586615
4.6618,148.9980,Grasp descent wrist guard stopped collision rotation: joint5=0.174 rad; limit=0.035 rad; backing off to the recent pre-contact approach pose,0.001148,6.873402,-0.782923,0.227404,-0.000105,0.700000,0.019844,0.568677,0.598466,0.591210,0.592900
4.6827,149.0180,Grasp descent wrist guard stopped collision rotation: joint5=0.174 rad; limit=0.035 rad; backing off to the recent pre-contact approach pose,0.001111,6.855977,-0.802924,0.207404,-0.000100,0.700000,0.019844,0.568156,0.607337,0.599803,0.601569
4.7018,149.0380,Grasp descent wrist guard stopped collision rotation: joint5=0.174 rad; limit=0.035 rad; backing off to the recent pre-contact approach pose,0.001075,6.838650,-0.822924,0.187404,-0.000095,0.700000,0.019999,0.566939,0.612740,0.605038,0.606854
4.7226,149.0580,Grasp descent wrist guard stopped collision rotation: joint5=0.174 rad; limit=0.035 rad; backing off to the recent pre-contact approach pose,0.001039,6.821430,-0.842924,0.167405,-0.000090,0.700000,0.019999,0.566072,0.615339,0.607558,0.609399
4.7421,149.0780,Grasp descent wrist guard stopped collision rotation: joint5=0.174 rad; limit=0.035 rad; backing off to the recent pre-contact approach pose,0.001003,6.804325,-0.862925,0.147405,-0.000085,0.700000,0.019844,0.562461,0.622662,0.614662,0.616573
4.7631,149.0980,Grasp descent wrist guard stopped collision rotation: joint5=0.174 rad; limit=0.035 rad; backing off to the recent pre-contact approach pose,0.000967,6.787345,-0.882925,0.127406,-0.000080,0.700000,0.019621,0.559226,0.627510,0.619383,0.621339
4.7862,149.1180,Grasp descent wrist guard stopped collision rotation: joint5=0.174 rad; limit=0.035 rad; backing off to the recent pre-contact approach pose,0.000932,6.770497,-0.902925,0.107407,-0.000074,0.700001,0.019844,0.555349,0.631057,0.622814,0.624811
4.8049,149.1380,Grasp descent wrist guard stopped collision rotation: joint5=0.174 rad; limit=0.035 rad; backing off to the recent pre-contact approach pose,0.000897,6.753790,-0.922925,0.087408,-0.000069,0.700001,0.019621,0.550846,0.635185,0.626839,0.628876
4.8273,149.1580,Grasp descent wrist guard stopped collision rotation: joint5=0.174 rad; limit=0.035 rad; backing off to the recent pre-contact approach pose,0.000862,6.737232,-0.942925,0.067409,-0.000064,0.700001,0.019621,0.548367,0.636868,0.628476,0.630532
4.8477,149.1780,Grasp descent wrist guard stopped collision rotation: joint5=0.174 rad; limit=0.035 rad; backing off to the recent pre-contact approach pose,0.000827,6.720832,-0.962925,0.047410,-0.000059,0.700001,0.019844,0.542964,0.639473,0.630997,0.633088
4.8772,149.1980,Grasp descent wrist guard stopped collision rotation: joint5=0.174 rad; limit=0.035 rad; backing off to the recent pre-contact approach pose,0.000793,6.704598,-0.982925,0.027411,-0.000055,0.700001,0.019844,0.536991,0.642191,0.633643,0.635766
4.8968,149.2180,Grasp descent wrist guard stopped collision rotation: joint5=0.174 rad; limit=0.035 rad; backing off to the recent pre-contact approach pose,0.000759,6.688539,-1.002925,0.007412,-0.000050,0.700001,0.019621,0.527011,0.646088,0.637458,0.639623
4.9177,149.2380,Grasp descent wrist guard stopped collision rotation: joint5=0.174 rad; limit=0.035 rad; backing off to the recent pre-contact approach pose,0.000726,6.672663,-1.022925,-0.012586,-0.000046,0.700001,0.019844,0.523425,0.646523,0.637871,0.640048
4.9363,149.2580,Grasp descent wrist guard stopped collision rotation: joint5=0.174 rad; limit=0.035 rad; backing off to the recent pre-contact approach pose,0.000693,6.656979,-1.042925,-0.032585,-0.000042,0.700002,0.019621,0.515886,0.648655,0.639969,0.642168
4.9572,149.2780,Grasp descent wrist guard stopped collision rotation: joint5=0.174 rad; limit=0.035 rad; backing off to the recent pre-contact approach pose,0.000660,6.641494,-1.062925,-0.052584,-0.000039,0.700002,0.019621,0.503711,0.650399,0.641685,0.643911
4.9765,149.2980,Grasp descent wrist guard stopped collision rotation: joint5=0.174 rad; limit=0.035 rad; backing off to the recent pre-contact approach pose,0.000627,6.626111,-1.083001,-0.072630,-0.000040,0.700005,0.019999,0.499452,0.650232,0.641511,0.643746
4.9969,149.3180,Grasp descent wrist guard stopped collision rotation: joint5=0.174 rad; limit=0.035 rad; backing off to the recent pre-contact approach pose,0.000593,6.611165,-1.102922,-0.092587,-0.000041,0.700000,0.019844,0.486023,0.650888,0.642176,0.644431
5.0166,149.3380,Grasp descent wrist guard stopped collision rotation: joint5=0.174 rad; limit=0.035 rad; backing off to the recent pre-contact approach pose,0.000564,6.596328,-1.122924,-0.112582,-0.000032,0.700001,0.019999,0.481366,0.650930,0.642227,0.644484
5.0366,149.3580,Grasp descent wrist guard stopped collision rotation: joint5=0.174 rad; limit=0.035 rad; backing off to the recent pre-contact approach pose,0.000533,6.581727,-1.142925,-0.132581,-0.000026,0.700001,0.019844,0.466892,0.650530,0.641871,0.644132
5.0567,149.3780,Grasp descent wrist guard stopped collision rotation: joint5=0.174 rad; limit=0.035 rad; backing off to the recent pre-contact approach pose,0.000503,6.567370,-1.162925,-0.152580,-0.000021,0.700001,0.019621,0.461914,0.650768,0.642129,0.644390
5.0767,149.3980,Grasp descent wrist guard stopped collision rotation: joint5=0.174 rad; limit=0.035 rad; backing off to the recent pre-contact approach pose,0.000474,6.553264,-1.182925,-0.172578,-0.000019,0.700001,0.019999,0.451752,0.649362,0.640775,0.643030
5.0966,149.4180,Grasp descent wrist guard stopped collision rotation: joint5=0.174 rad; limit=0.035 rad; backing off to the recent pre-contact approach pose,0.000444,6.539417,-1.202925,-0.192577,-0.000018,0.700001,0.019999,0.441343,0.648156,0.639630,0.641877
5.1176,149.4380,Grasp descent wrist guard stopped collision rotation: joint5=0.174 rad; limit=0.035 rad; backing off to the recent pre-contact approach pose,0.000416,6.525837,-1.222924,-0.211859,-0.000018,0.700002,0.019844,0.431113,0.646737,0.638280,0.640515
5.1367,149.4580,Grasp descent wrist guard stopped collision rotation: joint5=0.174 rad; limit=0.035 rad; backing off to the recent pre-contact approach pose,0.000388,6.512534,-1.242924,-0.227659,-0.000019,0.700002,0.019621,0.420944,0.645686,0.637302,0.639523
5.1573,149.4780,Grasp descent wrist guard stopped collision rotation: joint5=0.174 rad; limit=0.035 rad; backing off to the recent pre-contact approach pose,0.000360,6.499516,-1.262924,-0.243120,-0.000020,0.700002,0.019844,0.405546,0.642227,0.633971,0.636165
5.1766,149.4980,Grasp descent wrist guard stopped collision rotation: joint5=0.174 rad; limit=0.035 rad; backing off to the recent pre-contact approach pose,0.000334,6.486790,-1.282924,-0.258234,-0.000022,0.700002,0.019844,0.400390,0.641132,0.632922,0.635105
5.1971,149.5180,Grasp descent wrist guard stopped collision rotation: joint5=0.174 rad; limit=0.035 rad; backing off to the recent pre-contact approach pose,0.000307,6.474367,-1.302924,-0.272989,-0.000024,0.700002,0.019621,0.384905,0.638087,0.630024,0.632173
5.2182,149.5380,Grasp descent wrist guard stopped collision rotation: joint5=0.174 rad; limit=0.035 rad; backing off to the recent pre-contact approach pose,0.000282,6.462253,-1.322924,-0.287376,-0.000026,0.700002,0.019999,0.374600,0.634872,0.626917,0.629039
5.2375,149.5580,Grasp descent wrist guard stopped collision rotation: joint5=0.174 rad; limit=0.035 rad; backing off to the recent pre-contact approach pose,0.000257,6.450457,-1.342924,-0.301385,-0.000028,0.700002,0.019621,0.364342,0.632513,0.624670,0.626764
5.2574,149.5780,Grasp descent wrist guard stopped collision rotation: joint5=0.174 rad; limit=0.035 rad; backing off to the recent pre-contact approach pose,0.000233,6.438989,-1.362924,-0.315006,-0.000031,0.700002,0.019999,0.354155,0.628900,0.621177,0.623240
5.2770,149.5980,Grasp descent wrist guard stopped collision rotation: joint5=0.174 rad; limit=0.035 rad; backing off to the recent pre-contact approach pose,0.000210,6.427856,-1.382924,-0.328228,-0.000033,0.700002,0.019999,0.344063,0.625631,0.618032,0.620062
5.2973,149.6180,Grasp descent wrist guard stopped collision rotation: joint5=0.174 rad; limit=0.035 rad; backing off to the recent pre-contact approach pose,0.000187,6.417067,-1.402924,-0.341042,-0.000035,0.700002,0.019844,0.334087,0.622139,0.614670,0.616665
5.3180,149.6380,Grasp descent wrist guard stopped collision rotation: joint5=0.174 rad; limit=0.035 rad; backing off to the recent pre-contact approach pose,0.000165,6.406630,-1.422923,-0.353437,-0.000036,0.700002,0.019621,0.329150,0.620937,0.613533,0.615510
5.3376,149.6580,Grasp descent wrist guard stopped collision rotation: joint5=0.174 rad; limit=0.035 rad; backing off to the recent pre-contact approach pose,0.000144,6.396554,-1.442923,-0.365403,-0.000038,0.700002,0.019999,0.314567,0.614866,0.607666,0.609587
5.3588,149.6780,Grasp descent wrist guard stopped collision rotation: joint5=0.174 rad; limit=0.035 rad; backing off to the recent pre-contact approach pose,0.000124,6.386847,-1.462923,-0.376931,-0.000040,0.700002,0.019844,0.305058,0.610931,0.603874,0.605755
5.3772,149.6980,Grasp descent wrist guard stopped collision rotation: joint5=0.174 rad; limit=0.035 rad; backing off to the recent pre-contact approach pose,0.000104,6.377517,-1.482923,-0.388011,-0.000042,0.700002,0.019621,0.295738,0.607524,0.600608,0.602449
5.4023,149.7180,Grasp descent wrist guard stopped collision rotation: joint5=0.174 rad; limit=0.035 rad; backing off to the recent pre-contact approach pose,0.000086,6.368574,-1.502923,-0.398631,-0.000045,0.700002,0.019999,0.291154,0.604972,0.598129,0.599948
5.4266,149.7380,Grasp descent wrist guard stopped collision rotation: joint5=0.174 rad; limit=0.035 rad; backing off to the recent pre-contact approach pose,0.000069,6.360026,-1.522923,-0.408783,-0.000047,0.700002,0.019621,0.282144,0.601343,0.594647,0.596423
5.4470,149.7580,Grasp descent wrist guard stopped collision rotation: joint5=0.174 rad; limit=0.035 rad; backing off to the recent pre-contact approach pose,0.000054,6.351880,-1.542923,-0.418457,-0.000049,0.700002,0.019999,0.273357,0.596601,0.590052,0.591785
5.4669,149.7780,Grasp descent wrist guard stopped collision rotation: joint5=0.174 rad; limit=0.035 rad; backing off to the recent pre-contact approach pose,-0.000046,6.344146,-1.562923,-0.427641,-0.000051,0.700002,0.019844,0.264802,0.592215,0.585817,0.587507
5.4879,149.7980,Grasp descent wrist guard stopped collision rotation: joint5=0.174 rad; limit=0.035 rad; backing off to the recent pre-contact approach pose,0.000046,6.336832,-1.582923,-0.436326,-0.000053,0.700002,0.019621,0.256490,0.588425,0.582177,0.583822
5.5128,149.8180,Grasp descent wrist guard stopped collision rotation: joint5=0.174 rad; limit=0.035 rad; backing off to the recent pre-contact approach pose,0.000052,6.329947,-1.602923,-0.444503,-0.000055,0.700002,0.019621,0.244490,0.581770,0.575745,0.577326
5.5336,149.8380,Grasp descent wrist guard stopped collision rotation: joint5=0.174 rad; limit=0.035 rad; backing off to the recent pre-contact approach pose,0.000047,6.323498,-1.622923,-0.452161,-0.000057,0.700002,0.019844,0.236813,0.576706,0.570831,0.572366
5.5540,149.8580,Grasp descent wrist guard stopped collision rotation: joint5=0.174 rad; limit=0.035 rad; backing off to the recent pre-contact approach pose,-0.000045,6.317495,-1.642923,-0.459289,-0.000059,0.700002,0.019621,0.233073,0.575036,0.569236,0.570748
5.5776,149.8780,Grasp descent wrist guard stopped collision rotation: joint5=0.174 rad; limit=0.035 rad; backing off to the recent pre-contact approach pose,-0.000084,6.311945,-1.662923,-0.465879,-0.000062,0.700002,0.019999,0.225792,0.570027,0.564374,0.565840
5.5979,149.8980,Grasp descent wrist guard stopped collision rotation: joint5=0.174 rad; limit=0.035 rad; backing off to the recent pre-contact approach pose,-0.000049,6.306858,-1.682924,-0.471920,-0.000064,0.700002,0.019844,0.217605,0.564759,0.559284,0.560699
5.6183,149.9180,Grasp descent wrist guard stopped collision rotation: joint5=0.174 rad; limit=0.035 rad; backing off to the recent pre-contact approach pose,-0.000053,6.302241,-1.694023,-0.477402,-0.000066,0.700002,0.019621,0.216028,0.564377,0.558941,0.560341
5.6376,149.9380,Grasp descent wrist guard stopped collision rotation: joint5=0.174 rad; limit=0.035 rad; backing off to the recent pre-contact approach pose,-0.000062,6.298104,-1.699676,-0.482315,-0.000067,0.700002,0.019621,0.213155,0.562599,0.557232,0.558611
5.6589,149.9580,Grasp descent wrist guard stopped collision rotation: joint5=0.174 rad; limit=0.035 rad; backing off to the recent pre-contact approach pose,-0.000071,6.294454,-1.704663,-0.486649,-0.000069,0.700002,0.019844,0.210658,0.560452,0.555147,0.556506
5.6792,149.9780,Grasp descent wrist guard stopped collision rotation: joint5=0.174 rad; limit=0.035 rad; backing off to the recent pre-contact approach pose,-0.000078,6.291301,-1.708973,-0.490394,-0.000070,0.700002,0.019844,0.208538,0.559102,0.553850,0.555193
5.6980,149.9980,Grasp descent wrist guard stopped collision rotation: joint5=0.174 rad; limit=0.035 rad; backing off to the recent pre-contact approach pose,-0.000084,6.288652,-1.712592,-0.493540,-0.000071,0.700002,0.019999,0.206797,0.558083,0.552871,0.554202
5.7225,150.0180,Grasp descent wrist guard stopped collision rotation: joint5=0.174 rad; limit=0.035 rad; backing off to the recent pre-contact approach pose,-0.000089,6.286516,-1.715511,-0.496076,-0.000072,0.700002,0.019999,0.205436,0.557198,0.552021,0.553341
5.7415,150.0380,Grasp descent wrist guard stopped collision rotation: joint5=0.174 rad; limit=0.035 rad; backing off to the recent pre-contact approach pose,-0.000118,6.284803,-1.717800,-0.497954,-0.000102,0.700010,0.019844,0.204148,0.556234,0.551101,0.552418
5.7616,150.0580,Grasp descent wrist guard stopped collision rotation: joint5=0.174 rad; limit=0.035 rad; backing off to the recent pre-contact approach pose,-0.000097,6.283823,-1.719197,-0.499296,-0.000084,0.700001,0.019999,0.203747,0.556063,0.550940,0.552255
5.7856,150.0780,Grasp descent wrist guard stopped collision rotation: joint5=0.174 rad; limit=0.035 rad; backing off to the recent pre-contact approach pose,-0.000098,6.283271,-1.719947,-0.499932,-0.000078,0.700001,0.019999,0.203697,0.556019,0.550897,0.552213
5.8087,150.0980,Grasp descent wrist guard stopped collision rotation: joint5=0.174 rad; limit=0.035 rad; backing off to the recent pre-contact approach pose,-0.000098,6.283203,-1.720041,-0.500013,-0.000076,0.700001,0.019621,0.203696,0.556503,0.551384,0.552697
5.8305,150.1180,Grasp descent wrist guard stopped collision rotation: joint5=0.174 rad; limit=0.035 rad; backing off to the recent pre-contact approach pose,-0.000098,6.283204,-1.720041,-0.500013,-0.000075,0.700001,0.019999,0.203696,0.556008,0.550887,0.552200
5.8530,150.1380,Grasp descent wrist guard stopped collision rotation: joint5=0.174 rad; limit=0.035 rad; backing off to the recent pre-contact approach pose,-0.000098,6.283163,-1.720041,-0.500013,-0.000074,0.700001,0.019999,0.203705,0.556001,0.550879,0.552192
5.8771,150.1580,Grasp descent wrist guard stopped collision rotation: joint5=0.174 rad; limit=0.035 rad; backing off to the recent pre-contact approach pose,-0.000098,6.283212,-1.720041,-0.500013,-0.000074,0.700001,0.019621,0.203697,0.556482,0.551362,0.552675
5.9073,150.1780,Grasp descent wrist guard stopped collision rotation: joint5=0.174 rad; limit=0.035 rad; backing off to the recent pre-contact approach pose,-0.000097,6.283234,-1.720041,-0.500013,-0.000073,0.700001,0.019621,0.203698,0.556473,0.551349,0.552666
5.9262,150.1980,Grasp descent wrist guard stopped collision rotation: joint5=0.174 rad; limit=0.035 rad; backing off to the recent pre-contact approach pose,-0.000097,6.283155,-1.720041,-0.500013,-0.000073,0.700001,0.019844,0.203710,0.555889,0.550767,0.552080
5.9502,150.2180,Grasp descent wrist guard stopped collision rotation: joint5=0.174 rad; limit=0.035 rad; backing off to the recent pre-contact approach pose,-0.000097,6.283218,-1.720041,-0.500013,-0.000074,0.700001,0.019844,0.203712,0.555879,0.550755,0.552071
5.9744,150.2380,Grasp descent wrist guard stopped collision rotation: joint5=0.174 rad; limit=0.035 rad; backing off to the recent pre-contact approach pose,-0.000097,6.283237,-1.720041,-0.500013,-0.000074,0.700002,0.019999,0.203704,0.555970,0.550844,0.552159
5.9958,150.2580,Grasp descent wrist guard stopped collision rotation: joint5=0.174 rad; limit=0.035 rad; backing off to the recent pre-contact approach pose,-0.000097,6.283147,-1.720041,-0.500013,-0.000074,0.700002,0.019844,0.203714,0.555870,0.550746,0.552060
6.0196,150.2780,Grasp descent wrist guard stopped collision rotation: joint5=0.174 rad; limit=0.035 rad; backing off to the recent pre-contact approach pose,-0.000097,6.283222,-1.720041,-0.500013,-0.000074,0.700002,0.019621,0.203701,0.556443,0.551319,0.552633
6.0493,150.2980,Pickup attempt 1 failed physical verification; retrying recognition and alignment,-0.000097,6.283239,-1.720041,-0.500013,-0.000074,0.700002,0.019621,0.203702,0.556434,0.551307,0.552624
6.0853,150.3280,Velocity control source=visual (previous=navigation; stopping base for failed-pick recovery),-0.000097,6.283145,-1.720041,-0.500013,-0.000074,0.700002,0.019844,0.203718,0.555851,0.550725,0.552039
6.0950,150.3380,Velocity control source=visual (previous=navigation; stopping base for failed-pick recovery),-0.000097,6.283145,-1.720041,-0.500013,-0.000074,0.700002,0.019844,0.203711,0.555839,0.550711,0.552028
6.1131,150.3580,Velocity control source=visual (previous=navigation; stopping base for failed-pick recovery),-0.000097,6.283226,-1.720041,-0.500013,-0.000074,0.700002,0.019621,0.203705,0.556415,0.551288,0.552603
6.1391,150.3780,Navigation mode=main_legacy; global laser obstacle layer=enabled (failed pickup: return to recognition navigation),-0.000097,6.283243,-1.720041,-0.500013,-0.000074,0.700002,0.019999,0.203727,0.555927,0.550795,0.552113
6.1570,150.3980,Navigation mode=main_legacy; global laser obstacle layer=enabled (failed pickup: return to recognition navigation),-0.000097,6.283256,-1.720041,-0.500013,-0.000074,0.700002,0.019621,0.203714,0.556407,0.551171,0.552501
6.1793,150.4180,Navigation mode=main_legacy; global laser obstacle layer=enabled (failed pickup: return to recognition navigation),-0.000097,6.283135,-1.720041,-0.500013,-0.000074,0.720002,0.019621,0.203715,0.556398,0.550827,0.552207
6.1986,150.4380,Navigation mode=main_legacy; global laser obstacle layer=enabled (failed pickup: return to recognition navigation),-0.000097,6.283141,-1.720041,-0.500013,-0.000074,0.740002,0.019844,0.203730,0.555814,0.550133,0.551525
6.2192,150.4580,Navigation mode=main_legacy; global laser obstacle layer=enabled (failed pickup: return to recognition navigation),-0.000097,6.283230,-1.720041,-0.500013,-0.000074,0.760002,0.019621,0.203711,0.556386,0.550476,0.551899
6.2399,150.4780,Navigation mode=main_legacy; global laser obstacle layer=enabled (failed pickup: return to recognition navigation),-0.000097,6.283246,-1.720041,-0.500013,-0.000074,0.780002,0.019999,0.203734,0.555898,0.549633,0.551105
6.2594,150.4980,Navigation mode=main_legacy; global laser obstacle layer=enabled (failed pickup: return to recognition navigation),-0.000096,6.283258,-1.720041,-0.500013,-0.000073,0.800002,0.019844,0.203720,0.555792,0.549414,0.550896
6.2794,150.5180,Navigation mode=main_legacy; global laser obstacle layer=enabled (failed pickup: return to recognition navigation),-0.000096,6.283262,-1.720041,-0.500013,-0.000073,0.820002,0.019621,0.203722,0.556369,0.549751,0.551263
6.2989,150.5380,Navigation mode=main_legacy; global laser obstacle layer=enabled (failed pickup: return to recognition navigation),-0.000096,6.283130,-1.720041,-0.500013,-0.000073,0.840002,0.019999,0.203733,0.555878,0.549014,0.550555
6.3195,150.5580,Navigation mode=main_legacy; global laser obstacle layer=enabled (failed pickup: return to recognition navigation),-0.000096,6.283138,-1.720041,-0.500013,-0.000073,0.860002,0.019844,0.203739,0.555777,0.548669,0.550238
6.3390,150.5780,Navigation mode=main_legacy; global laser obstacle layer=enabled (failed pickup: return to recognition navigation),-0.000096,6.283138,-1.720041,-0.500013,-0.000073,0.880002,0.019621,0.203741,0.556354,0.548995,0.550593
6.3595,150.5980,Navigation mode=main_legacy; global laser obstacle layer=enabled (failed pickup: return to recognition navigation),-0.000096,6.283137,-1.720041,-0.500013,-0.000072,0.900002,0.019999,0.203743,0.555861,0.548244,0.549869
6.3803,150.6180,Navigation mode=main_legacy; global laser obstacle layer=enabled (failed pickup: return to recognition navigation),-0.000096,6.283137,-1.720041,-0.500013,-0.000072,0.920002,0.019844,0.203729,0.555754,0.547753,0.549421
6.3993,150.6380,Navigation mode=main_legacy; global laser obstacle layer=enabled (failed pickup: return to recognition navigation),-0.000096,6.283137,-1.720041,-0.500013,-0.000072,0.940002,0.019621,0.203787,0.556374,0.548242,0.549920
6.4211,150.6580,Navigation mode=main_legacy; global laser obstacle layer=enabled (failed pickup: return to recognition navigation),-0.000096,6.283072,-1.719468,-0.499593,-0.000072,0.960002,0.019621,0.204402,0.556931,0.548367,0.550094
6.4400,150.6780,Navigation mode=main_legacy; global laser obstacle layer=enabled (failed pickup: return to recognition navigation),-0.000096,6.282824,-1.717761,-0.498341,-0.000072,0.980002,0.019999,0.205226,0.557186,0.548302,0.550063
6.4602,150.6980,Navigation mode=main_legacy; global laser obstacle layer=enabled (failed pickup: return to recognition navigation),-0.000096,6.282353,-1.714945,-0.496276,-0.000072,1.000002,0.019844,0.206362,0.558112,0.549170,0.550945
6.4812,150.7180,Navigation mode=main_legacy; global laser obstacle layer=enabled (failed pickup: return to recognition navigation),-0.000096,6.281707,-1.711072,-0.493436,-0.000071,1.000002,0.019621,0.207807,0.559989,0.550966,0.552760
6.5002,150.7380,Navigation mode=main_legacy; global laser obstacle layer=enabled (failed pickup: return to recognition navigation),-0.000096,6.280889,-1.706164,-0.489837,-0.000071,1.000002,0.019999,0.209552,0.561049,0.551927,0.553742
6.5200,150.7580,Navigation mode=main_legacy; global laser obstacle layer=enabled (failed pickup: return to recognition navigation),-0.000096,6.279906,-1.700261,-0.485509,-0.000071,1.000002,0.019621,0.210534,0.562404,0.553235,0.555058
6.5404,150.7780,Navigation mode=main_legacy; global laser obstacle layer=enabled (failed pickup: return to recognition navigation),-0.000096,6.278763,-1.693401,-0.480478,-0.000071,1.000003,0.019621,0.213964,0.565366,0.556012,0.557886
6.5603,150.7980,Navigation mode=main_legacy; global laser obstacle layer=enabled (failed pickup: return to recognition navigation),-0.000100,6.277494,-1.685599,-0.474804,-0.000103,1.000002,0.019999,0.216564,0.567108,0.557622,0.559527
6.5804,150.8180,Navigation mode=main_legacy; global laser obstacle layer=enabled (failed pickup: return to recognition navigation),-0.000099,6.276011,-1.676874,-0.468363,-0.000079,1.000002,0.019621,0.219473,0.570070,0.560436,0.562373
6.6060,150.8380,Navigation mode=main_legacy; global laser obstacle layer=enabled (failed pickup: return to recognition navigation),-0.000098,6.274404,-1.667242,-0.461297,-0.000072,1.000002,0.019999,0.222675,0.572253,0.562452,0.564423
6.6202,150.8580,Navigation mode=main_legacy; global laser obstacle layer=enabled (failed pickup: return to recognition navigation),-0.000098,6.272650,-1.656716,-0.453579,-0.000069,1.000002,0.019844,0.224385,0.573571,0.563690,0.565676
6.6401,150.8780,Navigation mode=main_legacy; global laser obstacle layer=enabled (failed pickup: return to recognition navigation),-0.000098,6.270751,-1.645315,-0.445218,-0.000067,1.000002,0.019621,0.229953,0.578679,0.568521,0.570567
6.6598,150.8980,Navigation mode=main_legacy; global laser obstacle layer=enabled (failed pickup: return to recognition navigation),-0.000098,6.268708,-1.633055,-0.436228,-0.000066,1.000002,0.019999,0.231954,0.579777,0.569521,0.571583
6.6823,150.9180,Navigation mode=main_legacy; global laser obstacle layer=enabled (failed pickup: return to recognition navigation),-0.000097,6.266525,-1.619951,-0.426619,-0.000065,1.000002,0.019999,0.236176,0.583090,0.572635,0.574738
6.7007,150.9380,Navigation mode=main_legacy; global laser obstacle layer=enabled (failed pickup: return to recognition navigation),-0.000097,6.264204,-1.606021,-0.416404,-0.000064,1.000002,0.019621,0.240687,0.587064,0.576405,0.578549
6.7206,150.9580,Navigation mode=main_legacy; global laser obstacle layer=enabled (failed pickup: return to recognition navigation),-0.000097,6.261747,-1.591280,-0.405594,-0.000064,1.000002,0.019999,0.247997,0.592045,0.581058,0.583269
6.7405,150.9780,Navigation mode=main_legacy; global laser obstacle layer=enabled (failed pickup: return to recognition navigation),-0.000097,6.259159,-1.575745,-0.394202,-0.000063,1.000002,0.019999,0.250578,0.593929,0.582832,0.585063
6.7599,150.9980,Navigation mode=main_legacy; global laser obstacle layer=enabled (failed pickup: return to recognition navigation),-0.000097,6.256441,-1.559431,-0.382240,-0.000062,1.000002,0.019621,0.255953,0.598302,0.586982,0.589257
6.7808,151.0180,Navigation mode=main_legacy; global laser obstacle layer=enabled (failed pickup: return to recognition navigation),-0.000096,6.253596,-1.542356,-0.369719,-0.000062,1.000003,0.019621,0.264545,0.604299,0.592630,0.594974
6.8005,151.0380,Navigation mode=main_legacy; global laser obstacle layer=enabled (failed pickup: return to recognition navigation),-0.000096,6.250627,-1.524536,-0.356651,-0.000061,1.000003,0.019999,0.270622,0.607899,0.595992,0.598381
6.8206,151.0580,Navigation mode=main_legacy; global laser obstacle layer=enabled (failed pickup: return to recognition navigation),-0.000096,6.247536,-1.505986,-0.343048,-0.000061,1.000003,0.019844,0.273763,0.609897,0.597877,0.600285
6.8417,151.0780,Navigation mode=main_legacy; global laser obstacle layer=enabled (failed pickup: return to recognition navigation),-0.000096,6.244326,-1.486723,-0.328922,-0.000060,1.000003,0.019621,0.283570,0.616801,0.604422,0.606899
6.8605,151.0980,Navigation mode=main_legacy; global laser obstacle layer=enabled (failed pickup: return to recognition navigation),-0.000096,6.241001,-1.466829,-0.314286,-0.000060,1.000003,0.019999,0.290273,0.620471,0.607856,0.610376
6.8848,151.1180,Navigation mode=main_legacy; global laser obstacle layer=enabled (failed pickup: return to recognition navigation),-0.000096,6.237562,-1.446829,-0.299150,-0.000059,1.000003,0.019844,0.297047,0.624517,0.611675,0.614236
6.9004,151.1380,Navigation mode=main_legacy; global laser obstacle layer=enabled (failed pickup: return to recognition navigation),-0.000095,6.234012,-1.426829,-0.283528,-0.000059,1.000003,0.019999,0.300458,0.626622,0.613666,0.616245
6.9256,151.1580,Navigation mode=main_legacy; global laser obstacle layer=enabled (failed pickup: return to recognition navigation),-0.000095,6.230354,-1.406829,-0.267430,-0.000058,1.000003,0.019999,0.310782,0.632616,0.619329,0.621968
6.9417,151.1780,Navigation mode=main_legacy; global laser obstacle layer=enabled (failed pickup: return to recognition navigation),-0.000095,6.226591,-1.386830,-0.250869,-0.000058,1.000003,0.019844,0.317732,0.636450,0.622953,0.625628
6.9611,151.1980,Navigation mode=main_legacy; global laser obstacle layer=enabled (failed pickup: return to recognition navigation),-0.000095,6.222726,-1.366830,-0.233856,-0.000058,1.000003,0.019621,0.324729,0.640850,0.627144,0.629855
6.9850,151.2180,Navigation mode=main_legacy; global laser obstacle layer=enabled (failed pickup: return to recognition navigation),-0.000095,6.218760,-1.346830,-0.216404,-0.000058,1.000003,0.019999,0.331766,0.644059,0.630154,0.632896
7.0005,151.2380,Navigation mode=main_legacy; global laser obstacle layer=enabled (failed pickup: return to recognition navigation),-0.000095,6.214698,-1.326830,-0.198525,-0.000058,1.000003,0.019621,0.335297,0.646407,0.632407,0.635163
7.0214,151.2580,Navigation mode=main_legacy; global laser obstacle layer=enabled (failed pickup: return to recognition navigation),-0.000095,6.210541,-1.306830,-0.180230,-0.000057,1.000003,0.019621,0.342379,0.649989,0.635801,0.638587
7.0414,151.2780,Navigation mode=main_legacy; global laser obstacle layer=enabled (failed pickup: return to recognition navigation),-0.000094,6.206292,-1.286831,-0.161532,-0.000057,1.000003,0.019844,0.353040,0.654599,0.640146,0.642973
7.0622,151.2980,Navigation mode=main_legacy; global laser obstacle layer=enabled (failed pickup: return to recognition navigation),-0.000094,6.201955,-1.266831,-0.142442,-0.000058,1.000003,0.019844,0.360160,0.657915,0.643296,0.646146
7.0865,151.3180,Navigation mode=main_legacy; global laser obstacle layer=enabled (failed pickup: return to recognition navigation),-0.000094,6.197531,-1.246831,-0.122972,-0.000058,1.000003,0.019621,0.367281,0.661696,0.646918,0.649790
7.1053,151.3380,Navigation mode=main_legacy; global laser obstacle layer=enabled (failed pickup: return to recognition navigation),-0.000094,6.193023,-1.226832,-0.103134,-0.000058,1.000003,0.019999,0.374365,0.664240,0.649316,0.652207
7.1211,151.3580,Navigation mode=main_legacy; global laser obstacle layer=enabled (failed pickup: return to recognition navigation),-0.000094,6.188435,-1.206832,-0.083135,-0.000058,1.000003,0.019621,0.377883,0.666248,0.651256,0.654155
7.1469,151.3780,Navigation mode=main_legacy; global laser obstacle layer=enabled (failed pickup: return to recognition navigation),-0.000094,6.183768,-1.186832,-0.063135,-0.000058,1.000003,0.019621,0.388326,0.670480,0.655298,0.658219
7.1651,151.3980,Navigation mode=main_legacy; global laser obstacle layer=enabled (failed pickup: return to recognition navigation),-0.000094,6.179026,-1.166832,-0.043135,-0.000059,1.000003,0.019999,0.395191,0.672593,0.657299,0.660230
7.1889,151.4180,Navigation mode=main_legacy; global laser obstacle layer=enabled (failed pickup: return to recognition navigation),-0.000093,6.174211,-1.146833,-0.023136,-0.000059,1.000003,0.019844,0.401972,0.675049,0.659656,0.662595
7.2047,151.4380,Navigation mode=main_legacy; global laser obstacle layer=enabled (failed pickup: return to recognition navigation),-0.000093,6.169327,-1.126833,-0.003136,-0.000059,1.000003,0.019999,0.405329,0.676285,0.660846,0.663787
7.2239,151.4580,Navigation mode=main_legacy; global laser obstacle layer=enabled (failed pickup: return to recognition navigation),-0.000093,6.164375,-1.106833,0.016864,-0.000060,1.000003,0.019844,0.411972,0.678528,0.663006,0.665952
7.2453,151.4780,Navigation mode=main_legacy; global laser obstacle layer=enabled (failed pickup: return to recognition navigation),-0.000093,6.159358,-1.086834,0.036864,-0.000060,1.000003,0.019844,0.421751,0.681682,0.666055,0.669003
7.2650,151.4980,Navigation mode=main_legacy; global laser obstacle layer=enabled (failed pickup: return to recognition navigation),-0.000093,6.154279,-1.066834,0.056863,-0.000060,1.000004,0.019621,0.428139,0.684170,0.668487,0.671433
7.2874,151.5180,Navigation mode=main_legacy; global laser obstacle layer=enabled (failed pickup: return to recognition navigation),-0.000093,6.149142,-1.046835,0.076863,-0.000061,1.000004,0.019999,0.434417,0.685410,0.669684,0.672625
7.3043,151.5380,Navigation mode=main_legacy; global laser obstacle layer=enabled (failed pickup: return to recognition navigation),-0.000104,6.143825,-1.026902,0.096869,-0.000080,1.000012,0.019621,0.437551,0.686758,0.671016,0.673956
7.3249,151.5580,Navigation mode=main_legacy; global laser obstacle layer=enabled (failed pickup: return to recognition navigation),-0.000099,6.138709,-1.006835,0.116854,-0.000052,1.000001,0.019999,0.443634,0.687767,0.671996,0.674930
7.3451,151.5780,Navigation mode=main_legacy; global laser obstacle layer=enabled (failed pickup: return to recognition navigation),-0.000097,6.133402,-0.986835,0.136861,-0.000048,1.000002,0.019999,0.449611,0.689173,0.673384,0.676310
7.3644,151.5980,Navigation mode=main_legacy; global laser obstacle layer=enabled (failed pickup: return to recognition navigation),-0.000096,6.128054,-0.966836,0.156861,-0.000047,1.000003,0.019844,0.455461,0.690413,0.674619,0.677531
7.3863,151.6180,Navigation mode=main_legacy; global laser obstacle layer=enabled (failed pickup: return to recognition navigation),-0.000095,6.122661,-0.946836,0.176861,-0.000047,1.000003,0.019621,0.463989,0.692598,0.676818,0.679705
7.4053,151.6380,Navigation mode=main_legacy; global laser obstacle layer=enabled (failed pickup: return to recognition navigation),-0.000095,6.117225,-0.926837,0.196861,-0.000048,1.000003,0.019999,0.469502,0.692959,0.677204,0.680071
7.4252,151.6580,Navigation mode=main_legacy; global laser obstacle layer=enabled (failed pickup: return to recognition navigation),-0.000094,6.111749,-0.906837,0.216861,-0.000049,1.000003,0.019844,0.474874,0.693694,0.677975,0.680818
7.4457,151.6780,Navigation mode=main_legacy; global laser obstacle layer=enabled (failed pickup: return to recognition navigation),-0.000094,6.106235,-0.886838,0.236861,-0.000050,1.000003,0.019999,0.480099,0.694318,0.678647,0.681465
7.4639,151.6980,Navigation mode=main_legacy; global laser obstacle layer=enabled (failed pickup: return to recognition navigation),-0.000094,6.100686,-0.866838,0.256860,-0.000051,1.000003,0.019844,0.482655,0.694550,0.678905,0.681711
7.4851,151.7180,Navigation mode=main_legacy; global laser obstacle layer=enabled (failed pickup: return to recognition navigation),-0.000094,6.095106,-0.846838,0.276860,-0.000052,1.000003,0.019844,0.490096,0.695077,0.679533,0.682293
7.5045,151.7380,Navigation mode=main_legacy; global laser obstacle layer=enabled (failed pickup: return to recognition navigation),-0.000094,6.089496,-0.826839,0.296860,-0.000054,1.000003,0.019621,0.494861,0.695793,0.680330,0.683057
7.5241,151.7580,Navigation mode=main_legacy; global laser obstacle layer=enabled (failed pickup: return to recognition navigation),-0.000094,6.083859,-0.806839,0.316860,-0.000055,1.000003,0.019844,0.497184,0.695275,0.679856,0.682567
7.5441,151.7780,Navigation mode=main_legacy; global laser obstacle layer=enabled (failed pickup: return to recognition navigation),-0.000094,6.078199,-0.786840,0.336860,-0.000056,1.000003,0.019621,0.501707,0.695769,0.680448,0.683123
7.5651,151.7980,Navigation mode=main_legacy; global laser obstacle layer=enabled (failed pickup: return to recognition navigation),-0.000094,6.072517,-0.766840,0.356860,-0.000057,1.000003,0.019621,0.508181,0.695417,0.680263,0.682880
7.5872,151.8180,Navigation mode=main_legacy; global laser obstacle layer=enabled (failed pickup: return to recognition navigation),-0.000094,6.066817,-0.746841,0.376860,-0.000058,1.000003,0.019844,0.510255,0.694687,0.679593,0.682189
7.6113,151.8380,Navigation mode=main_legacy; global laser obstacle layer=enabled (failed pickup: return to recognition navigation),-0.000093,6.061100,-0.726841,0.396859,-0.000058,1.000003,0.019844,0.516219,0.693903,0.679009,0.681539
7.6262,151.8580,Navigation mode=main_legacy; global laser obstacle layer=enabled (failed pickup: return to recognition navigation),-0.000093,6.055371,-0.706842,0.416859,-0.000059,1.000003,0.019621,0.519977,0.693734,0.678988,0.681472
7.6459,151.8780,Navigation mode=main_legacy; global laser obstacle layer=enabled (failed pickup: return to recognition navigation),-0.000093,6.049631,-0.686842,0.436859,-0.000060,1.000003,0.019999,0.521790,0.692786,0.678118,0.680579
7.6645,151.8980,Navigation mode=main_legacy; global laser obstacle layer=enabled (failed pickup: return to recognition navigation),-0.000093,6.043884,-0.666843,0.456859,-0.000061,1.000003,0.019844,0.526959,0.691358,0.676937,0.679322
7.6853,151.9180,Navigation mode=main_legacy; global laser obstacle layer=enabled (failed pickup: return to recognition navigation),-0.000093,6.038132,-0.646843,0.476859,-0.000061,1.000003,0.019621,0.530177,0.690752,0.676511,0.678844
7.7039,151.9380,Navigation mode=main_legacy; global laser obstacle layer=enabled (failed pickup: return to recognition navigation),-0.000094,6.032377,-0.626844,0.496859,-0.000062,1.000003,0.019844,0.531718,0.689601,0.675452,0.677759
7.7249,151.9580,Navigation mode=main_legacy; global laser obstacle layer=enabled (failed pickup: return to recognition navigation),-0.000094,6.026623,-0.606844,0.516859,-0.000062,1.000003,0.019621,0.536061,0.688050,0.674200,0.676421
7.7454,151.9780,Navigation mode=main_legacy; global laser obstacle layer=enabled (failed pickup: return to recognition navigation),-0.000094,6.020872,-0.586845,0.536859,-0.000063,1.000003,0.019621,0.538721,0.686483,0.672844,0.675005
7.7644,151.9980,Navigation mode=main_legacy; global laser obstacle layer=enabled (failed pickup: return to recognition navigation),-0.000094,6.015127,-0.566845,0.556859,-0.000063,1.000003,0.019999,0.541192,0.684240,0.670824,0.672923
7.7840,152.0180,Navigation mode=main_legacy; global laser obstacle layer=enabled (failed pickup: return to recognition navigation),-0.000094,6.009390,-0.546846,0.576858,-0.000063,1.000003,0.019621,0.542356,0.683871,0.670568,0.672638
7.8041,152.0380,Navigation mode=main_legacy; global laser obstacle layer=enabled (failed pickup: return to recognition navigation),-0.000094,6.003665,-0.526846,0.596858,-0.000064,1.000003,0.019621,0.545560,0.680944,0.668003,0.669972
7.8240,152.0580,Navigation mode=main_legacy; global laser obstacle layer=enabled (failed pickup: return to recognition navigation),-0.000094,5.997954,-0.506847,0.616858,-0.000064,1.000003,0.019999,0.547454,0.678283,0.665596,0.667497
7.8431,152.0780,Navigation mode=main_legacy; global laser obstacle layer=enabled (failed pickup: return to recognition navigation),-0.000094,5.992259,-0.486847,0.636858,-0.000064,1.000003,0.019621,0.548328,0.677704,0.665146,0.667015
7.8635,152.0980,Navigation mode=main_legacy; global laser obstacle layer=enabled (failed pickup: return to recognition navigation),-0.000094,5.986584,-0.466848,0.656858,-0.000064,1.000003,0.019621,0.550657,0.674154,0.662005,0.663764
7.8838,152.1180,Navigation mode=main_legacy; global laser obstacle layer=enabled (failed pickup: return to recognition navigation),-0.000094,5.980931,-0.446848,0.676858,-0.000065,1.000003,0.019844,0.551335,0.672395,0.660382,0.662107
7.9042,152.1380,Navigation mode=main_legacy; global laser obstacle layer=enabled (failed pickup: return to recognition navigation),-0.000094,5.975303,-0.426849,0.696858,-0.000065,1.000003,0.019844,0.553073,0.668441,0.656868,0.658475
7.9249,152.1580,Navigation mode=main_legacy; global laser obstacle layer=enabled (failed pickup: return to recognition navigation),-0.000094,5.969702,-0.406849,0.716858,-0.000065,1.000003,0.019621,0.553984,0.666139,0.654875,0.656403
7.9440,152.1780,Navigation mode=main_legacy; global laser obstacle layer=enabled (failed pickup: return to recognition navigation),-0.000094,5.964132,-0.386850,0.736858,-0.000065,1.000003,0.019999,0.554697,0.662667,0.651719,0.653165
7.9636,152.1980,Navigation mode=main_legacy; global laser obstacle layer=enabled (failed pickup: return to recognition navigation),-0.000094,5.958594,-0.366850,0.756858,-0.000065,1.000003,0.019844,0.555212,0.659631,0.649004,0.650368
7.9854,152.2180,Navigation mode=main_legacy; global laser obstacle layer=enabled (failed pickup: return to recognition navigation),-0.000094,5.953093,-0.346851,0.776858,-0.000065,1.000003,0.019621,0.555528,0.656925,0.646640,0.647918
8.0035,152.2380,Navigation mode=main_legacy; global laser obstacle layer=enabled (failed pickup: return to recognition navigation),-0.000094,5.947629,-0.326851,0.796858,-0.000066,1.000003,0.019999,0.555611,0.654744,0.644628,0.645865
8.0232,152.2580,Navigation mode=main_legacy; global laser obstacle layer=enabled (failed pickup: return to recognition navigation),-0.000094,5.942207,-0.306852,0.816858,-0.000066,1.000003,0.019621,0.555629,0.651880,0.642117,0.643266
8.0431,152.2780,Navigation mode=main_legacy; global laser obstacle layer=enabled (failed pickup: return to recognition navigation),-0.000095,5.936829,-0.286852,0.836858,-0.000066,1.000003,0.019999,0.555449,0.647829,0.638426,0.639484
8.0631,152.2980,Navigation mode=main_legacy; global laser obstacle layer=enabled (failed pickup: return to recognition navigation),-0.000095,5.931497,-0.266853,0.856858,-0.000066,1.000003,0.019844,0.555071,0.644223,0.635187,0.636153
8.0840,152.3180,Navigation mode=main_legacy; global laser obstacle layer=enabled (failed pickup: return to recognition navigation),-0.000095,5.926214,-0.246853,0.876858,-0.000066,1.000003,0.019621,0.554496,0.640937,0.632288,0.633159
8.1043,152.3380,Navigation mode=main_legacy; global laser obstacle layer=enabled (failed pickup: return to recognition navigation),-0.000102,5.920846,-0.226916,0.896830,-0.000066,1.000004,0.019999,0.553720,0.636471,0.628224,0.628997
8.1284,152.3580,Navigation mode=main_legacy; global laser obstacle layer=enabled (failed pickup: return to recognition navigation),-0.000101,5.915817,-0.206855,0.916856,-0.000041,1.000000,0.019999,0.552192,0.630404,0.622762,0.623389
8.1445,152.3780,Navigation mode=main_legacy; global laser obstacle layer=enabled (failed pickup: return to recognition navigation),-0.000098,5.910691,-0.186856,0.936858,-0.000043,1.000001,0.019844,0.550935,0.626261,0.619028,0.619555
8.1675,152.3980,Navigation mode=main_legacy; global laser obstacle layer=enabled (failed pickup: return to recognition navigation),-0.000097,5.905631,-0.166856,0.956858,-0.000046,1.000002,0.019621,0.549485,0.622430,0.615626,0.616050
8.1847,152.4180,Navigation mode=main_legacy; global laser obstacle layer=enabled (failed pickup: return to recognition navigation),-0.000096,5.900634,-0.146857,0.976858,-0.000049,1.000002,0.019844,0.548688,0.619761,0.613164,0.613539
8.2038,152.4380,Navigation mode=main_legacy; global laser obstacle layer=enabled (failed pickup: return to recognition navigation),-0.000096,5.895704,-0.126857,0.996858,-0.000052,1.000002,0.019621,0.546952,0.615756,0.609604,0.609872
8.2247,152.4580,Navigation mode=main_legacy; global laser obstacle layer=enabled (failed pickup: return to recognition navigation),-0.000096,5.890842,-0.106858,1.016859,-0.000054,1.000002,0.019999,0.545027,0.610646,0.604940,0.605100
8.2447,152.4780,Navigation mode=main_legacy; global laser obstacle layer=enabled (failed pickup: return to recognition navigation),-0.000096,5.886050,-0.086858,1.036859,-0.000056,1.000002,0.019999,0.541791,0.603563,0.598547,0.598540
8.2634,152.4980,Navigation mode=main_legacy; global laser obstacle layer=enabled (failed pickup: return to recognition navigation),-0.000096,5.881333,-0.066858,1.056859,-0.000057,1.000002,0.019621,0.540620,0.601668,0.596887,0.596828
8.2849,152.5180,Navigation mode=main_legacy; global laser obstacle layer=enabled (failed pickup: return to recognition navigation),-0.000096,5.876691,-0.046859,1.076859,-0.000059,1.000002,0.019999,0.538142,0.596244,0.591936,0.591764
8.3054,152.5380,Navigation mode=main_legacy; global laser obstacle layer=enabled (failed pickup: return to recognition navigation),-0.000096,5.872129,-0.026860,1.096860,-0.000060,1.000002,0.019999,0.534089,0.588699,0.585123,0.584775
8.3246,152.5580,Navigation mode=main_legacy; global laser obstacle layer=enabled (failed pickup: return to recognition navigation),-0.000096,5.867648,-0.006864,1.116860,-0.000061,1.000002,0.019621,0.531167,0.584069,0.580993,0.580529
8.3451,152.5780,Navigation mode=main_legacy; global laser obstacle layer=enabled (failed pickup: return to recognition navigation),-0.000096,5.863252,0.013128,1.136860,-0.000062,1.000002,0.019621,0.528071,0.578821,0.576251,0.575669
8.3640,152.5980,Navigation mode=main_legacy; global laser obstacle layer=enabled (failed pickup: return to recognition navigation),-0.000096,5.858943,0.033139,1.156860,-0.000063,1.000002,0.019999,0.526460,0.575648,0.573329,0.572691
8.3855,152.6180,Navigation mode=main_legacy; global laser obstacle layer=enabled (failed pickup: return to recognition navigation),-0.000095,5.854724,0.053139,1.176861,-0.000064,1.000002,0.019844,0.523112,0.570334,0.568519,0.567763
8.4054,152.6380,Navigation mode=main_legacy; global laser obstacle layer=enabled (failed pickup: return to recognition navigation),-0.000096,5.850598,0.073138,1.196861,-0.000065,1.000002,0.019621,0.517782,0.562562,0.561544,0.560602
8.4268,152.6580,Navigation mode=main_legacy; global laser obstacle layer=enabled (failed pickup: return to recognition navigation),-0.000096,5.846567,0.093138,1.216861,-0.000066,1.000002,0.019999,0.514029,0.556467,0.555982,0.554918
8.4453,152.6780,Navigation mode=main_legacy; global laser obstacle layer=enabled (failed pickup: return to recognition navigation),-0.000096,5.842634,0.113138,1.236862,-0.000066,1.000002,0.019844,0.510120,0.550875,0.550928,0.549742
8.4637,152.6980,Navigation mode=main_legacy; global laser obstacle layer=enabled (failed pickup: return to recognition navigation),-0.000096,5.838802,0.133137,1.256862,-0.000067,1.000002,0.019621,0.508109,0.548462,0.548799,0.547553
8.4863,152.7180,Navigation mode=main_legacy; global laser obstacle layer=enabled (failed pickup: return to recognition navigation),-0.000096,5.835073,0.153137,1.276862,-0.000068,1.000002,0.019999,0.501853,0.539281,0.540451,0.539014
8.5048,152.7380,Navigation mode=main_legacy; global laser obstacle layer=enabled (failed pickup: return to recognition navigation),-0.000096,5.831450,0.173136,1.296863,-0.000069,1.000001,0.019844,0.497503,0.533490,0.535217,0.533655
8.5243,152.7580,Navigation mode=main_legacy; global laser obstacle layer=enabled (failed pickup: return to recognition navigation),-0.000095,5.827936,0.193136,1.316863,-0.000070,1.000001,0.019999,0.495275,0.530468,0.532485,0.530862
8.5450,152.7780,Navigation mode=main_legacy; global laser obstacle layer=enabled (failed pickup: return to recognition navigation),-0.000095,5.824534,0.213135,1.336863,-0.000072,1.000001,0.019999,0.488392,0.521528,0.524408,0.522590
8.5639,152.7980,Navigation mode=main_legacy; global laser obstacle layer=enabled (failed pickup: return to recognition navigation),-0.000095,5.821246,0.233135,1.356864,-0.000073,1.000001,0.019621,0.486033,0.519031,0.522203,0.520325
8.5850,152.8180,Navigation mode=main_legacy; global laser obstacle layer=enabled (failed pickup: return to recognition navigation),-0.000095,5.818075,0.253134,1.376864,-0.000074,1.000001,0.019999,0.478769,0.509442,0.513488,0.511413
8.6062,152.8380,Navigation mode=main_legacy; global laser obstacle layer=enabled (failed pickup: return to recognition navigation),-0.000095,5.815023,0.273134,1.396865,-0.000075,1.000001,0.019999,0.473777,0.503336,0.507971,0.505768
8.6243,152.8580,Navigation mode=main_legacy; global laser obstacle layer=enabled (failed pickup: return to recognition navigation),-0.000095,5.812094,0.293134,1.416865,-0.000077,1.000001,0.019621,0.471239,0.500778,0.505711,0.503448
8.6452,152.8780,Navigation mode=main_legacy; global laser obstacle layer=enabled (failed pickup: return to recognition navigation),-0.000095,5.809291,0.313133,1.436866,-0.000078,1.000001,0.019621,0.463463,0.491542,0.497369,0.494909
8.6641,152.8980,Navigation mode=main_legacy; global laser obstacle layer=enabled (failed pickup: return to recognition navigation),-0.000095,5.806615,0.333133,1.456866,-0.000080,1.000001,0.019999,0.458152,0.484852,0.491271,0.488683
8.6846,152.9180,Navigation mode=main_legacy; global laser obstacle layer=enabled (failed pickup: return to recognition navigation),-0.000095,5.804069,0.353132,1.476867,-0.000082,1.000001,0.019621,0.455461,0.482260,0.488980,0.486333
8.7043,152.9380,Navigation mode=main_legacy; global laser obstacle layer=enabled (failed pickup: return to recognition navigation),-0.000095,5.801657,0.373132,1.496867,-0.000083,1.000001,0.019999,0.450010,0.475551,0.482867,0.480092
8.7274,152.9580,Navigation mode=main_legacy; global laser obstacle layer=enabled (failed pickup: return to recognition navigation),-0.000095,5.799381,0.393132,1.516868,-0.000085,1.000001,0.019999,0.441677,0.466242,0.474459,0.471491
8.7474,152.9780,Navigation mode=main_legacy; global laser obstacle layer=enabled (failed pickup: return to recognition navigation),-0.000095,5.797243,0.413131,1.536868,-0.000087,1.000001,0.019844,0.436026,0.460117,0.468924,0.465833
8.7658,152.9980,Navigation mode=main_legacy; global laser obstacle layer=enabled (failed pickup: return to recognition navigation),-0.000095,5.795247,0.433131,1.556869,-0.000089,1.000001,0.019999,0.433175,0.456949,0.466060,0.462909
8.7877,153.0180,Navigation mode=main_legacy; global laser obstacle layer=enabled (failed pickup: return to recognition navigation),-0.000095,5.793395,0.453131,1.576869,-0.000090,1.000001,0.019999,0.424526,0.447698,0.457702,0.454363
8.8072,153.0380,Navigation mode=main_legacy; global laser obstacle layer=enabled (failed pickup: return to recognition navigation),-0.000095,5.791690,0.473130,1.596870,-0.000092,1.000001,0.019844,0.418692,0.441641,0.452225,0.448769
8.8270,153.0580,Navigation mode=main_legacy; global laser obstacle layer=enabled (failed pickup: return to recognition navigation),-0.000095,5.790134,0.493130,1.616871,-0.000094,1.000001,0.019999,0.415757,0.438517,0.449399,0.445887
8.8475,153.0780,Navigation mode=main_legacy; global laser obstacle layer=enabled (failed pickup: return to recognition navigation),-0.000095,5.788731,0.513130,1.636871,-0.000096,1.000000,0.019999,0.406891,0.429437,0.441187,0.437496
8.8667,153.0980,Navigation mode=main_legacy; global laser obstacle layer=enabled (failed pickup: return to recognition navigation),-0.000095,5.787483,0.533129,1.656872,-0.000098,1.000000,0.019844,0.400939,0.423525,0.435835,0.432034
8.8867,153.1180,Navigation mode=main_legacy; global laser obstacle layer=enabled (failed pickup: return to recognition navigation),-0.000095,5.786392,0.553129,1.676873,-0.000100,1.000000,0.019999,0.397954,0.420487,0.433081,0.429229
8.9072,153.1380,Navigation mode=main_legacy; global laser obstacle layer=enabled (failed pickup: return to recognition navigation),-0.000105,5.785333,0.573058,1.690468,-0.000102,0.999991,0.019999,0.392307,0.414326,0.427399,0.423454
8.9296,153.1580,Navigation mode=main_legacy; global laser obstacle layer=enabled (failed pickup: return to recognition navigation),-0.000099,5.784705,0.593127,1.693889,-0.000107,1.000001,0.019621,0.390553,0.412901,0.426114,0.422148
8.9563,153.1780,Navigation mode=main_legacy; global laser obstacle layer=enabled (failed pickup: return to recognition navigation),-0.000096,5.784095,0.613126,1.696536,-0.000109,1.000000,0.019621,0.387090,0.409079,0.422565,0.418543
8.9742,153.1980,Navigation mode=main_legacy; global laser obstacle layer=enabled (failed pickup: return to recognition navigation),-0.000096,5.783661,0.633126,1.698443,-0.000110,1.000000,0.019999,0.382008,0.402951,0.416826,0.412720
8.9937,153.2180,Navigation mode=main_legacy; global laser obstacle layer=enabled (failed pickup: return to recognition navigation),-0.000095,5.783399,0.653126,1.699596,-0.000110,1.000000,0.019621,0.378697,0.399784,0.413905,0.409751
9.0144,153.2380,Navigation mode=main_legacy; global laser obstacle layer=enabled (failed pickup: return to recognition navigation),-0.000095,5.783311,0.673126,1.699983,-0.000111,1.000000,0.019999,0.377053,0.397450,0.411684,0.407510
9.0337,153.2580,Navigation mode=main_legacy; global laser obstacle layer=enabled (failed pickup: return to recognition navigation),-0.000095,5.783311,0.693126,1.699984,-0.000111,1.000000,0.019844,0.373741,0.393871,0.408335,0.404115
9.0551,153.2780,Navigation mode=main_legacy; global laser obstacle layer=enabled (failed pickup: return to recognition navigation),-0.000095,5.783311,0.713126,1.699985,-0.000112,1.000000,0.019844,0.368717,0.388403,0.403216,0.398923
9.0739,153.2980,Navigation mode=main_legacy; global laser obstacle layer=enabled (failed pickup: return to recognition navigation),-0.000095,5.783311,0.733126,1.699986,-0.000112,1.000000,0.019621,0.365332,0.385201,0.400250,0.395912
9.0944,153.3180,Navigation mode=main_legacy; global laser obstacle layer=enabled (failed pickup: return to recognition navigation),-0.000095,5.783311,0.753125,1.699987,-0.000113,1.000000,0.019999,0.361920,0.381059,0.396330,0.391947
9.1142,153.3380,Navigation mode=main_legacy; global laser obstacle layer=enabled (failed pickup: return to recognition navigation),-0.000095,5.783311,0.773125,1.699989,-0.000113,1.000000,0.019844,0.358484,0.377503,0.392988,0.388564
9.1354,153.3580,Navigation mode=main_legacy; global laser obstacle layer=enabled (failed pickup: return to recognition navigation),-0.000095,5.783311,0.793125,1.699990,-0.000114,1.000000,0.019621,0.355023,0.374327,0.390035,0.385569
9.1551,153.3780,Navigation mode=main_legacy; global laser obstacle layer=enabled (failed pickup: return to recognition navigation),-0.000095,5.783311,0.813125,1.699991,-0.000114,1.000000,0.019999,0.351540,0.370213,0.386132,0.381624
9.1736,153.3980,Navigation mode=main_legacy; global laser obstacle layer=enabled (failed pickup: return to recognition navigation),-0.000095,5.783311,0.833125,1.699992,-0.000115,1.000000,0.019844,0.349791,0.368483,0.384499,0.379976
9.1940,153.4180,Navigation mode=main_legacy; global laser obstacle layer=enabled (failed pickup: return to recognition navigation),-0.000095,5.783311,0.853125,1.699993,-0.000115,1.000000,0.019621,0.344513,0.363555,0.379887,0.375302
9.2144,153.4380,Navigation mode=main_legacy; global laser obstacle layer=enabled (failed pickup: return to recognition navigation),-0.000095,5.783311,0.873125,1.699994,-0.000116,1.000000,0.019999,0.340971,0.359486,0.376015,0.371392
9.2330,153.4580,Initial arm pose restored; restarting visual recognition,-0.000095,5.783311,0.893125,1.699995,-0.000116,1.000000,0.019621,0.339194,0.358224,0.374849,0.370213
9.2545,153.4780,Initial arm pose restored; restarting visual recognition,-0.000095,5.783311,0.913125,1.699996,-0.000117,1.000000,0.019999,0.335628,0.354184,0.370999,0.366325
9.2741,153.4980,Initial arm pose restored; restarting visual recognition,-0.000095,5.783311,0.933124,1.699997,-0.000117,1.000000,0.019999,0.330251,0.348931,0.366023,0.361295
9.2947,153.5180,Initial arm pose restored; restarting visual recognition,-0.000095,5.783311,0.953124,1.699998,-0.000118,1.000000,0.019621,0.328452,0.347704,0.364884,0.360145
9.3145,153.5380,Initial arm pose restored; restarting visual recognition,-0.000096,5.783311,0.973124,1.700000,-0.000118,1.000000,0.019621,0.324847,0.344246,0.361598,0.356828
9.3343,153.5580,Initial arm pose restored; restarting visual recognition,-0.000096,5.783311,0.993124,1.700001,-0.000118,1.000000,0.019844,0.321230,0.340370,0.357885,0.353084
9.3568,153.5780,Initial arm pose restored; restarting visual recognition,-0.000096,5.783311,1.013124,1.700002,-0.000119,1.000000,0.019621,0.315790,0.335737,0.353494,0.348648
9.3746,153.5980,Initial arm pose restored; restarting visual recognition,-0.000096,5.783312,1.033124,1.700003,-0.000119,1.000000,0.019621,0.313973,0.334056,0.351886,0.347031
9.3945,153.6180,Initial arm pose restored; restarting visual recognition,-0.000096,5.783312,1.053124,1.700004,-0.000120,1.000000,0.019999,0.310335,0.330212,0.348188,0.343305
9.4162,153.6380,Initial arm pose restored; restarting visual recognition,-0.000096,5.783312,1.073124,1.700005,-0.000120,1.000000,0.019844,0.304869,0.325350,0.343527,0.338608
9.4345,153.6580,Initial arm pose restored; restarting visual recognition,-0.000096,5.783312,1.093124,1.700007,-0.000120,1.000000,0.019999,0.301223,0.322062,0.340366,0.335426
9.4563,153.6780,Initial arm pose restored; restarting visual recognition,-0.000096,5.783312,1.113124,1.700008,-0.000121,1.000000,0.019999,0.297575,0.318874,0.337294,0.332335
9.4748,153.6980,Initial arm pose restored; restarting visual recognition,-0.000096,5.783312,1.133124,1.700009,-0.000121,1.000000,0.019621,0.293928,0.316255,0.334779,0.329806
9.4947,153.7180,Initial arm pose restored; restarting visual recognition,-0.000096,5.783312,1.153124,1.700010,-0.000121,1.000000,0.019999,0.290284,0.312647,0.331270,0.326278
9.5155,153.7380,Initial arm pose restored; restarting visual recognition,-0.000096,5.783312,1.173124,1.700011,-0.000121,1.000000,0.019844,0.286642,0.309663,0.328372,0.323366
9.5348,153.7580,Initial arm pose restored; restarting visual recognition,-0.000096,5.783312,1.193124,1.700013,-0.000122,1.000000,0.019844,0.283006,0.306677,0.325463,0.320445
9.5554,153.7780,Initial arm pose restored; restarting visual recognition,-0.000096,5.783312,1.213124,1.700014,-0.000122,1.000000,0.019621,0.281191,0.305675,0.324493,0.319475
9.5749,153.7980,Initial arm pose restored; restarting visual recognition,-0.000096,5.783312,1.233124,1.700015,-0.000123,1.000000,0.019999,0.275755,0.300836,0.319742,0.314711
9.5955,153.8180,Initial arm pose restored; restarting visual recognition,-0.000096,5.783312,1.253124,1.700016,-0.000123,1.000000,0.019844,0.272143,0.298083,0.317029,0.311996
9.6205,153.8380,Initial arm pose restored; restarting visual recognition,-0.000096,5.783312,1.273124,1.700017,-0.000123,1.000000,0.019621,0.270919,0.297622,0.316575,0.311545
9.6403,153.8580,Initial arm pose restored; restarting visual recognition,-0.000096,5.783311,1.279913,1.700018,-0.000123,1.000000,0.019999,0.270919,0.297094,0.316049,0.311017
9.6561,153.8780,Initial arm pose restored; restarting visual recognition,-0.000096,5.783311,1.279913,1.700018,-0.000123,1.000000,0.019621,0.270920,0.297617,0.316568,0.311539
9.6753,153.8980,Initial arm pose restored; restarting visual recognition,-0.000096,5.783311,1.279913,1.700018,-0.000123,1.000000,0.019621,0.270920,0.297612,0.316561,0.311532
9.6945,153.9180,Initial arm pose restored; restarting visual recognition,-0.000096,5.783311,1.279913,1.700018,-0.000123,1.000000,0.019844,0.270920,0.297132,0.316083,0.311052
9.7155,153.9380,Initial arm pose restored; restarting visual recognition,-0.000096,5.783311,1.279913,1.700018,-0.000123,1.000000,0.019844,0.270879,0.297080,0.316041,0.311006
9.7350,153.9580,Initial arm pose restored; restarting visual recognition,-0.000102,5.783339,1.279905,1.700024,-0.000132,1.000003,0.019621,0.270883,0.297553,0.316508,0.311481
9.7594,153.9780,Navigating to 左侧 visual observation pose: (-1.5107; -0.4458; 3.1412),-0.000098,5.783317,1.279912,1.700020,-0.000129,1.000001,0.019999,0.270890,0.297029,0.315982,0.310957
9.7757,153.9980,Navigating to 左侧 visual observation pose: (-1.5107; -0.4458; 3.1412),-0.000097,5.783312,1.279911,1.700018,-0.000128,1.000001,0.019621,0.270892,0.297554,0.316502,0.311480
9.7951,154.0180,Navigating to 左侧 visual observation pose: (-1.5107; -0.4458; 3.1412),-0.000097,5.783311,1.279911,1.700018,-0.000127,1.000001,0.019621,0.270893,0.297549,0.316497,0.311475
9.8163,154.0380,Navigating to 左侧 visual observation pose: (-1.5107; -0.4458; 3.1412),-0.014698,5.770729,1.274274,1.700705,-0.020779,1.007719,0.019999,0.267093,0.296332,0.303408,0.304081
9.8349,154.0580,Navigating to 左侧 visual observation pose: (-1.5107; -0.4458; 3.1412),-0.022096,5.774058,1.273417,1.699538,-0.055775,1.006832,0.019621,0.266416,0.302912,0.304058,0.309744
9.8570,154.0780,Navigating to 左侧 visual observation pose: (-1.5107; -0.4458; 3.1412),-0.050048,5.769067,1.274549,1.697584,-0.077184,1.006338,0.019621,0.262510,0.347346,0.398713,0.371589
9.8752,154.0980,Navigating to 左侧 visual observation pose: (-1.5107; -0.4458; 3.1412),-0.073657,5.757346,1.270081,1.693762,-0.091033,1.007231,0.019999,0.260663,0.386839,0.392096,0.406332
9.8956,154.1180,Navigating to 左侧 visual observation pose: (-1.5107; -0.4458; 3.1412),-0.090618,5.750583,1.264589,1.690131,-0.100594,1.006508,0.019844,0.260549,0.428169,0.410269,0.413154
9.9156,154.1380,Navigating to 左侧 visual observation pose: (-1.5107; -0.4458; 3.1412),-0.100030,5.758674,1.266174,1.690316,-0.100303,1.005135,0.019621,0.262172,0.465800,0.485695,0.488447
9.9353,154.1580,Navigating to 左侧 visual observation pose: (-1.5107; -0.4458; 3.1412),-0.100240,5.756677,1.266218,1.689477,-0.095042,1.005830,0.019999,0.263581,0.476192,0.476175,0.455928
9.9559,154.1780,Navigating to 左侧 visual observation pose: (-1.5107; -0.4458; 3.1412),-0.096235,5.755693,1.266031,1.689396,-0.091567,1.003758,0.019844,0.267038,0.531598,0.533786,0.539415
9.9757,154.1980,Navigating to 左侧 visual observation pose: (-1.5107; -0.4458; 3.1412),-0.069634,5.779735,1.269733,1.695291,-0.056116,0.999776,0.019621,0.269355,0.568614,0.580693,0.546383
9.9950,154.2180,Navigating to 左侧 visual observation pose: (-1.5107; -0.4458; 3.1412),-0.053042,5.780924,1.273318,1.696802,-0.036316,0.999910,0.019999,0.270198,0.582383,0.584756,0.597457
10.0153,154.2380,Navigating to 左侧 visual observation pose: (-1.5107; -0.4458; 3.1412),-0.037832,5.783640,1.275686,1.698524,-0.020916,0.999214,0.019844,0.271409,0.617353,0.619474,0.635273
